,"Port1,Warehouse1","Port1,Warehouse2","Port1,Warehouse3","Port1,Warehouse4","Port1,Warehouse5","Port1,Warehouse6","Port1,Warehouse7","Port2,Warehouse1","Port2,Warehouse2","Port2,Warehouse3","Port2,Warehouse4","Port2,Warehouse5","Port2,Warehouse6","Port2,Warehouse7","Port3,Warehouse1","Port3,Warehouse2","Port3,Warehouse3","Port3,Warehouse4","Port3,Warehouse5","Port3,Warehouse6","Port3,Warehouse7"
Commodity_1,0.7146745023927643,0.4996620526945217,0.5105382650834777,0.18403703926793102,0.8322887406262721,0.2738505016167352,0.43401568657201817,0.5506131931852375,0.8497071074456218,0.9454333438433687,0.8575911296617437,0.4871630693846465,0.1670916049465474,0.7633777638565334,0.7749305764227896,0.36069124961509913,0.44417589353792053,0.4905334545351542,0.4422506798631062,0.43324282814493253,0.2741270805497841
Commodity_2,0.22042085099519304,0.1683121241042539,0.6791714841855319,0.8970090831872936,0.25951333978422786,0.9330135672784591,0.413427301995443,0.9217645548700124,0.9565841613798037,0.8772301861547711,0.3297276844659608,0.3900747434132489,0.3529467671022245,0.7485619143803096,0.2437884945070815,0.2489490910121428,0.4770346039687864,0.11740556038789618,0.8455225637043849,0.0922916762447007,0.7926811847590883
Commodity_3,0.4338294820421945,0.17717862752012015,0.16304689244175818,0.15225231958103858,0.8006266083602793,0.8672587239817874,0.4857011778892064,0.4672133874675418,0.2758964960572695,0.7910068847525311,0.5460067223189713,0.9561932080863093,0.2849477878357103,0.18205525325971883,0.9010809191840858,0.7441471628413111,0.9714989771432958,0.7069521993433885,0.9648426241223325,0.09454187278381354,0.464269254781875
Commodity_4,0.35770738579527583,0.4323896856217492,0.11867011063966626,0.9211264515533808,0.4541612401264523,0.6515421012721877,0.6167353332090443,0.9275035177008268,0.473554720363918,0.7538905255670311,0.4986886892878807,0.41712915272429674,0.458451678871168,0.001449218641601857,0.2396270087417267,0.7799144605168387,0.18867521540068277,0.07611519588957527,0.9557147708693109,0.08852284812254874,0.3471265872542797
Commodity_5,0.3972689066326245,0.9297787543236221,0.9883532317133426,0.8939980272569031,0.3529214442497126,0.22634688354182098,0.4943118419692677,0.5913089671328863,0.48163930337388716,0.327457632815223,0.9203050108682046,0.8638887633369592,0.5076093160770138,0.13050031367794757,0.44821782167637725,0.14199032158196645,0.6403381537757198,0.6782587619582232,0.5405573932069724,0.551087793807794,0.3936268983236081
Commodity_6,0.5279858168904836,0.030923642436386123,0.28135954989458745,0.14038907548557822,0.46543883612093884,0.3854165655387376,0.4955118191788923,0.3692539395878601,0.7179169539727189,0.7620983639142889,0.6180857785512527,0.11199424152752202,0.28060918001123325,0.5266806536137968,0.39583239936322767,0.44559931121051055,0.8822904757058246,0.7236443058575087,0.06873063136124247,0.12468260263110365,0.10343390308035827
Commodity_7,0.6181947345292659,0.1807038294839166,0.24663150290034574,0.19242309646692612,0.012588488733838221,0.48646069211317433,0.10870998030233858,0.6311540436144516,0.5243909552222649,0.33365774873776843,0.23798932870440126,0.30937283222842604,0.7610013741217193,0.35543629153909473,0.6487094235073521,0.5218440044041678,0.02354383126713433,0.8476787353054024,0.528867962657863,0.016179758370784447,0.8349568674709543
Commodity_8,0.8771845191275358,0.7183461311390761,0.05456673256240585,0.4009227465156787,0.6316385328138665,0.15378201078771947,0.34551860898884235,0.31751484918248185,0.37728113136349595,0.8519790183129676,0.14359681980187222,0.1417150258190506,0.8353662326839314,0.8318726795965353,0.7644730214688622,0.06976303220677582,0.02615595511707003,0.13021587705368953,0.8597668072517525,0.36162764426861826,0.7956590595041366
Commodity_9,0.6960980618605379,0.7522687698731731,0.8154259358312576,0.6538182110642395,0.9857158862039651,0.3805490901764117,0.8963761261766878,0.3765312416301305,0.03859044499148778,0.0952598922743797,0.7536876894187532,0.7001258352344627,0.2978329163170963,0.6221894749690445,0.3576416224012319,0.4041723872611618,0.8207638946190765,0.30422149348044625,0.1897144669994696,0.016087617893876915,0.2572560209860264
Commodity_10,0.8003909477356287,0.770212445950801,0.4696653632822886,0.18183280252332445,0.3652578058631166,0.44522208264739915,0.00017457638484985605,0.0757059549696103,0.253916987365177,0.4176941714205844,0.79161547765445,0.14145646962950753,0.8085134867583188,0.6007805206280917,0.4381513640040846,0.9583574436173223,0.17708233793645878,0.09591706629528873,0.6361884163712929,0.20090451510730822,0.816766260603995
Commodity_11,0.18700245487746725,0.36870090716502557,0.266627882717275,0.8288366190603788,0.023457656012019767,0.9392922479156388,0.6629780933583368,0.5327761808132687,0.4486954198015083,0.32015163967905824,0.8589976780588501,0.09319304277902674,0.9384855005336428,0.9398352231342666,0.868267358885301,0.7929569149776534,0.23590661067381968,0.9270928378429809,0.7840103447437495,0.08445045140309837,0.6395782213855515
Commodity_12,0.9220889952495219,0.06595470818374072,0.2768087491849629,0.15311944173083758,0.02213327891022332,0.5291793423715538,0.8513108464797754,0.6886537931708447,0.546937430668483,0.6686381917595082,0.6099892632218649,0.30136102623000494,0.691335099257437,0.54797180754471,0.37194707607997535,0.6600146377312197,0.9877674030251292,0.2835978217316485,0.9527531238840349,0.09599921730838745,0.4937654439563969
Commodity_13,0.6036915984175222,0.38643028202776264,0.75237749869824,0.599170584070348,0.38921078727296976,0.22752428181810624,0.6620235108463413,0.2142491466667683,0.7801147247118088,0.7796942393439795,0.4118221083510666,0.33100701711101965,0.7458096667932224,0.7860093053529947,0.6236287068048257,0.5574687831352628,0.9205388202834507,0.25436949480793813,0.7138369985410336,0.6131728614650248,0.6479611455474283
Commodity_14,0.2227311475177426,0.7542419186902917,0.4860369723685867,0.8872425554003018,0.5847529635339014,0.13050670413188104,0.04172778922566822,0.317057332634596,0.6095165348200206,0.4113951151066372,0.9354828101215719,0.8718021703193162,0.2359931320459181,0.018388475772395108,0.7026547165764485,0.4963514897167014,0.27378553509463077,0.7535307661383953,0.06216837693381794,0.5245312907309392,0.5467857036665525
Commodity_15,0.7364610521069579,0.7170406114268285,0.050055661190209766,0.29404515370349693,0.9585989075835283,0.09132860887003724,0.6823671776293387,0.03782634955341457,0.5135373904853628,0.315750987195222,0.9895077267375054,0.9420352947018238,0.10388366442411179,0.04626813151072162,0.9914014185451259,0.6808137293661765,0.7803187312896451,0.6366661437450736,0.8165103362289389,0.5442948275019441,0.012764912000418627
Commodity_16,0.18606376832163873,0.9498064333108742,0.46224127644113056,0.4769414607467729,0.7151590463095573,0.18322134055055372,0.885491866397347,0.7044417412218696,0.7875827717312542,0.12271168442348301,0.9243160853297282,0.20370464027819501,0.9125004536414933,0.012506804857174925,0.07134867885574714,0.5834016393082231,0.31263907787592093,0.21348940102742953,0.6367320862506012,0.05917950849925868,0.23125862070678616
Commodity_17,0.9177812216075933,0.3157596670619629,0.951408159470756,0.8452461602154532,0.7368452064403544,0.5186552390503069,0.8594590621085685,0.9045092595193405,0.9018294305833031,0.7365645632108869,0.6923796078454815,0.18660985046048661,0.0581682484192767,0.7355138222502826,0.18344060112560934,0.4834749695651924,0.2566376235339467,0.02237957635748733,0.9869900136367209,0.6923859131747532,0.24563866677408774
Commodity_18,0.04459004625574381,0.1435206800323291,0.8821953519179693,0.072244078612557,0.18409265250131224,0.6838512986107292,0.7713725040809034,0.6408023833040769,0.7457905424261834,0.7691649048877045,0.25563496244691875,0.35570302366942375,0.42224350863246674,0.49423660923999424,0.3550050982748211,0.9425899551414807,0.23209325594015418,0.6964588668886015,0.39452576303332454,0.19237990157498264,0.13473257984363385
Commodity_19,0.25457131850887715,0.2777856861090191,0.321607208693926,0.19664221704028584,0.9907189267550771,0.02732276795614852,0.741074896334683,0.43048808877584976,0.3372259279868902,0.5740362316763762,0.6543068296382152,0.3861174360963999,0.8746756369423783,0.0038571587843531097,0.8545906429302974,0.5175144772133086,0.1079242024668039,0.2472997671894619,0.6453675787285263,0.3621154279169151,0.21195719357146925
Commodity_20,0.7330464290407943,0.22872869139498686,0.7907784445519797,0.524275979982871,0.7067132063796336,0.22582082772520262,0.7248059762943873,0.752727895141499,0.9991007539825267,0.350957374009534,0.6495370295353091,0.2087862826427107,0.96069651558667,0.22397689662585885,0.8813643416434943,0.29425264382181304,0.1909363429122536,0.8634039524520827,0.9251489862081762,0.6817548711571981,0.5555662027069468
Commodity_21,0.10708545825747162,0.09406669104477983,0.18020586841265207,0.22205620148197158,0.41321575471394945,0.47163629641574156,0.5524793900518445,0.3794023612603734,0.37402893615495447,0.33756907838048844,0.6155797344336847,0.36916656399044856,0.9248290788293845,0.30280646446292525,0.7830229021237352,0.33737337944210843,0.9660533978491956,0.4767631968457575,0.6185520644187977,0.9016721054863949,0.41853304469118546
Commodity_22,0.39975570699750507,0.3825045654870153,0.0684756240629053,0.464726631572576,0.4565135660773988,0.3666904397059402,0.3136241826128391,0.6746550016972551,0.46510122956634914,0.6442377326599407,0.9189770665041196,0.5116261304175151,0.6445570675235383,0.49252364171963936,0.5024436144156826,0.04190216585593809,0.0685491555219977,0.6700264590987067,0.4909214268501939,0.8287873459789051,0.5278048054765019
Commodity_23,0.266075343410633,0.45846836829579596,0.4718692407918862,0.6481062613203208,0.06632096842469648,0.7495344028076122,0.6518247862388847,0.5370678506774992,0.6178973271171426,0.6938303077342021,0.822062398918849,0.11416871693335484,0.9177553194616554,0.021816386371979912,0.3861165724958493,0.71370597926951,0.9701724471515845,0.9080638965511783,0.955255885357623,0.363946337628688,0.7847145775634021
Commodity_24,0.7198673269187005,0.16918579642896014,0.5929564857778866,0.3743477981835337,0.040995401764985395,0.37445386970028116,0.4271834518488823,0.31897834677674963,0.1695793962660468,0.008968844104262352,0.42857777006568154,0.06739716300214282,0.4490023354036935,0.8185312557947121,0.5466890948234253,0.5111004081019883,0.8629177133241265,0.3265150008659,0.8801299036659174,0.11968005545261706,0.4501630235507009
Commodity_25,0.9545723934285179,0.7411497224512885,0.4444115330268539,0.46769237415616494,0.574892884845153,0.1383628304146891,0.6570160186424066,0.25625977531833266,0.7970031709731585,0.32011355757034254,0.2753457391333859,0.17071665029989613,0.22307856298587214,0.6131807053611498,0.2177293740276457,0.7346459367514361,0.0008787389161100112,0.9500578711346844,0.3083275072270858,0.9321709656535239,0.4150775121933289
Commodity_26,0.8550723091300679,0.058820536386253064,0.3761355975167724,0.2327497604058275,0.7908176021306367,0.2603098499935479,0.8269943416596848,0.7202741555375775,0.09528012958649579,0.3589360209077056,0.670051020782176,0.3616861157716327,0.9618402412209177,0.9217941741814846,0.9421547420256696,0.17136003702333225,0.16814787854201652,0.9605129599869391,0.614051728828989,0.5333411989597032,0.028771275158184895
Commodity_27,0.3861185646635168,0.8526411429977105,0.5472606562832975,0.9592673564357184,0.2722049990122646,0.14347149543357007,0.9279048339076515,0.07511777717033874,0.23653320616620488,0.06671584703611233,0.15858130471507115,0.4833399129346523,0.5851970165859935,0.660198521388088,0.39051981834458005,0.048654021427537275,0.44074360481753316,0.11250720192742147,0.4591061050892351,0.6617646105498396,0.8992718493739223
Commodity_28,0.18235557767630095,0.37202549873080426,0.3251928131808891,0.7007120543809962,0.24967264112021725,0.8605122415669136,0.8792032825021038,0.3802314525441902,0.1508664066565456,0.6348635986089831,0.9969314915758399,0.5013437478715048,0.7884734328608197,0.9285386669948898,0.9551201521997177,0.9327776867222721,0.7530573760297277,0.3349377201670132,0.3522114333670878,0.9453693973523853,0.8692616698502329
Commodity_29,0.7557492973033114,0.22981747845501022,0.11061130968131716,0.016677275190207452,0.17601321054892438,0.274695923669826,0.6036626341555459,0.15458258168178451,0.8065640186050377,0.8045207421613976,0.1719131061369048,0.5623587814868206,0.9459500710713677,0.9385719860925315,0.7799109656264737,0.9981602350709587,0.7524438117771822,0.40206932259580686,0.7665215803113619,0.11497835200869444,0.007367843582968825
Commodity_30,0.04959861143056177,0.9713523387202478,0.09683648943401546,0.45911928882531694,0.7881461237898588,0.8214203252301495,0.5201335953300769,0.12614014212918068,0.2592406326732424,0.9909887887543961,0.4071382083943643,0.39151967153009615,0.2525204590824257,0.22151291606286405,0.004425072053482637,0.5770913761906253,0.93001613726761,0.7505453070671527,0.05686326957402821,0.6868396987412739,0.005526106855476498
Commodity_31,0.46746035485867155,0.8869785757738448,0.8007516999939602,0.6994638898421028,0.42905867929861596,0.5436492312285246,0.3937731070603361,0.27677477653377447,0.5872338821827034,0.7910702566616247,0.8128797333549427,0.27047994738102776,0.14875729156973516,0.6469578435422855,0.4985402266478507,0.8384833785388566,0.7214325464911017,0.4654639798450846,0.22633430073113914,0.7386546810273704,0.28628747419255696
Commodity_32,0.2530588444142581,0.5711631618906738,0.3901737603297202,0.8714201511062898,0.13193850677352725,0.6761278216735449,0.6523221751176417,0.19392115287375,0.8946920311943295,0.767603130996647,0.17226108863063927,0.7189361343030982,0.3198606542529546,0.549505227150429,0.29398107006946084,0.09598479855251774,0.2686367382611673,0.410440670977704,0.20755362617422968,0.009513721773315553,0.02002567643785491
Commodity_33,0.006916948092200892,0.45573351908651194,0.7929582805192065,0.1635409541726952,0.1255080718789654,0.48367996331708174,0.2052025262582735,0.008862791848307738,0.5207619212911335,0.6986833769489761,0.30523987966475163,0.5677730259243036,0.9324135475181504,0.3415319312443995,0.8522801814805979,0.3163571507084808,0.9185625283165193,0.20565610777943266,0.2919469659370837,0.5270816818315472,0.8224683981740026
Commodity_34,0.3025493588895013,0.4546088608730908,0.2635250753267129,0.1347456735267636,0.7779729982057835,0.12718094426495152,0.5464978682531367,0.29905623308219853,0.7367985155302934,0.6993427894294432,0.18839352112119123,0.31793420883530366,0.9867053436018787,0.7765679993360637,0.3112042122788675,0.13732877786501918,0.29634993217502037,0.31806720849241266,0.04550296202474424,0.35309043803288287,0.8688352201110675
Commodity_35,0.23083359456128283,0.7630946653506838,0.24491881554219774,0.5760558784905355,0.2611332598725843,0.09839957884019312,0.20826800152153502,0.23452676112253457,0.26719304494040863,0.6921633046247109,0.48796704550924064,0.6694728950557368,0.4977153503265741,0.5288220721698481,0.4756279679764551,0.15181599384520916,0.6144571248596542,0.15530477201344262,0.8203103827850337,0.21567712533815042,0.17815201446097229
Commodity_36,0.024583424175709467,0.1574385021439615,0.9566157332546243,0.7546597590981585,0.3492149457070781,0.9563727357127423,0.6312807541607571,0.5825146284305173,0.8836162770166514,0.5706953981252326,0.7163630906903856,0.5995642246084065,0.8153972686014861,0.5566493331959322,0.30815570289940275,0.1815569397975162,0.1305405103295495,0.086091827709465,0.0533964344489708,0.7907327732553759,0.4035516377431465
Commodity_37,0.423865603089712,0.5976000827638762,0.5568591788481827,0.4158765010664124,0.35076579937936203,0.8420599937846238,0.5790232002829828,0.6089154414995464,0.8493355952579525,0.641197790738103,0.839131191460095,0.8141480891018771,0.6808020323197944,0.311782571134934,0.6913596733593926,0.8298101508610163,0.44579391571169846,0.0002257902820771429,0.7439256960135574,0.9470258036140945,0.6536662582144309
Commodity_38,0.11027301985564031,0.10439704743297085,0.9392194796013649,0.16500614154196447,0.53982281124437,0.9042870543259415,0.6018646349584663,0.9585136159196842,0.16924963042619423,0.3830678813268956,0.9130410617231663,0.9089976700334533,0.8974039396039031,0.4675873856280265,0.33592099212415505,0.6385957408914149,0.8910152781182564,0.8258633331296179,0.6927349562458959,0.534459771490872,0.8638412616810407
Commodity_39,0.5354406390973641,0.5996897928336082,0.6115205242134799,0.8285196226205024,0.6238289407206009,0.653816641418423,0.46839053958871213,0.27965011835249565,0.9713868870406535,0.2972637694140178,0.4242387398712938,0.48776120537541445,0.5984545145240986,0.07213334272864169,0.024265874742593785,0.680920780424327,0.6000872585147825,0.7139574159739668,0.17659258612388273,0.6827075269461901,0.08840917082544175
Commodity_40,0.7358447206902438,0.609477223611481,0.8799662794643025,0.6684618748448553,0.5480029933381055,0.7239407871674521,0.6882508806832047,0.3653514688716054,0.34824128986618963,0.2985672909328885,0.519538288692609,0.36759318784467243,0.822050393524071,0.887878713553041,0.3715464093377826,0.8222200951125439,0.24353666912227412,0.6869416140057505,0.481024480985605,0.528918285411187,0.4185479058172017
Commodity_41,0.4127886547362145,0.05629465781807608,0.25501659752564265,0.6205341192124536,0.5095782315255227,0.022745412843954815,0.4370724482780237,0.09780963520635677,0.9202662176970441,0.8110836645746262,0.9021281620843884,0.7960148863107392,0.40749838249443715,0.9388345786778416,0.8548070629055657,0.3360942800226141,0.7647015865148377,0.7819654716368489,0.3949747772274095,0.10723348040154723,0.8078144081289692
Commodity_42,0.21581628388381713,0.32266517871520484,0.9018485922235934,0.6743211110574472,0.9388740518158093,0.5995981797428357,0.7956326908743249,0.8478078671090468,0.013261488575453395,0.2424463089584762,0.7990052986433135,0.0140886509453515,0.9393977589988532,0.12928668191504178,0.406619739377834,0.7073398883051186,0.5949386927307989,0.07977966064239206,0.9714505038828393,0.4733185690834011,0.6865614406845477
Commodity_43,0.6705794426182449,0.6786891848763918,0.9597557322451538,0.11678088946389753,0.9704894413343671,0.2832071996272617,0.4217209369092536,0.31060167737947364,0.6403628489089007,0.8617141042121046,0.8725655269981846,0.11057193123268372,0.48228135841962194,0.6159551306963335,0.9845462064550052,0.7235929309979541,0.9713544882832202,0.4516261675844875,0.6234024945340656,0.710420792418142,0.15393030311626166
Commodity_44,0.18015218558292856,0.13138807688839937,0.70293963373674,0.18619740876896962,0.7532761533985823,0.890139640686903,0.5087099394297925,0.4541998699121794,0.10717375273687246,0.5109585321801701,0.17388419182784565,0.19908154940040668,0.5115099136596988,0.9911203555189626,0.9176646148641217,0.027099920911177078,0.42603583121033484,0.48384785926837637,0.7157117266479222,0.18138027474536922,0.17368866659981552
Commodity_45,0.5743563173700837,0.6285859039664027,0.5917451485117269,0.8945936251633528,0.38572553422002387,0.13825620370394143,0.9961950992561113,0.25323694427104715,0.6046616648420623,0.37618247397926907,0.2076437240356831,0.4020663130911164,0.38300645878578365,0.9730769753186745,0.02447466866423531,0.09889286307932588,0.44741215072103324,0.24041890147138867,0.9867402891246021,0.5076625438071054,0.10039490639975024
Commodity_46,0.36951696299538117,0.6169831669680089,0.8866726758656409,0.34409336214351816,0.7502902738224527,0.7353231409734631,0.20046674924932828,0.4825036805645203,0.27049506675191015,0.862582697197677,0.756971372057578,0.1684463472086556,0.03388971439473931,0.8309715111594349,0.8069714997921065,0.30226409707747515,0.7838733942339303,0.0703181737668277,0.26485509389960504,0.23281236904815794,0.3210778428235572
Commodity_47,0.21340737554860545,0.26808071349777296,0.8996124813630381,0.08368113358283602,0.4960244282488333,0.8787163949770953,0.6887350590599415,0.17685483812076241,0.9040213502380303,0.648418844260867,0.4205129881508154,0.5097570720337353,0.7320889563809466,0.5847538051801443,0.4909435805451313,0.12951656986582682,0.6985091226646138,0.9660904711319115,0.6230544502424008,0.5251331555412192,0.007049875844343023
Commodity_48,0.8204771549674861,0.9497930120867631,0.3540503169437147,0.19557251727443925,0.8594329082399206,0.2660329754797832,0.6423091532149713,0.051702099785452815,0.7710487954947698,0.463233741158935,0.5850980156818735,0.6852722392398907,0.8995979614373917,0.8860819243660644,0.36646635112481163,0.8235654688174743,0.40213736167445147,0.8722402795461065,0.7626387478234175,0.873113419528163,0.2712911681229736
Commodity_49,0.8417681818902548,0.39786344046155053,0.9359901290684037,0.31389892491606997,0.2817850292227043,0.020452486428323424,0.7371163251899905,0.4634154849825207,0.566352358804209,0.7335402054275285,0.4252120078679036,0.8833770254650093,0.9063211032134328,0.09544513227380791,0.08660943245214103,0.11337411569214417,0.8820870052750021,0.6954436320842534,0.27690743273789653,0.22159802373977788,0.27213839570438436
Commodity_50,0.4280587382978055,0.15791978145666952,0.6117985491665276,0.6716736614541865,0.5090108937512118,0.5484127775345471,0.544981467799427,0.9269312792832645,0.9610638779462365,0.4038089484995552,0.409368397882937,0.7098038045564297,0.9097145412522063,0.003450841231603108,0.9741048282745208,0.5463953758340561,0.635046280388778,0.43599097480273763,0.5913322479848071,0.5750143998392371,0.43362746115979234
Commodity_51,0.5695357204697791,0.542414712995597,0.8328449670978479,0.5313602470595866,0.5153929555478717,0.3784648882093594,0.07720015986835649,0.9700610159238582,0.05730619358583755,0.6511851876565167,0.6105360935790535,0.3560741083575747,0.17308214300161617,0.11054853798941366,0.40765244104039267,0.165083605082734,0.437020425074243,0.7401989304843934,0.8335479940751286,0.3126339825540799,0.14365577588352152
Commodity_52,0.14897667624655475,0.19408176158816215,0.5283313649230885,0.5457417732163083,0.17408086553254254,0.945981759748802,0.4970016034069703,0.8047849262029498,0.2996257831865826,0.5952405771598376,0.6640824706525167,0.022846940033733776,0.4716195822135779,0.8881332945123576,0.7920765008717924,0.29410802587862284,0.07728628515540814,0.8936479637719545,0.7364702066413219,0.1214167892365775,0.5090281769468484
Commodity_53,0.950458713722596,0.3524134710745579,0.8399808350527803,0.4966693164256162,0.598402120356596,0.13709617301887966,0.24632314278152112,0.40811092184037734,0.8829470771228072,0.025881858856767193,0.4249542669465951,0.3617896013798152,0.5591980612038004,0.011266840258143729,0.22464375704083506,0.2086912587776607,0.6645710250991188,0.13900311913895547,0.6708591200970229,0.5658091208955977,0.23574714470346725
Commodity_54,0.6289641683488687,0.588886865994035,0.6315867468167833,0.4605599547746312,0.05460853652811992,0.9622904980919473,0.13523995728160576,0.6957041530612675,0.938537423683535,0.44325774484399283,0.8797980840909199,0.5362353857165365,0.5356935627162177,0.5664879711976504,0.9747989472308719,0.5206566534811043,0.09017658016185826,0.3182872760014267,0.5340431846108056,0.8523206443948848,0.4998079252905211
Commodity_55,0.2551694480020368,0.24595060990965734,0.9707216970320882,0.10719618777627149,0.2942265893435878,0.08391083000163346,0.06541323302041568,0.5259383847701274,0.9105284423393489,0.23970130853575156,0.6591215390510143,0.8310478326311108,0.3396510764217283,0.382248735850509,0.8609379845309296,0.468576196967738,0.2369578058639531,0.2025822853472009,0.8360765394884383,0.9714049843567011,0.42227315517130537
Commodity_56,0.1441503912894766,0.3864181422230736,0.6592083679714474,0.3921380450201237,0.8294924614110614,0.8211758152508571,0.683283895051418,0.5188482072797176,0.24719101702429447,0.39243069747384374,0.027149188577149874,0.21730806898852328,0.8593590374370295,0.0287800870755881,0.4589439897054082,0.43174246603124833,0.4453842751451327,0.052948560621139173,0.7140626703833619,0.13932408699428367,0.24332613576989903
Commodity_57,0.5854285293410377,0.23394048124967615,0.4313928192043597,0.39805979966094285,0.02204411346051416,0.7604827108848878,0.2920743716238481,0.8133040618038001,0.5416744317879956,0.08419853734746197,0.8834720936009967,0.6185373866895714,0.03797292724592538,0.390872815695011,0.7756926637077717,0.30164745752647293,0.470727113457042,0.6035777358883833,0.5252529552352457,0.5202015489389799,0.26932434463722255
Commodity_58,0.44864009891675716,0.34655234918508815,0.5240269342219975,0.5393910959771597,0.07676441321392635,0.11197897491125153,0.3718763252271071,0.015841985234321454,0.3903790229536549,0.01215789426919911,0.5465449131237353,0.39410053868335404,0.23282858241467586,0.6706163598488762,0.6026429358076951,0.9402985337618707,0.5191977453530389,0.48029128823696843,0.30629053149172336,0.2964644550415634,0.7408001093915911
Commodity_59,0.6230272269272334,0.11290137558852287,0.34896709273054427,0.008758993247698355,0.5939996824205374,0.726813043513506,0.7127248440977547,0.729703852057061,0.717279072554902,0.8658960143007797,0.7203141949429364,0.5204586978327687,0.30477440368410824,0.5853740378241613,0.7064555336768136,0.7758899264151449,0.21426542704613538,0.9543371624161309,0.6123715509167599,0.2100108124855552,0.9879808439424753
Commodity_60,0.8991014754044409,0.7238316297848443,0.0387382932488054,0.30443090543894613,0.08120241739933154,0.13115638762967285,0.5416947925368351,0.23571808205729472,0.9942539385019155,0.33218248813276186,0.7667395368733342,0.8044024377295059,0.3684303094797018,0.3234393139066737,0.47238388914468876,0.14586084425853085,0.26184626981608594,0.8876793824789215,0.9506869739715742,0.3295901709441862,0.8798461997122556
Commodity_61,0.14233130614514022,0.9128417185966781,0.8458648680963547,0.5982281752621711,0.3509132913775015,0.20648908472302852,0.8380770818450488,0.30412342344170207,0.8427493990997388,0.9101630732086088,0.6951184746235654,0.06756423386352406,0.8108660202743704,0.6367559805325818,0.2860974959051188,0.9584009343894359,0.42674475894841735,0.3483950451590925,0.899892753771632,0.8124807312864908,0.08855307405163271
Commodity_62,0.8690668298862847,0.7969063988367329,0.5422878894016595,0.7070147156415925,0.44678611919200095,0.9839798332263118,0.7388012923676738,0.20893466832751817,0.4941712201166829,0.5927507573535443,0.9697300636959862,0.422796297353497,0.0504953134559154,0.6553457377789944,0.6165565404337925,0.7302065864190875,0.2489404119581522,0.5003260953457742,0.014549710541244654,0.8772762718455226,0.5873598620345253
Commodity_63,0.8131372668316155,0.9615732813994355,0.7157541168721512,0.16749740892836185,0.10344163835534459,0.8429574465236234,0.05291786889794592,0.8033469300623973,0.524957655077863,0.26039879985305103,0.24399971017930244,0.20147949359628525,0.3365004941506514,0.312667339425289,0.09396071836919584,0.6651243900752807,0.39555864201135393,0.1544088021733644,0.11667265952395178,0.9767696258895913,0.9923484415001597
Commodity_64,0.7032970563805337,0.3903360430849523,0.6819870653631291,0.24853536375893226,0.17320988842877783,0.7738224710463166,0.20251900473686701,0.22592033579463744,0.67475326500264,0.9817146505339207,0.19367893238697576,0.37286496249574574,0.3322941985139417,0.44414578931402826,0.3127501557324419,0.5086941537451756,0.830432012546295,0.47828567712074843,0.5655288169829283,0.1485428941086928,0.40838354796121035
Commodity_65,0.7359364921897029,0.25276160665542735,0.21103535920988736,0.08939798788878917,0.6227919789728548,0.13934843815337927,0.10173279247514133,0.6819232588291649,0.23041548481803809,0.7856030806074688,0.9483587210095181,0.25253705983800945,0.42555122399077283,0.9600635223416271,0.677621569600192,0.8183148524333217,0.9623745329613941,0.5402591466503306,0.9232253328901732,0.38727444165930947,0.07788600834276604
Commodity_66,0.5646840994380368,0.6004089043960963,0.0996921008472641,0.1661260118429475,0.4099280956782724,0.41480897136758266,0.9090859562624104,0.8310406292366385,0.9039621988941963,0.14665233809820954,0.06284341008141736,0.9128209090123703,0.8896098415395534,0.053020145942958674,0.00387049830524111,0.27720028382500506,0.42039932520858736,0.335207690589751,0.2658417077198828,0.7837093223769773,0.34300248241076225
Commodity_67,0.5808627409630275,0.7471055272817757,0.24650931712581403,0.1371848305983231,0.3657522536729997,0.08760079333046777,0.12937691470877632,0.09585560277135041,0.4460158285663336,0.9294928980505504,0.6176913831166394,0.36272849012892594,0.32254728376003705,0.7380457588075711,0.46459262193451456,0.15799727670443908,0.8465288501684379,0.8640799773094531,0.4815016001211646,0.17182581615883463,0.6839964051825064
Commodity_68,0.5301747211576135,0.9061666866208462,0.10726643514906498,0.32633656743429584,0.6359546648151879,0.927303243832478,0.07409652315096715,0.27109897248084414,0.309102708162454,0.3996207912778883,0.5057855745349848,0.9495275684741791,0.7944592427205803,0.4761859196389112,0.28060015401301164,0.9759711918179667,0.6837103652508169,0.07452992188177865,0.47260550262365486,0.39791107175294493,0.24094643262453586
Commodity_69,0.5356366827649708,0.24834872079592496,0.003617386722757132,0.7698090667875763,0.44668201553636644,0.8173200558546587,0.502388709423979,0.14906723963667756,0.9022859924369654,0.3997486929989478,0.7515282333194704,0.5674013439827538,0.22473474439010266,0.14375258176388672,0.12616072421776647,0.5115448940403365,0.4675023717650175,0.7001714207630055,0.24909163003303592,0.0629420386626427,0.5466683381671545
Commodity_70,0.16356771894585997,0.9004268969475032,0.9332827894593501,0.19220717769180562,0.7946036206985967,0.05873521509198543,0.6746297422946804,0.3988016120426354,0.8841796930839686,0.23773389021292102,0.12136320456214078,0.8251332843726894,0.5130911096418389,0.2339741535117401,0.9001136879039866,0.6436572158186195,0.5305817374910061,0.9197085658295856,0.8173398280700092,0.3759369220118911,0.9439806339634321
Commodity_71,0.23771542606266616,0.7575109702348699,0.3212569556503855,0.09690689697093924,0.5678449740341435,0.5435824463153397,0.14590356162411222,0.18984270298643446,0.9526565846594728,0.6679119451600134,0.5997846648080452,0.874340335370535,0.2755537316817652,0.6719632422648354,0.9588140511319097,0.8298186558287931,0.2740749027179168,0.26443593166764856,0.826353419521309,0.5396843476377214,0.35452614551818684
Commodity_72,0.14950362077404133,0.6360030437870392,0.5878575135537638,0.9159133004368702,0.674011035839757,0.06934119573551933,0.5133207389616755,0.7246451990587205,0.4361506579910879,0.9435165424562959,0.3869084611317042,0.6456565684300805,0.9200975832889204,0.6942755523134482,0.3130249280711942,0.6345415850181592,0.8260304883804395,0.44191054747687275,0.5181492433617103,0.5536799042390214,0.7416584858765737
Commodity_73,0.17278520688629562,0.33410283720365597,0.16954757266100484,0.08779137790107427,0.8342470071473894,0.5757136010211906,0.8827123342407293,0.3437902685756803,0.7992726501147013,0.6399395330478104,0.7867861566161015,0.9284564662867713,0.4253960568837215,0.16444437885574037,0.2169889371261685,0.8268449741427709,0.09910072097839351,0.25825641466193094,0.12901284093547494,0.9572748622023246,0.09384091891023394
Commodity_74,0.9366164278704283,0.3071222878898163,0.39640463458387565,0.7505456671319644,0.5992560760122099,0.4301146106560797,0.7238409760225504,0.15754168334912044,0.6437699156412173,0.5280858359044672,0.8085850433523954,0.16339667288989423,0.8142787262334236,0.991764125593008,0.5739616690002882,0.021220281332764768,0.22190523363208137,0.36046484581923677,0.2753130775647692,0.03774461664438655,0.7114912498129482
Commodity_75,0.8354777182767692,0.5213912799963359,0.8136429045633681,0.13507768310376256,0.8313193045765885,0.8575900331246206,0.5429555704202124,0.03807316611505562,0.4176578622484258,0.10185606076874831,0.7584307352863452,0.28248477321884047,0.8299049917054279,0.12188267052169188,0.8539779611917613,0.637319945424672,0.14021551876803562,0.3062377062475208,0.6878548796919777,0.8735852445281863,0.7088977580643815
Commodity_76,0.5083548487821244,0.7720472632207831,0.40176337753596814,0.9488930045173638,0.8275782185417514,0.13086846619240855,0.5142610473456005,0.8999040149719907,0.11229573378170954,0.672128085335682,0.44159290288584363,0.9563289110760974,0.13450235415671907,0.9422401939906405,0.9980484531145363,0.38437765600255425,0.45229118630507537,0.4663967350730932,0.7128520808458813,0.40160915883688897,0.5695018849136629
Commodity_77,0.8662753623056931,0.7360402733608232,0.4421774200241777,0.6591372279112818,0.7855653548904499,0.4023139400036695,0.5048481714033077,0.8257897741203166,0.44345740314236437,0.5916758570899743,0.46410066695263574,0.5947491292228574,0.0011637532463090183,0.38452397782089287,0.5507454623171266,0.12332401800579085,0.4363903416588326,0.699725628220249,0.0582662095250821,0.10778527270534555,0.28030849057713836
Commodity_78,0.7625822284274372,0.3956490328543648,0.2309344793641087,0.7355038133832699,0.7004695061690419,0.17057924877676411,0.6776555095704639,0.8931961476284551,0.1753490679391133,0.8004357650496318,0.30405045960698884,0.7264818807946063,0.40060347083729586,0.6200232791417624,0.7098319048780258,0.06815082672899941,0.28761680586103266,0.2156263529234479,0.078387578533616,0.060509970345437813,0.17504708375801747
Commodity_79,0.5587482646538214,0.9574986488036618,0.08891165039362459,0.8653937377554703,0.6417087697547561,0.6449905653004399,0.9675894385122614,0.7324551371214697,0.7253063017850886,0.8756700752435117,0.16143104966035426,0.791297629548437,0.9826904959235584,0.016067888999668933,0.14940612454640745,0.5985877955468331,0.2132126009244264,0.5043430132752416,0.6736383944299608,0.03154588787656687,0.4126927127030964
Commodity_80,0.6938887830634572,0.8060443878922492,0.040971863623821436,0.3701686325943463,0.9813501533554827,0.16442855004680001,0.6433099680945351,0.3963126901584706,0.9297588062723645,0.7513599146157688,0.27633083142469417,0.8156840466246298,0.8089199055917317,0.03405060970736706,0.7427420392114767,0.34883581555047627,0.4405758135907948,0.15799492380959312,0.05450652773347475,0.6053863100014318,0.8663654040636085
Commodity_81,0.1305045579084656,0.6818051288062598,0.03053975185367952,0.12032851862612925,0.7112187484150762,0.18478970937280115,0.7804057470002027,0.8636034538925872,0.4469663596328146,0.9320851216349462,0.5349071176683317,0.2574813576388675,0.9957635990548974,0.3880463242467478,0.3460099469894544,0.7426617057730843,0.35670791715658756,0.6967884646548927,0.2802341020701091,0.8390386336751655,0.16041078160998012
Commodity_82,0.8246855622776555,0.5228023789909809,0.2605752284899706,0.7642626344936079,0.13595951064456113,0.5022128606673365,0.16337052046818767,0.8932837013579139,0.8596364154783834,0.5552644413538271,0.6570019886699087,0.11583720968072841,0.3833635597580217,0.7891241197484438,0.9843780953768047,0.6691054739256452,0.4801154613275437,0.2040048268834167,0.9313161139473034,0.8970932722649788,0.3196829350432221
Commodity_83,0.361770359573228,0.712398781560628,0.4095171886277328,0.6520530414756671,0.022881426986695264,0.700385099970959,0.7163926659427666,0.8241187873040812,0.9349313967339109,0.9183518825054873,0.7404501809807,0.42424002443934095,0.24367384003591064,0.5296406408142654,0.6410907477280327,0.07151598820664251,0.8722439100340075,0.7335830192358938,0.027873316765968603,0.5501011434679022,0.5142986454786225
Commodity_84,0.6911331237681441,0.030528723176854955,0.8548994761636747,0.9871952863274126,0.621563948604735,0.44905405403510856,0.1012761317609735,0.5940406385876214,0.18416057884603843,0.2357851989398032,0.15804708104436072,0.23094823425307576,0.9669782899640611,0.9011226245548156,0.8499851923612152,0.25472858793144737,0.9375000430249284,0.21281011932333171,0.668371980336578,0.2306480839350621,0.993430102973752
Commodity_85,0.8644353375993076,0.9687170209511967,0.9833105577316795,0.1948202142557932,0.944407243726929,0.6226941322297747,0.33446194524479045,0.4340439112709755,0.890719526433787,0.7864461228484841,0.8788448630331386,0.6270644646886726,0.07640322009498324,0.9066887327717841,0.761860569168865,0.5748614999397198,0.007794355748066417,0.13555883109363442,0.12983630145779346,0.5205848729195872,0.5875467809511993
Commodity_86,0.7446370308942839,0.0026785891257397054,0.3517772135933842,0.5715156222120901,0.6294629710428435,0.4173016780578114,0.8229655096760049,0.3092902855577008,0.01660442505609916,0.3817035049505354,0.7977223774975399,0.5252923577842079,0.7388561781397815,0.5438971537398066,0.2742085317575814,0.797133233645175,0.9009809763608696,0.9032304240709533,0.49054321743299767,0.41021020346966375,0.77643557451569
Commodity_87,0.44613963127056033,0.8219831016148351,0.8238917607105041,0.4628467760427851,0.6146204620968654,0.4649587798139382,0.9762476814166741,0.31778688211985495,0.6252172008588449,0.08170952104822848,0.10158738734979089,0.3533499627270057,0.315074283588062,0.4802594528568287,0.769110095634105,0.8183988049582845,0.4291493971047662,0.17888585759411546,0.9796759342506828,0.33722184871977134,0.18821513066462914
Commodity_88,0.34897220841982457,0.9354331621501979,0.11349447465787599,0.12038513023218822,0.03238707002503349,0.11211487104495221,0.9457633445340639,0.3438743257549619,0.08919233095349122,0.1110630904224148,0.9087709467509033,0.6161816532596571,0.6964720123972666,0.8042056265914417,0.4156102163855093,0.6142113938794123,0.9537587272041967,0.4181580748129823,0.4104135590715178,0.6675178132531078,0.6845458513760443
Commodity_89,0.9271513882979391,0.7342497497858937,0.8729101111101887,0.14451312808259942,0.5313026349565997,0.716071417524576,0.9179518233344182,0.6696273725184072,0.5124006363674565,0.64234972930299,0.14942837293300892,0.8847256631911004,0.8523747568720704,0.5216124233815228,0.22113102931712725,0.8186446397245918,0.9201617254454666,0.7561645467234082,0.7970865351577895,0.9702499288249822,0.3759098389317289
Commodity_90,0.016001596557268294,0.7755025867659596,0.8372730825671456,0.1231238747980129,0.7122182805050579,0.2816581884363477,0.717370894099833,0.39580562405331654,0.7280929412170336,0.3275880195593669,0.28268877828614036,0.05376347634342815,0.6936631434801699,0.1960335346770501,0.4717531471611963,0.3752801076388257,0.09685152579318779,0.2632729507782786,0.11649846076027004,0.32994384277321487,0.47574621404297446
Commodity_91,0.2759886987257607,0.7628214492798517,0.2290041434255704,0.7475286657932282,0.5676286337777217,0.19708799827001489,0.08453057308014567,0.9801713853020413,0.1637779978421643,0.3216608583682632,0.6537945968705426,0.23906100706775368,0.36273910194834325,0.016121913085746176,0.05955764333240421,0.06696210603505848,0.5256514047506996,0.26611101676063964,0.03215561833047942,0.3428252734241929,0.6765743821392243
Commodity_92,0.7047882660258219,0.5350846393296782,0.035612710935743586,0.09932518389806688,0.16123958213619094,0.6629696347152896,0.11118209906450904,0.15332764667573995,0.16399132941205752,0.13678230276933856,0.9668343203231289,0.2850503718052524,0.6601689932979767,0.16825182393777682,0.39297238197348505,0.583793927308496,0.6040098497269681,0.7109582667067526,0.5911389222158028,0.9908163038571751,0.05219837726860144
Commodity_93,0.5302776581773538,0.6010998127786721,0.3418383542126052,0.2916823838042273,0.22559536893155607,0.7368188852561127,0.15533853407969167,0.3546062474549593,0.7271357319246341,0.6005594133727036,0.1300822851839073,0.7218971159929986,0.6854863808479487,0.7583753219656715,0.35188816117669386,0.9126953787359103,0.14613131453132344,0.33082467554788897,0.5157868289094747,0.17020878062389533,0.965700263812319
Commodity_94,0.006839187536179625,0.5019346561718698,0.7182028486173347,0.9111061379883758,0.04481619824086125,0.8070577231066308,0.3724881218610142,0.5525448575376731,0.6527133961490356,0.48166930807789954,0.21698447882841676,0.3781280536741799,0.8760316066190009,0.1600545625555746,0.9996263581709355,0.7483483306997459,0.9540789002091312,0.041264740451519843,0.0925819061185641,0.3623587793590247,0.7761011656161458
Commodity_95,0.8275673289854297,0.37766074229189106,0.8576623184178317,0.9383917350690171,0.48738786179799687,0.6796896497046525,0.011043236856928651,0.043206110995733904,0.15301247868367562,0.01298190491566431,0.26728596491152434,0.4624284356202871,0.20309277013408,0.3949581516953875,0.1806192120980561,0.2994958815118126,0.5619568216246026,0.41197720138925065,0.5899403090647665,0.09963870612551284,0.09421277803685646
Commodity_96,0.1519709720950052,0.48861873133119393,0.2726788749165524,0.04718984026702355,0.3497495131575449,0.18418462060589724,0.5616265662366853,0.9440571172284908,0.7514915253519373,0.9278120856944236,0.2511061291681267,0.3131706461722792,0.7935521324376241,0.48210058164807723,0.37018055790598536,0.42885023527678656,0.6098774823348029,0.29666300742092133,0.43310040621024215,0.5041642929118526,0.9613552314201187
Commodity_97,0.13528644946762047,0.7199547119480302,0.04788816518123118,0.3221267842138569,0.2028787587751878,0.12687756166082786,0.08774746277911483,0.40549962749858315,0.3370167597483539,0.8907207627675016,0.527773642226619,0.7369928113585121,0.013011456448870806,0.848546089692091,0.1039703340559267,0.40013115776883146,0.9129115595677916,0.49710622537345395,0.34263505346417766,0.3392161122250309,0.5033132869650535
Commodity_98,0.2714922074879952,0.6925035167670176,0.39700122281080896,0.09680916723639088,0.8988450194405592,0.5898999965534175,0.7798888374775671,0.9866490816786931,0.355711018315624,0.6380968465279091,0.7382577327974704,0.09079157411420946,0.028150915387576858,0.21679851025955554,0.3773035071347576,0.15303464272037604,0.04187176955205563,0.5924577643376007,0.08983294759002469,0.20782154842092426,0.5015656260258075
Commodity_99,0.03835382114844399,0.8298631184418548,0.5507537406010309,0.7811022168825004,0.547884082101472,0.5757340651955891,0.5941360574099753,0.5179762085542032,0.5230067678253497,0.22101249015671398,0.8617603316665529,0.9283086467538041,0.22113088572960127,0.5873885440882118,0.3546315033211338,0.1582003854946945,0.19573586785036579,0.3280521566083643,0.8681503528510872,0.41725360187596905,0.5448661748663021
Commodity_100,0.0875548777814924,0.744385278251821,0.40263488632160815,0.9322439137659906,0.2356369394730411,0.9521361670265178,0.8752850114715915,0.990197356356628,0.04405132585605953,0.1146174286740379,0.9342522273415435,0.4366875337655043,0.5305166988741365,0.3350964520980435,0.3365071438253564,0.7275707118328003,0.37275791868063346,0.4069405657731733,0.05945062959704139,0.7796337492474451,0.7544063794060981
Commodity_101,0.11227777724307886,0.7045895979520193,0.3654238426737719,0.14333034955510793,0.8363104877078135,0.35166006521727255,0.4713774228815175,0.25459002425887967,0.13261775014640254,0.46505961567274257,0.10666393055659162,0.8938002450724163,0.3343543099769294,0.5979842389920573,0.4052230220298776,0.9445472874664544,0.6462595539268565,0.3062083882336988,0.20834873263244125,0.008222332604006066,0.7783948133728521
Commodity_102,0.2676680003693608,0.07092130844509992,0.581907999256214,0.273584869970078,0.0855395618694813,0.6369133608784971,0.44017662566904536,0.8520155493304138,0.8469058429210254,0.006933463823193153,0.6089793799974487,0.20122866001427875,0.15179873860179105,0.3263329063607874,0.05327527416492872,0.2617658442005717,0.6134910218254852,0.04345185404753393,0.47926575452435827,0.42854870230842623,0.44310202618198913
Commodity_103,0.034809895523501666,0.7570785015916295,0.6293159017386291,0.8451676328729687,0.6051937666958382,0.3593804049518766,0.7330954714585312,0.5937656610894297,0.21578867661949386,0.4473449806695525,0.8454393146153653,0.9079916789970582,0.0913302112942379,0.5407735251929522,0.05021759337938081,0.5958306579690444,0.27099163596269926,0.20523602212353687,0.3200829447357939,0.5013536219085466,0.7406224612945724
Commodity_104,0.39503829371289345,0.45382811600283635,0.713467948269813,0.6977056921394679,0.7521910038540355,0.6993175279731586,0.2457706006402004,0.39732092196353797,0.7184543654721361,0.10554809239485419,0.648982642515831,0.5479023687865255,0.10621084176217388,0.3738438251640268,0.5506077362400714,0.10679864796271732,0.9461988222442497,0.9007198003566314,0.9035731900340077,0.3270800578645273,0.8189286276105389
Commodity_105,0.11028788777460286,0.16768352056411406,0.2804284967473448,0.3562103327967504,0.29024883382228794,0.942374466406421,0.3475289892604735,0.13157355220336064,0.49769546723441305,0.293011322531187,0.3207974129124642,0.09073617201477568,0.8334351287288869,0.818815454152006,0.6311298218770478,0.0003005857680408175,0.021798784230141366,0.5954982003425637,0.5609722464042705,0.8823432465294011,0.18886083175939283
Commodity_106,0.29618807737003594,0.7819353162941242,0.04584264204073141,0.9601357408936094,0.3032971868289279,0.07962365824669049,0.5073219879375891,0.39146014701599907,0.03700418709293196,0.10575683645707223,0.49722992061734084,0.8461211010585713,0.9814916517117341,0.4797394856190942,0.854420653830087,0.6530586569071312,0.44917605914013836,0.5272774357746476,0.006358906576922951,0.8644088155982694,0.8010403726774049
Commodity_107,0.09021004550886935,0.0670113100356251,0.6215861258426333,0.22073010246079483,0.2750025329710697,0.8027657795236822,0.8852348842686145,0.18896917986624195,0.14431037217719356,0.10919550431252556,0.6299144233488062,0.46412683184175785,0.6531449766314708,0.7469703657316249,0.9070698611990371,0.6712681719532735,0.22942647814095052,0.9824971756151039,0.8892299188300219,0.4256203198359507,0.005982923656505101
Commodity_108,0.07073032982908922,0.026431471163332776,0.4582751518644691,0.607787798318275,0.6400167221397589,0.7813595270524851,0.25225353195047495,0.32192794583439166,0.013162731299602548,0.19356410043502403,0.42986389830228366,0.2284571138777337,0.354768265325913,0.9779479528648347,0.4461466319791707,0.28945032576563656,0.804218942735569,0.18351031813986018,0.5537518826498463,0.1482589258067354,0.6863133010988653
Commodity_109,0.5394231388619294,0.5095218349826253,0.3240065820913399,0.08286333280886626,0.7641079903195729,0.9838094512025927,0.20808186288587927,0.5908536677291029,0.7944415576262959,0.96754270694291,0.8167416694730965,0.3087220396762522,0.5694953637066706,0.9441609188998826,0.2627507520717227,0.4499990825970458,0.6171812598284514,0.44247938381668905,0.23282073444160056,0.2877615678660258,0.51616639223399
Commodity_110,0.3475067361730869,0.24853990717415297,0.22782419025567113,0.33195627381474413,0.08009013560667877,0.587629353763201,0.5118056323109778,0.7607755367409162,0.1063163485326023,0.7672269021446441,0.34203649933914904,0.015191809640826004,0.3822447104430725,0.5804177615156171,0.5188403114635466,0.6468497457176482,0.038921327103274894,0.3481180407282155,0.10612329640445672,0.059823645781663104,0.824647925873461
Commodity_111,0.021998763850003877,0.01758620041210579,0.773166402779857,0.8428441941396775,0.969815657394546,0.6923358525790989,0.014859083624682246,0.925963850956858,0.085301637783186,0.398440591340227,0.7222461285386372,0.516099502708936,0.7902711649471736,0.5802735793026367,0.6494597049586439,0.0716039902208041,0.6009003415477874,0.3051646023261969,0.41057371214156724,0.32702830032793706,0.29875790237823185
Commodity_112,0.2992644655977028,0.6125048654454454,0.8986882154517961,0.7015265662393807,0.544520647074767,0.8401539463958286,0.5291738199948072,0.8420386392032324,0.561486990437936,0.5808388109557984,0.13925586122930733,0.9619008196928133,0.6799886691600242,0.20199669252651697,0.7698180254965402,0.07672741946441675,0.8648902216196247,0.05568801628607223,0.7484090303054751,0.8903037091787346,0.9398150662689991
Commodity_113,0.25642361230505717,0.9879669000309083,0.09920086878431855,0.14005048413898125,0.8868666122858572,0.6986284297401351,0.9423443323061858,0.8555030204023423,0.39975304128743283,0.8184087161474547,0.7328770130395693,0.27844432393334095,0.6987296564645545,0.36611390397813315,0.9083069218310869,0.19535439212812644,0.8184463066176982,0.3021468212761458,0.8757143153247762,0.2361752391037002,0.5055337333075489
Commodity_114,0.14492086143719551,0.19749173369459072,0.4963736440618244,0.032185658442826726,0.16107170100582935,0.5682211867547594,0.18681979617921785,0.712098792980368,0.09860694200987852,0.5159818543090663,0.05002909977098691,0.5534904116929359,0.8923335977661266,0.6995335384236834,0.6851375931510683,0.9852183188596488,0.2481437982650191,0.43784118734245514,0.8909275763970056,0.9679294002400348,0.25761399739629
Commodity_115,0.3182648247479679,0.8469117105670242,0.6622022767097413,0.54815427810696,0.906264809631031,0.7024123511083643,0.390414544781835,0.8968555318300485,0.443969482507215,0.8041450994946866,0.9626557421925266,0.8496733597665739,0.011495734821077686,0.15310230262888092,0.0635342302599623,0.5257845775859226,0.9299981181669537,0.9714934878807725,0.8901774839303709,0.055415018972452934,0.11031183805916112
Commodity_116,0.1995391988182803,0.8217679858724172,0.04748881636487079,0.633816685284427,0.3386471367666588,0.22587089713476105,0.1802099970723483,0.8173129141612218,0.48066823355307187,0.7934160940459607,0.882449109294503,0.1194107109092909,0.8799907140681948,0.8999835548095766,0.18231274948879905,0.8336673894484786,0.750314928310692,0.6074766720290725,0.89146949917995,0.012019323769946744,0.1749465830178477
Commodity_117,0.35015399053782603,0.8487717391767811,0.8876909893034246,0.2757379914326411,0.30599695706257335,0.8933024661151154,0.8532911684408022,0.2483346505135382,0.9248726131359084,0.23117194430801513,0.20939131412834433,0.48111608969207087,0.1584005413925823,0.7226305744272798,0.76383278536447,0.37504571749071824,0.4998766979488225,0.716626271361536,0.5985632408486763,0.6311783628454611,0.24003074497119725
Commodity_118,0.7874944692874798,0.8982749529883036,0.3649653366828671,0.370136790248222,0.5514165149515187,0.4531109280397472,0.5137990817608981,0.30103755387388753,0.07558441790044668,0.8482028058473856,0.35806325473271905,0.45991424301430783,0.3401209495308858,0.5339610949976856,0.8643983989680918,0.797061731714363,0.16938510237483306,0.24215086281595,0.4153125702827498,0.2598080259338309,0.5126616115540041
Commodity_119,0.537434980854018,0.959331809636101,0.6736537298971295,0.8962594086135203,0.10350796186428535,0.09911941998203011,0.0459369617975689,0.9653246170063843,0.5626719706426803,0.6617452225050694,0.7207971891676249,0.4304480439753534,0.6988417863851697,0.8206870837897601,0.4398455532163593,0.9060160991053746,0.5496219887323844,0.8990585899614074,0.5417819572230814,0.7128766040541141,0.6481906909324653
Commodity_120,0.7947425372977005,0.36351577424229253,0.08306743639816239,0.883947778174343,0.2102277498533357,0.5269181707297296,0.8989288076791966,0.9692143099601491,0.8682734550242108,0.5252270985238915,0.9272259500630374,0.8377556455627814,0.866127096839808,0.6866281546525145,0.10083276330368285,0.7581909721254436,0.6870832802511088,0.38323563574913533,0.6646187066401574,0.30097182419006574,0.7365114969041601
Commodity_121,0.6089687272782071,0.9456043331921468,0.21156847427981318,0.4618661394753065,0.3653386961027524,0.13981758614596573,0.85739804812629,0.4354414069729533,0.48800785556683834,0.19384310934225069,0.8009606697873924,0.09916788286500777,0.1462160713566062,0.7379316355420006,0.8471347262424992,0.8748310691365215,0.885067756851825,0.31946461702277784,0.2807264983956269,0.07990692279667444,0.8124235460935791
Commodity_122,0.07959244406602384,0.73866992600545,0.48981980768512523,0.2381406030839629,0.8711002707588175,0.39304854165738057,0.09791689714612406,0.9876019715171959,0.032740898776908334,0.8217824730809667,0.1750234007971222,0.632255451726412,0.15986477590075798,0.5866069012475583,0.6407614018010978,0.17830687646220789,0.34897667351417405,0.033125649929697576,0.9964061021503497,0.693038589354209,0.25607336349644194
Commodity_123,0.5809547584018837,0.9344478411859066,0.8958546298126456,0.38180395276095824,0.8692972152980746,0.09510674505180028,0.14947006701097332,0.7999602938785424,0.986484414786477,0.12382004391417478,0.8422343187472909,0.2744261856867939,0.8234414855222026,0.31091803127118356,0.04478230801480121,0.10148559285683834,0.6265736654366992,0.1550431932064219,0.16272093101763074,0.6537286590067788,0.7571021650577542
Commodity_124,0.4380447930629895,0.7627771046185009,0.7269839231683023,0.8104005734265782,0.22388747770883444,0.6419456796475265,0.658814826242365,0.6109257678502423,0.76968767401134,0.25323113076923875,0.24658794914288107,0.7031760435920371,0.026919924056703848,0.4503754922967842,0.35579562196267545,0.08916359643847349,0.5979007576198667,0.08900572675775287,0.9342223180955268,0.5377375833972062,0.6338127547728282
Commodity_125,0.8413807646538579,0.8970910207506856,0.01524887089490079,0.31352040654254854,0.9889261832109298,0.8950552857341288,0.048276587069093435,0.6086406643326189,0.4644609822638157,0.47905132608365375,0.7506662728191833,0.38335286484746733,0.6162915366186625,0.5653710551741132,0.8966666498864799,0.5948213760929789,0.7751712361541753,0.31917566512882134,0.4589123066542481,0.7700718958409298,0.8734547030333041
Commodity_126,0.3084180859075488,0.011173619939382151,0.8970087534229157,0.8759200429670139,0.0713017172819378,0.18150022726882786,0.13143626709353717,0.10696124495618942,0.2484272846918376,0.10405015687767616,0.14216709819813844,0.5024939941040496,0.7130768067327558,0.7456823573659426,0.3117457849016807,0.8695409064103098,0.09995894531296579,0.3453939266920988,0.5723919287895805,0.9150139873838173,0.24740996538933857
Commodity_127,0.07153201748371962,0.5201784478169185,0.6935092977543209,0.29068125161148683,0.36268533058116426,0.7643003832976119,0.8790163771753207,0.3926740996307012,0.5785168489976805,0.1449832244873589,0.9498009664898333,0.10590257518198787,0.12920220455096165,0.1561229807558644,0.3318830858024773,0.49111655620340466,0.17116406563725384,0.7363892023736375,0.017299782744363168,0.44563582568402993,0.8527604044031384
Commodity_128,0.3959100016463959,0.22452909232586749,0.25914756774535186,0.06470184073342022,0.06111655721848519,0.838307994633704,0.39560896957883496,0.765754395455304,0.46440336039943675,0.9690531931850588,0.1756347578380686,0.6683315504083936,0.25483415863521264,0.6491733465846662,0.5462586857747912,0.5493329882694964,0.4159718940853231,0.5531522609593459,0.40562648049907224,0.9342139239539899,0.44770434836104445
Commodity_129,0.1502270035150155,0.8009726944730785,0.14098951205221621,0.46743851889790455,0.9385876323069106,0.4526971579967146,0.30431755074124467,0.5939035592015246,0.26125877038751966,0.19567766844133172,0.6110112038540811,0.40331321497949757,0.5213338374356008,0.14813764432637355,0.6208942600723671,0.1694954121956016,0.7521706086311806,0.2132733228273005,0.21595073053278502,0.08343036688049044,0.412876803254413
Commodity_130,0.7378870740206533,0.2636800680480256,0.28183211772603045,0.36907170507000375,0.20350767661300428,0.04786152669950028,0.44570036201973007,0.5512606086708719,0.29509665261776963,0.43715187874153394,0.03706275495779854,0.12354314208983952,0.1925347703680359,0.8114166723977857,0.3661322330172102,0.7841169903078705,0.11759533880107154,0.8929083684511666,0.08243626080178879,0.026896231324488595,0.9801329409793879
Commodity_131,0.0322665035461962,0.8454551953462516,0.630641489812486,0.4016002908508969,0.44484390006779395,0.2054055311757117,0.7342219800565586,0.8065240885208098,0.43272414910745305,0.27365736481722525,0.08306262785115348,0.4678823422183569,0.29934909938459375,0.5596269024025844,0.923050942739993,0.6827613494620061,0.25914879409733926,0.40456512260784994,0.6769080292262192,0.3396474384539765,0.36755119114233814
Commodity_132,0.7350739095281702,0.7405215893814304,0.5265043384592113,0.2085851399833768,0.1833988391722785,0.7313667937637612,0.5936317073306788,0.4253595662628721,0.9902270928258327,0.6917213459894551,0.43855778098065157,0.7929709666589234,0.8823285828006078,0.8725752562648428,0.09078429336346505,0.30636083263386094,0.7639779966244822,0.37505738944831857,0.42216378078570715,0.9524063734931106,0.6221347759471451
Commodity_133,0.6832760736123638,0.8432999578884115,0.8216917067992519,0.19000984028941292,0.6805505415888726,0.04047972306335679,0.32360264895613167,0.09886648886727156,0.49190101462772373,0.09713502164918464,0.9027133119755776,0.4947998426331298,0.5966731518666399,0.17111160318935192,0.25175207202898675,0.38461311115164676,0.28770642085452913,0.7745895978778697,0.965943278678253,0.08022358082323344,0.6255257155931547
Commodity_134,0.9875561792354305,0.7423281651639274,0.09514095029847491,0.6910559381228832,0.6341814564951508,0.5980672055892432,0.36102384542442423,0.929051647890685,0.6693856522912822,0.50811370679915,0.8948521627841367,0.5592327782629518,0.9497996846256378,0.13901420650347163,0.20541610770680774,0.1849730346510685,0.3913587281973835,0.7731114234341687,0.4369473467095578,0.6128328293903172,0.641174938617827
Commodity_135,0.2868540329524928,0.769057920604603,0.47467198065495364,0.36479486768042735,0.6073004442533484,0.26693499839273305,0.060582156431609024,0.5633106991875945,0.6098281303817017,0.19828302599494474,0.6049029451543508,0.13611673923373524,0.3230153554336602,0.9025944473034077,0.7050711078776151,0.7993738432148418,0.7396474271621449,0.4328350986195232,0.8990056746998397,0.4562343053153183,0.5378585992340834
Commodity_136,0.28561104175628527,0.39950173157798885,0.6174361373458653,0.17562010758881097,0.5910317932401132,0.43000976907287414,0.39582890037375096,0.5773092411300594,0.34901225627597376,0.4745534885695176,0.030795214426747264,0.0638066720570255,0.7980563281984443,0.8196138720305275,0.2713983494334157,0.2692130325378924,0.9275958697380183,0.7842286901242671,0.10849719444323747,0.270083283696541,0.643557580216543
Commodity_137,0.895305109069142,0.8505985558775712,0.36695527689551466,0.976999454733799,0.49817222076957224,0.7797865188793122,0.7438840385078931,0.7577911526081438,0.7717778950833347,0.24009379336013204,0.7986009860159069,0.16410767227167833,0.7871492410412232,0.0033176880237263395,0.7760905514890425,0.513722725059341,0.3861159985082896,0.3190477982234238,0.15646485593700532,0.6313646515831314,0.24853767323238407
Commodity_138,0.9596277418481899,0.6599593711556359,0.18319054123988998,0.8658993338473567,0.10967278495825195,0.9718196254530748,0.3958350569302709,0.6555705396368161,0.8121655286310165,0.29597472579828077,0.9643796087241523,0.9207508753349173,0.5372364175529468,0.47249121502220703,0.5856111983914148,0.3221457387585813,0.7262244486820019,0.5973064186468072,0.7051907317000549,0.9744021070482454,0.06049987729754691
Commodity_139,0.7204388682330654,0.9670477805537324,0.4331215315633147,0.8016665445250243,0.9896640414175168,0.6722302326609769,0.8058114517543298,0.9389712806207035,0.29084024212529747,0.06029123461496344,0.14548390145450352,0.14357278019722508,0.6251584882799825,0.5350487885164045,0.7978758726499605,0.8049875390780377,0.049213166157335286,0.5988336681053247,0.5057588712154231,0.2867627359810353,0.9110924755545945
Commodity_140,0.32198933644442285,0.8281771574734004,0.9995465883003801,0.7034097781040181,0.22437986171637903,0.8918107993247298,0.7433538716735036,0.3949537175324056,0.7599695596604319,0.4576589613406249,0.1790086480364642,0.8525561684062718,0.7715300991556903,0.8225897427693187,0.8877877613564036,0.31620411308586127,0.8035122822781677,0.4636680778912664,0.32512104846263734,0.17407631565453552,0.7715435775061644
Commodity_141,0.4120619366941807,0.8618208169763665,0.6901339696096247,0.920642766413709,0.21041343479254404,0.09872746279029787,0.6962958561405397,0.3297266035062515,0.7687405615302915,0.1910648078823105,0.18677999153240565,0.8255078885306,0.45947930344247545,0.6803014777583523,0.024175721937640393,0.29907543780813894,0.9745475590176154,0.163418095079766,0.47328585780493526,0.4362301991707499,0.5835844068070032
Commodity_142,0.5989614421880413,0.6065367155514348,0.20024408614322775,0.40070320733995135,0.9555797663047803,0.5434784275060122,0.7656003583654775,0.6693304657928928,0.6696553941362132,0.006267826648046815,0.9228627203656979,0.851395066172938,0.885445651274774,0.7204756949312895,0.7193244574069247,0.006541742424002073,0.9309880243311961,0.9635207099845462,0.45587550401888877,0.8901126423719894,0.6642895728122437
Commodity_143,0.6494457953481079,0.5184764175513777,0.18981189204476268,0.8175477596871564,0.46052838922212747,0.14134944714501763,0.18453585042976728,0.6058021004440808,0.012638648744900505,0.542049034521156,0.872170521577253,0.013768807437547714,0.6579664503675505,0.7066009763001576,0.20349961018939622,0.6359791361675595,0.4765184846193632,0.035721076985261946,0.6380825430385504,0.18719852395047898,0.7758645465983005
Commodity_144,0.10992771684070513,0.7008380683692339,0.18271443967839573,0.7862666997792805,0.5533822585907534,0.5611089788057319,0.369514149553384,0.6658406732764793,0.739385431299321,0.7173006843785591,0.35643423764141324,0.14906675140677983,0.3500518436612162,0.25249497731595827,0.26674792564773286,0.1979766329376862,0.054407045491752015,0.36173511481823517,0.430929610263465,0.2457270639084571,0.07015221947004135
Commodity_145,0.5827442244382104,0.48550354939991514,0.39103765695263404,0.6399105209965359,0.7406710856292109,0.5605993848425005,0.030796319684862405,0.9426844090720542,0.5083870544257646,0.7879449939955816,0.07785205076414892,0.6715846377042674,0.5905930006753137,0.19835378885364652,0.42295933328787805,0.7688648529735764,0.574387179039794,0.14133678077333078,0.04340228044868899,0.5650145235785069,0.05788302156598568
Commodity_146,0.9040426044777584,0.6066925572066407,0.7199046925137415,0.769080193431744,0.7938579372232685,0.5301023073259828,0.6749445996148974,0.2564436273833791,0.4752258199562742,0.11237615272265589,0.04013494128673534,0.7367902051430514,0.4409752542682316,0.518259917258286,0.6068971565190622,0.8616052856356455,0.6052015909514413,0.6265843908019625,0.9901655888552411,0.8894999773305228,0.7759300170657369
Commodity_147,0.9888990416160846,0.3783658572824442,0.6219207996265301,0.014008276122480567,0.7581772385283324,0.21137959220128377,0.345396907948218,0.06586149936646668,0.5566343306893622,0.5713662757445267,0.7864846139551441,0.20286768359216367,0.3672624080564426,0.41482508711984667,0.03393460753951871,0.7456066488201885,0.5798259824094333,0.6232869830148478,0.3501590148883943,0.44165583673016473,0.5971437871321008
Commodity_148,0.18182066097171312,0.06644453465576738,0.39581274344980133,0.2227699782508118,0.763698846426889,0.7731890201903258,0.2343418735251589,0.5353144040793013,0.6094860308865128,0.2736453081116721,0.5944211200659517,0.2641296664684657,0.18115238690581226,0.3829637482107128,0.5628609501695034,0.48787690898935,0.39274257212362007,0.3163120244914116,0.7385802290259581,0.3057429055596834,0.6433204264824401
Commodity_149,0.033319535156853375,0.9277947411199896,0.4178148162894455,0.3627374476716986,0.22393109442500325,0.9213079726693197,0.2201357651045951,0.21122161145046736,0.23178485961444284,0.2072704952900628,0.8929197578282594,0.09787223132164657,0.6657993056581544,0.15305465277723596,0.33463437348767955,0.7158956937726685,0.8611440878481689,0.8429439933568783,0.8132003489249184,0.15823776538743206,0.5009468629132439
Commodity_150,0.9013458520011519,0.12490345177048368,0.5120995351865505,0.9936715723367281,0.61420298908161,0.6216038084361936,0.463914754229094,0.9289639648015271,0.7855954958596131,0.14431282949083235,0.7696367572966061,0.9171749963895788,0.5034759492591665,0.34090153540338963,0.6641577670986544,0.2303166612773343,0.35703160066766526,0.7748603040988585,0.20129225647368332,0.3799971128114312,0.9957756575202205
Commodity_151,0.24172145732061145,0.5100741146818699,0.2987195899409414,0.46174708491947825,0.4773886016471578,0.9078105263314029,0.332391508374805,0.3637700981206019,0.6540264733228924,0.2977217860757386,0.5990144361063398,0.7655380518626839,0.6413309898176095,0.5095466408020367,0.201029990369066,0.7197485042054611,0.233145601673862,0.6094885721658797,0.510110025030193,0.3527725765212544,0.9917250872421924
Commodity_152,0.8446362701865859,0.3255317532904132,0.5298881473011424,0.09491185597569385,0.8363570264332495,0.6686402380258726,0.7967041367315797,0.0191141934132808,0.6345997621385977,0.03814540142178191,0.2551424835630164,0.3280138008754102,0.6569491095430355,0.19993703318993894,0.5834523466145112,0.7096672516506194,0.5421628772761699,0.9248793980943045,0.4402672415262301,0.18406381149829598,0.3040057843231402
Commodity_153,0.8475149328681646,0.3166396589644084,0.029697162224792684,0.1718051484293316,0.9345810641433405,0.5119690480627003,0.596388669645123,0.9517011187252155,0.8424436624445281,0.47906875294317564,0.006591690097654035,0.8722043779827717,0.19915965260874857,0.08468064445844292,0.013818763603772433,0.700014301927515,0.8699159929109356,0.7879727248417638,0.4043239362738601,0.7584464773207836,0.015548097307568454
Commodity_154,0.5124467947562921,0.25209023792476815,0.8563419124665466,0.22575242728938794,0.7529473567182996,0.10166980519771307,0.5016158294501389,0.7342135832044253,0.5951039983024904,0.1864808626519412,0.44086089498339365,0.8987443014093205,0.6760825873901621,0.005534075022057272,0.6086362914455519,0.0065439870727720395,0.8151861153999503,0.2866748147958311,0.7776151958494083,0.753466616918359,0.6767870827018779
Commodity_155,0.34025175987089007,0.5147163077315302,0.38118260607208687,0.8123272512964297,0.5550438674376812,0.9760598414688468,0.67761047443228,0.7048476284424225,0.8786293632905644,0.7191506169956033,0.7018539621136883,0.8885221054253126,0.8683119574651648,0.5815834768208327,0.572414504733799,0.3013638590045542,0.06085146571069877,0.576460229798709,0.19556850883122134,0.006080294532975317,0.9853137675013925
Commodity_156,0.6601318918222172,0.13135037615806955,0.8815291863508404,0.49648573760960923,0.4247759048435443,0.7102561534317962,0.609113710232613,0.6960951551366001,0.2993603999423744,0.7307445611150328,0.8167740269745039,0.28383926603998166,0.2984839087323329,0.7767348315206201,0.1480758519977302,0.6181119368013733,0.574137868148971,0.5845305659223811,0.28801675595358833,0.27368201370585243,0.624636886273059
Commodity_157,0.9288343187299996,0.14448564200549296,0.31713470385121156,0.0742162790947527,0.9155358491678597,0.1165411178302248,0.9038133582820546,0.013678577682534332,0.8343941965604988,0.16504002264838413,0.1551622684541093,0.5579697963153604,0.5075289560057872,0.6220310545993849,0.47626276293224656,0.7754003399435889,0.9858062455778219,0.0991989655524751,0.4122366450182162,0.7501601396296405,0.7357425341538316
Commodity_158,0.04010179046813178,0.12383873031103909,0.899104389038011,0.6701687188519819,0.4097572263193958,0.5914830900433279,0.5431037935461892,0.8185864329917337,0.2620267356840993,0.32208459623829166,0.23393828873235423,0.41793054998744816,0.31480366922363245,0.8761453253179161,0.45619687065792935,0.018511086822622813,0.11237707614374648,0.7861020954043263,0.8285055024833313,0.7248643855973788,0.027661154904011553
Commodity_159,0.016336574096574075,0.36499998507300313,0.22999777943042043,0.7670801421256431,0.8601872934558892,0.5990438823076852,0.716918052182225,0.6351367481923343,0.4433796828968031,0.7060821483343136,0.37502022457987916,0.960603394639364,0.7560510104945766,0.7153993707179109,0.2822714144844307,0.8862137560295078,0.45056580900789567,0.9578021466065191,0.6784694911963735,0.19112901897034085,0.26931451579145016
Commodity_160,0.8365350003487829,0.14418257894650832,0.08675844541319466,0.7006469300398015,0.5970240305610116,0.704512706934564,0.9534139936321365,0.7703343968337618,0.22796407616109382,0.06609689651917927,0.2883138089234665,0.2594601080263047,0.9386874951962572,0.08915295044691185,0.2933502140028197,0.35066862737272975,0.537092466979904,0.42661110327997853,0.49280756305833306,0.12570966035139286,0.7424507100979711
Commodity_161,0.2948346718631497,0.047123835094113886,0.20172978744419334,0.5954769772514303,0.49285743029782836,0.03428881528032257,0.3389731945207325,0.4013879926762002,0.4892645892381594,0.2278136188871377,0.053645420837802216,0.8642819893467916,0.9259004111325261,0.512142642356473,0.6035535891714218,0.5810150751063716,0.7462272750664661,0.24553058184217436,0.03895696632264789,0.6867509710714025,0.855055611070393
Commodity_162,0.5095979922271346,0.7506786625947268,0.8306360481327891,0.3748067714886545,0.32055525254797845,0.4903404947243236,0.13921201742740774,0.042118302367806115,0.06273747996417578,0.5553931996175939,0.4679082088490021,0.7012026134259541,0.4409642830905913,0.343216183480183,0.08708154090674425,0.22382288387085203,0.24583136411503892,0.8919948435705749,0.8891688832117222,0.7235606434028112,0.5313901282028292
Commodity_163,0.15178843891780103,0.10932847840427828,0.8204725069851256,0.8610355315634688,0.4129767775907849,0.038765994470608356,0.7042704908700225,0.4152072784039117,0.7400033783691654,0.59461537441706,0.04698044881297514,0.589218630849435,0.022779616028884453,0.7672558267216777,0.43255255416835414,0.8717100134564305,0.1406799290523023,0.8803081514297854,0.7670802021059283,0.007165686533299964,0.04183137835248474
Commodity_164,0.7283346136923854,0.024970620581482694,0.3421423400770648,0.2223177988105891,0.5471270765631343,0.31403986804277384,0.6557249225222122,0.6698046529631523,0.23910076783573464,0.758297889903778,0.8724466346473445,0.6234225577501024,0.20185955511631948,0.3348026608314596,0.38738297139327194,0.7578223514957203,0.19845478565262664,0.16195055670144032,0.7143901739894752,0.6052254954509408,0.5431793581123334
Commodity_165,0.533141590639368,0.24219358353596587,0.7218910810349782,0.6814899358089552,0.06573741746574124,0.7426693342224341,0.5531866778991558,0.6275058835849816,0.5526392460321796,0.6569012337946591,0.985710241871535,0.8571737027040983,0.1310020690758048,0.35906622086462714,0.23649294937687804,0.4332869702759028,0.9982139360364953,0.8020140253153225,0.9025587955194971,0.5389375365114816,0.2658817234570171
Commodity_166,0.21202269767218085,0.06497748640602441,0.6350478037847052,0.46141523299922504,0.7696827119866035,0.738174518157881,0.7923657385093904,0.3919619240072454,0.5897667739708439,0.4787215967440558,0.9044959534350744,0.3416661770397277,0.5773294038096323,0.24608332214330364,0.7636841289216175,0.7239642390257213,0.17967018280192715,0.743691534008502,0.23146788577600075,0.9187274399126937,0.20945699091280712
Commodity_167,0.43869000653546164,0.48792252382712453,0.5404709171877323,0.9179739364537822,0.15107153185908528,0.6480139715965477,0.09369955596313784,0.17726206209870765,0.3778266129897264,0.7085270147926047,0.09847027730886915,0.48796721971729584,0.0030335493556534754,0.9093676248338295,0.19654809776809945,0.6408180074168505,0.085070470073074,0.9171584353450706,0.8574686218462301,0.8088054373388401,0.5593298938820552
Commodity_168,0.07731157354155016,0.38986915140272904,0.5860275297624573,0.1226429102089377,0.06230377190502201,0.4456604755540572,0.16335948129741873,0.5660460065400162,0.9994832008928332,0.3865466576391864,0.32848095868408933,0.6327956670575864,0.4807042478957736,0.020387912001504693,0.7119257400929992,0.8870085242670888,0.7015891789465933,0.509073757196722,0.49664820725281766,0.9860214404823141,0.568390257622112
Commodity_169,0.49547369794251217,0.9404414148827536,0.15639344809303557,0.01562203355483649,0.2274532955088192,0.1998278038695338,0.9747224931748781,0.7028759667906079,0.33388322176151697,0.23524365651146317,0.6344451808552725,0.3217046101119523,0.6098993727203881,0.1283228601876708,0.6167185016913386,0.29867729830803025,0.32194617842455286,0.9112046942043774,0.27419018989059996,0.6839711681380076,0.7313358931563206
Commodity_170,0.5232970408466433,0.9804137548416015,0.5578103749289249,0.5074108049849645,0.06096422117154021,0.0011792755080840545,0.3418163700442609,0.5954527844155242,0.4673285323012679,0.8986177255260481,0.47840525404129663,0.24093048811067086,0.5123851210313731,0.37976589057229626,0.44806594750339257,0.4827629122561379,0.25444394052463293,0.6101071231838888,0.9602883466486651,0.6418559999280089,0.22362854977384183
Commodity_171,0.8751438265528785,0.4240304969212989,0.05106651268117046,0.6491523847307012,0.21342886660442073,0.6870350334788407,0.05055897370471507,0.5490919445222705,0.5568968347415981,0.7515359903745757,0.6149056239536604,0.21845617577580012,0.06929593600648809,0.5128319520344997,0.5382572630509782,0.8616451194594933,0.3033806567501727,0.6405295038354861,0.9838872412107013,0.18642489172147647,0.6979128169067372
Commodity_172,0.8335285117717784,0.9035137925158074,0.776038399160564,0.1283177537712884,0.9045533215365977,0.3508188190032482,0.8225913638618121,0.125024699460201,0.2828642288383535,0.8675198570810988,0.10447857987800335,0.45020346237785125,0.8346452527373219,0.43219209478756715,0.6883076197909952,0.9564476176252529,0.8749085399287935,0.6462475696658785,0.9555358583747257,0.4288250928221927,0.6011813087293815
Commodity_173,0.9724909032552385,0.9748465776775133,0.1171507562870171,0.463790653534624,0.78361756353053,0.3750384755088564,0.6745389949879753,0.43668147185778405,0.9107951818332852,0.4355132459967984,0.044215236826669724,0.6462109450323639,0.556487736989084,0.6851618017698365,0.7322976964310027,0.7812894901821003,0.7716506231326281,0.3274486869644919,0.6270260959785322,0.8771600427330379,0.05148680015541607
Commodity_174,0.974324472006975,0.6829298614225845,0.740728035317053,0.5318603486001263,0.40570744659546487,0.8645748132558825,0.5696626766912238,0.2867247541292136,0.6581982931364214,0.052164189706805586,0.6663288805948243,0.38490410385338514,0.8759614313472653,0.03873492401310963,0.3438584815702712,0.08212169469431796,0.9579824054183658,0.21088948531903162,0.0886279344590658,0.5702479862746803,0.9599410659355102
Commodity_175,0.7822761374122588,0.366043691446319,0.4903264163576929,0.21679976424504332,0.9967561870378754,0.2636630697978434,0.6371670184457093,0.10958849240170876,0.9309604043743233,0.5058383246242232,0.5770389935897027,0.7706518732043556,0.999994524165245,0.9595675668314061,0.8586062196381433,0.35251583861202895,0.06749073314502008,0.3499152287165669,0.10108550954753337,0.6841695775127689,0.98641690878716
Commodity_176,0.18716656781287777,0.06169408958204359,0.39219622324511405,0.20462192502357335,0.9796951192605566,0.6620026323354914,0.5157660440101157,0.8629434542320269,0.6723502876479549,0.18938909357447864,0.6868095705242077,0.800102915953468,0.03204414836732805,0.7268500469229007,0.6220831033882929,0.02819910794571756,0.25528849749644744,0.8291152661987042,0.5646746182094055,0.9159411528412846,0.7107774613290869
Commodity_177,0.6639242995424802,0.13450419124066804,0.5040047916312995,0.2645614399087928,0.3853990480952917,0.29790628877266345,0.6341548752179582,0.6679745536883857,0.11725985900693525,0.2666711741858948,0.14863393313681894,0.41677204243892996,0.4051327671274355,0.6365297698527883,0.7342832720700025,0.2520292565124731,0.49979502026899336,0.24612297314582476,0.16178654942722948,0.572760586362014,0.35007246980955875
Commodity_178,0.07822119500272728,0.627005271598607,0.6665875953683617,0.9021461879147664,0.33437160820318323,0.0977854883038255,0.022234107902834532,0.4636350404307281,0.5982948779661558,0.6997411580953988,0.4051481580177919,0.8261163072042899,0.39802464257401926,0.19944363736628035,0.07064464029425488,0.5719670916296696,0.1105070719507204,0.09608391731735622,0.2843982641085905,0.9747434278266914,0.3960286591855826
Commodity_179,0.6287300650002907,0.05359733077287798,0.9909202070058334,0.672049211826368,0.1461276043041121,0.5714108303365597,0.7372977814242055,0.5420470355637491,0.381028209537551,0.7399097442331681,0.46700987845634956,0.023299989004941124,0.2779843509081976,0.0938470512645071,0.014727495497723009,0.7843324733349799,0.7240131756549248,0.1095405034772029,0.25108538662561897,0.11104859519205301,0.4930577565782913
Commodity_180,0.9448078403989221,0.974444136160841,0.9482652335694184,0.8603217873836567,0.9807207628369337,0.2759416905658476,0.43959552316867034,0.5565760853139166,0.6038747914385105,0.29738309880175817,0.20158297359731348,0.4428354622559628,0.9835162930979491,0.7260046949175541,0.8298099086979789,0.5714245907964465,0.9683108449802474,0.2072398723689265,0.5764763047014164,0.15807523071958685,0.7109811268692106
Commodity_181,0.5405260581394732,0.8412239501120912,0.6467241436671379,0.7610910679202184,0.8533547982302802,0.5387360144507595,0.28843564050283954,0.5019918116749686,0.11725314544651577,0.6794992163059137,0.9393709168294795,0.8282015940193407,0.5831615763410112,0.5050398551660816,0.9603445578667619,0.10161997483615415,0.09946901249061746,0.09893880485062478,0.5991574044099723,0.4102429451673042,0.009301067325656831
Commodity_182,0.8493653696902713,0.0798326453410102,0.006069310735982381,0.9930240332495321,0.6132759639508086,0.0639371192611159,0.9160061243941069,0.6755882106016303,0.625979373087686,0.798107040998221,0.6265041193700299,0.3687505557041608,0.1638550920075733,0.5711818359543192,0.4495173065937953,0.7618788864392011,0.6243397394469212,0.9642639862306688,0.34482543470199434,0.1504067932148928,0.004211632009936128
Commodity_183,0.4705545192654298,0.03918170196763293,0.5530283712081012,0.5167508632077046,0.9422196660126193,0.8405774872858924,0.7484246588965163,0.11897857079013796,0.9699374116122291,0.290601186122423,0.16216096238201816,0.9213216851713797,0.6953997469722064,0.895473668924207,0.5223277607961372,0.15219906331531485,0.057250366288023824,0.2058405479528277,0.30829905299508165,0.46445585081152807,0.26991325427038504
Commodity_184,0.2117969709932045,0.27413029185400883,0.8337178027753392,0.6978481955538263,0.6436582280023035,0.9982420178061057,0.1982625964118454,0.5801655858530412,0.051532449973096583,0.708981179877531,0.7714995246195292,0.03271620766045835,0.3257072112264713,0.6048833576837884,0.8131705356678935,0.6150020536956933,0.1698795055811685,0.7733711865403387,0.3724727553714775,0.9359292406829423,0.38917512099818663
Commodity_185,0.7158657016704886,0.4815523073367227,0.8223904061216295,0.5433817405856572,0.5139563028564472,0.4562084475252436,0.2898805178209395,0.30263469602909143,0.4142407073219754,0.5465371265070147,0.6671953751343782,0.3387840681210168,0.2659400291728312,0.07964541853237117,0.032642990262755855,0.7095912641890676,0.3080061324191581,0.9862901899530636,0.1870780301424657,0.7003705625275856,0.31198998172865766
Commodity_186,0.29037537251550516,0.007690649315854614,0.5860247770261664,0.04548891588400639,0.3180422366276945,0.9927368450339488,0.12630347892401472,0.282371690719854,0.3646306707582342,0.40339093297258677,0.21529945941972428,0.29383829329699473,0.4994978409747678,0.2637873986352566,0.32686994646668643,0.5049357189403746,0.9666208940660233,0.25417823570393794,0.20034559381173267,0.1310553749426775,0.37178850448420886
Commodity_187,0.6123050254704229,0.908026177790829,0.44431746826168295,0.8461492546009844,0.44303176139862155,0.8735992621710855,0.5308091173445181,0.9951223458764525,0.7158973288904373,0.0818253729235372,0.8342568874007664,0.7629032964219139,0.725252336651167,0.9938710402395803,0.7018672001294571,0.5275596110825633,0.30360964432504156,0.662199522539209,0.8686733090777363,0.09082870846887703,0.9971891625058568
Commodity_188,0.9020514053169972,0.3443609212345957,0.14941176542007484,0.2465564665430252,0.6519324032192049,0.4882730362403954,0.4736416316611398,0.29266426479584795,0.946047265613606,0.3501175575441571,0.7826655575784601,0.3283134456808606,0.7004740904825175,0.49238374395194595,0.9633310750913988,0.6599506108104646,0.9022926985722906,0.20468572688837483,0.27122172931963195,0.620624819925976,0.9696643177033838
Commodity_189,0.2783910896365469,0.8508927375729012,0.2617281068931252,0.1209260077139066,0.23434713434417553,0.03401820922794707,0.666495367508275,0.2747007529511799,0.5155638546705262,0.8111534873225823,0.09765542500803848,0.4573785893382116,0.07880954736049339,0.05993692970058073,0.016370571091561148,0.13530160548531678,0.00398816136246416,0.9226307624189776,0.9438723979702716,0.10140478898820648,0.26628052653779855
Commodity_190,0.2726281790855779,0.8900380419474605,0.8000869391324302,0.7732457751407141,0.7268192415319754,0.7909555589766427,0.7313904157985909,0.6705379805901885,0.24060794816503595,0.35555144688581874,0.2219116354507401,0.7165100454856405,0.27143341866770165,0.43397598902283085,0.009390549520459812,0.6297004001113581,0.8530634967331131,0.5222689658218233,0.30335183758267437,0.3690364504231327,0.3108461494554068
Commodity_191,0.1574395103246905,0.4873821462437483,0.9500102743545771,0.5481833302469393,0.7584629074599017,0.02850935815704292,0.4336020795911625,0.5301857701875088,0.19918954750683737,0.35713105510254406,0.10205547879804056,0.6057547116626743,0.7801748543636637,0.6876595786313244,0.5887367900133831,0.3481337715401075,0.5515967595099689,0.35390603051206637,0.9122628547852486,0.7964751792654549,0.9134613916007928
Commodity_192,0.18805874533484357,0.10020462780709449,0.9339337064272689,0.11480119084649754,0.21830887205960414,0.47281410099531396,0.5124605120360471,0.07233607327525626,0.130317000664522,0.010219766688439047,0.15333822050188095,0.8181044716102299,0.00045457108605884144,0.5886029233433038,0.927609431746646,0.9723346423459828,0.3784494871369509,0.5724287802616512,0.24239014251755464,0.1033322154522448,0.421577041528562
Commodity_193,0.7650101534549864,0.5104619143657765,0.7854463967396533,0.0035647530530494853,0.9919876677520488,0.27102142602933177,0.9415923826758372,0.14857276370246086,0.07572471462974584,0.8455581724136306,0.5419854996042439,0.20183704941358205,0.7076043985244045,0.9318634979827899,0.3942331465858381,0.21902088447220802,0.08689749999913399,0.4694400203011001,0.0017993124221545864,0.16393346790396135,0.6977492258491417
Commodity_194,0.5388235999643091,0.688704800137515,0.12441257277624251,0.9507444432120673,0.0887495960303133,0.16629848011522752,0.652613956111249,0.6723979413104786,0.9305804098064021,0.27210734553442684,0.8568226021311459,0.3325743020036045,0.2873111534998142,0.3812346115440123,0.4326903478432399,0.8727594411116956,0.4425113534463092,0.9280036604954076,0.8113174682425844,0.7025513319923823,0.38870193892679783
Commodity_195,0.4841225808934626,0.827407419821847,0.4367360757062383,0.5297144380958316,0.05746094710106642,0.17285124640973548,0.8074499675778225,0.7190568571950458,0.17447163456275094,0.16572108861880108,0.48339328374904567,0.0027300462667882996,0.6619176561171353,0.011595140723299258,0.5456498756003343,0.8151374596820302,0.6652647650533868,0.13013949051666673,0.7503790551614855,0.3851171069097331,0.6228274917095562
Commodity_196,0.032022545686247295,0.03940930867884185,0.5586415742844513,0.9809800333859695,0.9756096882299994,0.9593729076554297,0.4614512630245893,0.7846718306054712,0.04536232992076261,0.695116069730482,0.2728063318389522,0.2146131317725395,0.723262206829949,0.4098752262808686,0.5138213443846271,0.13467148582997324,0.9983747205926596,0.535768680836006,0.549202229486962,0.4098708965434854,0.5033135229616075
Commodity_197,0.3722490603911026,0.8664796229343505,0.5946394441983766,0.3841178406307669,0.8561215957930641,0.1384049857889611,0.6455290178960538,0.9662472993070889,0.15939215252357963,0.8252066985866136,0.6119342246794881,0.45510608814692366,0.43311162297129635,0.4699327222915948,0.6289994996167673,0.2512893947245938,0.46269914890934627,0.5357654809949016,0.04003147294607434,0.30156170324910747,0.8019463155114251
Commodity_198,0.7841360039615262,0.12912165396861197,0.8294395135433011,0.48360704228895857,0.4230277312260524,0.8183667628639145,0.49044365461303063,0.5930298477380462,0.15484506415328536,0.01245078516862086,0.9842217455212343,0.48303404726169075,0.21378255320029582,0.8875870149675343,0.6953362674491134,0.204486228342027,0.8844950106160231,0.8766234809266338,0.21537060373007966,0.30360350300987604,0.3002944699093292
Commodity_199,0.822245491261678,0.12614806543135682,0.9611642919201618,0.5418333200434406,0.8625182508747804,0.9269285782540579,0.5633533935651106,0.992090601469464,0.13616013466703614,0.9873152052489409,0.7835412095264362,0.2783617103117162,0.9764944266277419,0.1301675747487897,0.7056467529001155,0.4057645291628733,0.10878669265954655,0.8596830933213072,0.5772748101334997,0.14015340058849723,0.5910291057813912
Commodity_200,0.8607542048032784,0.9341151783746812,0.6489156379142468,0.56650720897904,0.18598027324983857,0.20392674927520626,0.8633288396281392,0.34514645350460116,0.46625300031187156,0.03360763441281944,0.583442821072429,0.7324691725671444,0.929826579920514,0.829511881661592,0.40366574516694886,0.34325721315306923,0.4010585905003258,0.00875602272973397,0.6548924756931706,0.09920386066114495,0.7457680398397842
Commodity_201,0.9828606645336337,0.08806650707266528,0.6935972748661476,0.19228792389174598,0.7718340408977036,0.25577433183561116,0.7969548375966987,0.8001967624521619,0.7441849241279341,0.7071329378113139,0.8203068433193241,0.7411811781171667,0.5109087821890969,0.06512482394894037,0.8444610619777939,0.973868685289631,0.05856878756654604,0.21409485702825504,0.8975275374018589,0.7118618632398885,0.5603446434781643
Commodity_202,0.2441975901200204,0.5895523138119653,0.45112857676321305,0.38459616408793573,0.6780945320496101,0.08881735840132332,0.036493134079095935,0.09523672992219456,0.37138391902580037,0.5970178320440749,0.54140332239604,0.40519991651257714,0.08036822886380646,0.44651807365500573,0.6662838647078868,0.9291711353018989,0.21456178928360825,0.08152347030146145,0.41164783755165313,0.021469964916720374,0.3445733840496019
Commodity_203,0.6365079222269487,0.7367405430172796,0.6403767755978534,0.8139699540919412,0.6160139457732966,0.6699923388445814,0.559759810471392,0.7320767537075581,0.0643908354084447,0.01419686565712397,0.45766133595103053,0.18585155943523068,0.2727540894335566,0.45517381474438456,0.09154518679612278,0.19519282274725447,0.38135366681392635,0.033831295101590664,0.4612970768814951,0.30745000135603917,0.3848851594545898
Commodity_204,0.2794608793619813,0.5947683728719549,0.9789284333997695,0.6226388628694086,0.4061884862542686,0.28118440807606804,0.8690064490344589,0.9998423989101493,0.4970021790542657,0.6511018579475748,0.837813191591628,0.8391025553885632,0.770301655081013,0.36851937674545143,0.7585769111978378,0.8994280668089776,0.5709525366644429,0.20164445243071394,0.44360525940056483,0.07238879002223597,0.2646035841993144
Commodity_205,0.906785067930004,0.10160507754114467,0.44185539197439727,0.35843459463031246,0.16535557617862628,0.7142236823245249,0.7611427255411354,0.23871865570812767,0.5460247776361395,0.8796722868177077,0.10310804407588947,0.7723274711458914,0.9829282887145064,0.2531987062212565,0.5253765594551513,0.7296216123509403,0.5169671443183248,0.4310067015578114,0.8073833256444201,0.2450357791713338,0.8412712413935975
Commodity_206,0.4474211456772187,0.5547694480620231,0.5183282189600269,0.9283396165864088,0.06929093866855973,0.9499834535878654,0.169605264831992,0.6709287883010825,0.6274816678084796,0.09156546784006148,0.43328051130543854,0.0806556928427854,0.7270106878477584,0.8734071776593637,0.5831446041018822,0.4053024072403012,0.9183782972923158,0.8868417615298259,0.4579517899119535,0.4333262359634912,0.5806987563442355
Commodity_207,0.08064559836752405,0.9844331084885334,0.9094947075107942,0.9300148182813203,0.21817694100050078,0.43394675483703804,0.01924566701002539,0.9299755131242491,0.7620104653594302,0.039827440956499593,0.7528111290310986,0.6604692345982428,0.025421968371756254,0.7592570958657107,0.006026568308483915,0.775596267991688,0.04764345940334214,0.05839742057321773,0.23821893814363115,0.6073164361828138,0.891051855430979
Commodity_208,0.4265677161973431,0.7043320380482476,0.3383148573747199,0.29276587119909725,0.22473511567200766,0.03068798332700262,0.14407323005030448,0.4310642693764646,0.49465425798973417,0.6602735197182752,0.7864210089152358,0.3783272165929088,0.03046207115847477,0.8016725279956277,0.6337461596491272,0.3755620098574064,0.3461242798047468,0.12167404572324036,0.8575596936051033,0.09306222651530249,0.9765351897966589
Commodity_209,0.20894609392356478,0.20498814701709467,0.13330255412165026,0.084186564074749,0.7952560657657851,0.043843981899061135,0.13382498118799413,0.41806846307982193,0.2969588074430173,0.1357977740253069,0.724525210148874,0.18374880837281338,0.9133522346804526,0.5179273103912607,0.43652975552331763,0.4985604367079711,0.7391019332113289,0.9133221799465221,0.6273262352262803,0.5040177479220028,0.9293910587582414
Commodity_210,0.593540243120261,0.7771229522026518,0.45065852696461295,0.19183967246874944,0.373970465640156,0.7149901792478619,0.8554719496515286,0.03995057976672489,0.06789943474255156,0.7372827250787897,0.09632508152240382,0.9690017108213579,0.9180898706349845,0.10407563201486847,0.9877614663458965,0.28040039533845507,0.2644500226006439,0.6058622975700779,0.6381029601308282,0.4481980579541045,0.1539957268920954
Commodity_211,0.5192170152008366,0.6424242850465856,0.26046882411773353,0.8259824350467497,0.5988103910117988,0.5718559676622319,0.08181965951545489,0.9240848918961705,0.6948224238335787,0.636625183413588,0.2984159703951689,0.6631014251799248,0.6298065609531974,0.3274860539829517,0.7269072555734915,0.41273220768535546,0.643421483988927,0.14933095682166564,0.8567402665222231,0.45032384781336987,0.14569631432836438
Commodity_212,0.9377400062337586,0.8281676488107256,0.5837830556444856,0.1647936318506732,0.6215856546746219,0.5218070964790942,0.6262567217754439,0.71324052298685,0.6605094638185567,0.284930669183627,0.049304351619921416,0.03969629415960785,0.39093074941627215,0.10546423001172978,0.616734361177051,0.9402880060205737,0.9445179807376721,0.127320300487333,0.24230989704273675,0.5300571904170588,0.30447007153478234
Commodity_213,0.4459591187081001,0.6279937982085947,0.14845876577517514,0.9128651137766635,0.08243383918249125,0.19384614722463345,0.5004395626159709,0.36585968802090174,0.5241565175314278,0.568101863656034,0.4795613675802173,0.3015171110370277,0.5077838743214205,0.3702877901591328,0.510756741296358,0.3856854330463675,0.030414688964510272,0.08312683385826669,0.28025183522298847,0.8454323908408781,0.08876650740254577
Commodity_214,0.6166026285141187,0.4538718868410323,0.67262672406509,0.8929982998177765,0.032916876745048174,0.2735873786090499,0.028028723274601042,0.03786102564173732,0.322145373527544,0.5338276827762812,0.8371215576073909,0.8038463525526361,0.4766294179353102,0.6571613579459303,0.5117813219279203,0.5061744076228476,0.2702382471187794,0.9724585752814542,0.16467153690619618,0.7014812113719372,0.08976893021568466
Commodity_215,0.4272901391082209,0.527011471174528,0.33705889452377624,0.8275481997715066,0.4769474734867255,0.47982460291267415,0.353751985512475,0.8810766091158606,0.478960277959802,0.7268624711357825,0.8331970055363723,0.10568738382062648,0.35891053749376756,0.9022014663912717,0.9956544661504456,0.6718589929223195,0.29203716298430515,0.02823990927114617,0.19863185293976082,0.5752946701301015,0.563696835718123
Commodity_216,0.17672883020040098,0.7345518487195164,0.17316279423894687,0.2256670451316648,0.9365675488327879,0.4684563882024746,0.971837774652188,0.1468593622800839,0.9539557344748103,0.6755451210522743,0.7099329909291603,0.8203137028181865,0.9235856175442151,0.04620923637839336,0.026986676002691667,0.7427028191181171,0.08987458239863033,0.7680752039554968,0.6766418561956233,0.8463049521561743,0.7354226936934418
Commodity_217,0.7754436942190555,0.562397525153131,0.2882725386634363,0.5392930284379625,0.3149448654387146,0.5137061728741177,0.41681602030165776,0.9135868013508276,0.7707188577626245,0.9861652036499365,0.6473125727912059,0.8503618612731708,0.6096289197841892,0.8698030305671222,0.7148709480083456,0.6225969049535373,0.11348619040508501,0.7099084200699424,0.36067895688796414,0.73538115640404,0.7921422436570841
Commodity_218,0.6749163965763652,0.28529678372810274,0.3719646005380811,0.4066954792914186,0.35711197758667923,0.7035306262408225,0.9080972419972805,0.052254041848096344,0.3821893663575354,0.655279111045264,0.5296789699767382,0.26240096894078224,0.3480456122537794,0.7301823188157114,0.09806577036016895,0.2609358415946341,0.12360639594879297,0.04476200084521198,0.9123286421608587,0.7891341087660145,0.46379356880231626
Commodity_219,0.17693096133108255,0.016357796624887677,0.7529592939275241,0.9695653605668246,0.6919009707116133,0.26895491765045065,0.4150256991395834,0.44137431727819953,0.6719881420011282,0.4658892325497115,0.8484618849240343,0.45250222471400536,0.43588121974359006,0.28469073800074896,0.8337501258030824,0.9247725727717057,0.8136967252161464,0.6046691774185337,0.5664796450884301,0.8020343951160396,0.6346731457943644
Commodity_220,0.9151031743970034,0.6474325527997373,0.3016551128439582,0.30461591694799217,0.9119921781851256,0.3432899912600813,0.04348027214217898,0.8737501062162114,0.1463182639931242,0.01831178416474688,0.7251485046954641,0.3841306601201798,0.8632525488602829,0.07553730833394823,0.23171903946210137,0.9371116740033073,0.8253858230595124,0.8968880495351734,0.08085265677216757,0.8908836409987851,0.26677772614710193
Commodity_221,0.8928099049285992,0.08768660660254379,0.5813196889277336,0.03509337185634398,0.6886457726024775,0.9458490085751151,0.6179538931973314,0.3218766911768869,0.8339141277830175,0.6966943090298982,0.6005262112361958,0.2688374464907055,0.8166884053879612,0.6188922126941275,0.3679422884699819,0.32496676473118746,0.5066968991618922,0.5398720753299159,0.5942379082305944,0.2791415484042268,0.38017361104956215
Commodity_222,0.5891313901635928,0.3352748830104061,0.834414830676135,0.5600595326619707,0.6356385606803865,0.8063733075077896,0.9597502771218123,0.12852267388253646,0.3243565859834747,0.38041280129448696,0.11615533575103598,0.6534492333854716,0.40611293316299135,0.13791433027655597,0.0015846282916570642,0.21960506973540883,0.07625664456916192,0.31450963364260076,0.8732445234981386,0.4868890548089627,0.1062531302369254
Commodity_223,0.5549519858631358,0.03766877733606988,0.7118412193846679,0.3487349341695749,0.21033083942660935,0.5238949686821534,0.3585482105046096,0.4473966619902362,0.6800158732652511,0.9601243198145475,0.7923481324940377,0.8698200968663691,0.9806709566391612,0.21358035644524043,0.6026335371730485,0.38821436521083286,0.33517675294633575,0.9515792213734486,0.7550958291961416,0.22825407190815328,0.006283602270017008
Commodity_224,0.2480454870038994,0.7116125175102704,0.2640649297648452,0.006806793994195037,0.8724546625591572,0.651065970867152,0.956776679372319,0.9131957870292706,0.481178126402097,0.8490298223998706,0.9618923904533659,0.5567290090223134,0.34218706924516773,0.7517716479989978,0.11165014524480965,0.6188451103468388,0.19685009498762163,0.9385487729376834,0.8711317415419499,0.21231213788481962,0.19068007963434186
Commodity_225,0.2297964800229929,0.9273896378177937,0.4761058272112695,0.12683862432723259,0.9854593104760389,0.6142154515652424,0.5598317159121653,0.8571090449529022,0.5031958961489051,0.35749274771309325,0.9331509264069973,0.6596794439049433,0.04499978148390371,0.41298061635587,0.665117333047586,0.05471840700760677,0.9457348791288355,0.2991835427474264,0.2912433141922478,0.7873392226321205,0.62301721056379
Commodity_226,0.00787293595978078,0.08262887922512152,0.32675478680935255,0.11411105371529207,0.17593825639584193,0.8802454203552023,0.3266599511141932,0.5449497141315279,0.09103774580998092,0.3247342430375326,0.7065389943985593,0.12566644662890325,0.876595813987534,0.007585740876878577,0.2994215894453317,0.5245540574360655,0.19488942824533817,0.9785968727409942,0.9966909085624749,0.7936391988212504,0.8341390212763987
Commodity_227,0.0903700457099601,0.1537839809745355,0.46363498289748795,0.11888475002820664,0.912450611103962,0.5300910152933377,0.6251162320937375,0.10716537846991725,0.2386668097082354,0.8831702551537409,0.10917638211286451,0.31533927591651034,0.6863959958346603,0.13919316714585928,0.11600244822406724,0.19603369193760334,0.06973382199379186,0.9972013710026545,0.751289252671063,0.4316667800741749,0.6859501429746165
Commodity_228,0.6435991707141728,0.7189653378047628,0.20900078651089204,0.3657162406670953,0.9165628679521404,0.1264603905169548,0.9260439456111664,0.12876681170978954,0.578005369177976,0.9787978850198872,0.2814054069040959,0.5584318699947914,0.9975886981399545,0.6216218525770878,0.3695003387895949,0.7153578182866577,0.9080268821668682,0.09273334724415139,0.1898320551053444,0.6802745278071243,0.03086106246876197
Commodity_229,0.7534750057012577,0.7124642173934697,0.8121550529263406,0.9263326052070322,0.7189245146986722,0.454426328730445,0.5530086356309125,0.5489359740720775,0.5400458341955797,0.7020949731397444,0.5444028550862539,0.7149322843206539,0.8970164624575973,0.9729626845553009,0.8343814952328193,0.9522127716420971,0.47307111125194834,0.2547176840662583,0.8317329046603242,0.8778204124011652,0.4836900910417321
Commodity_230,0.06615794060709412,0.10877595974186471,0.9057735452229644,0.10519414502200397,0.7648529927159838,0.7267752905508568,0.02490366661318255,0.26280375721163773,0.19832389927618987,0.10233037656544797,0.45004607632268,0.5194958260567194,0.9294957562172255,0.7085714642448059,0.9688020897022274,0.7734536451462166,0.3927685246320337,0.7963106863524813,0.11283774668300206,0.7627902131701185,0.5219946281677867
Commodity_231,0.5285476117866096,0.16625418942975412,0.23963165123607166,0.4579544854404083,0.13185966817408346,0.8205838030799911,0.9918291728267591,0.4869316970176407,0.26701581758695236,0.15067926594120107,0.231469335815904,0.17174143086758864,0.4593639500201815,0.6803482126564054,0.12134863564696041,0.9752481641444914,0.4031003112566557,0.5110906988062339,0.9391171588499131,0.7102154826976983,0.2550057418621132
Commodity_232,0.20703861389358658,0.5197179670101049,0.570804187598243,0.06321082357799435,0.3105252357099928,0.47818678048178154,0.7281811836830265,0.2549082729795713,0.2973269520533972,0.2841487971944864,0.9502791574830727,0.514210444486806,0.13066673165514153,0.4576534154814539,0.06680803005321079,0.0010416784313865834,0.3645628674955873,0.7829061813064842,0.49611299133107933,0.2018871490013373,0.538307651347095
Commodity_233,0.564692673663221,0.6493124514399764,0.21031574770830241,0.4859812763554905,0.6428545763294988,0.6203773449554569,0.2905476377704198,0.41005637814411355,0.9173770133545456,0.8663972963700701,0.8675573956314461,0.8890117356875195,0.12941427121889026,0.7932003798942084,0.6700801596214241,0.29992653630906296,0.9762476853835367,0.5438424319903147,0.8970183663434,0.3038820290343348,0.19267133792552882
Commodity_234,0.14426829386169104,0.9955064591657884,0.5234724835534432,0.7991422103491167,0.28515223072240325,0.35094996857353744,0.6304594846399341,0.05092827568518543,0.04631921449439713,0.792795271657769,0.6669857789752243,0.650331679487207,0.30300900624049776,0.19572127908000003,0.4501087645246452,0.7552002025175054,0.7914448549325599,0.1881696994641705,0.04170601960345932,0.746558105212919,0.9961768821173548
Commodity_235,0.053732111609679056,0.6784912853759882,0.8217408234847404,0.4083265202829933,0.7688341087667346,0.6483968278151768,0.09484884738527632,0.3865004910851143,0.22014420070957785,0.7477021480857536,0.7615986772236734,0.17737176572368551,0.2811079467960921,0.2855753682344423,0.8139721971979397,0.8742470617775948,0.5386934621027119,0.9342225410302328,0.1804085451977535,0.2820259306574815,0.18307398260171825
Commodity_236,0.030819340322132738,0.7713135316582074,0.6915603356480975,0.17612993474924443,0.9472441159637415,0.29518105154369334,0.8051874473820346,0.07595575537789934,0.7628524996805001,0.47521964992358023,0.2204950593793481,0.4960612974363874,0.5854976562956513,0.5235832576127335,0.8835534764778867,0.6407605570016167,0.4795385714839189,0.3368941434517957,0.7801033784515888,0.3212126294189577,0.738679502847077
Commodity_237,0.14034135276025672,0.3787344763569114,0.40319785392149654,0.7663803856270087,0.38258537391907055,0.13971457524202868,0.7883006529754418,0.6875217915276991,0.23614373324725824,0.8870713423144677,0.9108674814645495,0.5061393228846658,0.14606948489036087,0.5549459837655738,0.4149153044304169,0.5773192240264446,0.16940170669300048,0.48876355358682033,0.8559382265930711,0.13372565744034526,0.1721995178925897
Commodity_238,0.002886760105070274,0.1924219480665983,0.5822851874911187,0.47371340369992987,0.7916015869327194,0.6866983205475127,0.5793229568753123,0.5738218588149909,0.6709145356193355,0.061326559552158155,0.0035212162127885582,0.8828309014277674,0.9135780473673686,0.6120759507619207,0.16745772107287438,0.4016112508009363,0.15978040629710843,0.890853046217249,0.0779388386233244,0.39327690750390176,0.8600461087987473
Commodity_239,0.10636637349275646,0.6123975731450138,0.4289396106727775,0.26240727835525335,0.5802226916086959,0.4032712984245628,0.8725836036032023,0.2990118971194454,0.01193598107518612,0.49847454828365156,0.17831971488291176,0.45489624426995945,0.502093536115929,0.3666875630671973,0.24673594005480137,0.0799517997047392,0.9116698054519188,0.9083743294547757,0.7904809748877624,0.5250832752068358,0.21021273946837138
Commodity_240,0.16181593215984302,0.012946421351559878,0.07565262462988187,0.6144472717632902,0.9744364808007836,0.8190544837173035,0.3145469396269578,0.9883497771481763,0.1780891328807369,0.6741512886558847,0.8924782173665664,0.8457680087969297,0.351107449200335,0.979825761862621,0.3630843791874986,0.8165344392095043,0.30884655107466974,0.08551815005533026,0.20376286118222087,0.8418017822331586,0.45694068619494455
Commodity_241,0.5488893770536759,0.6189134133632133,0.8018686499095508,0.9276590751677858,0.5149299764455926,0.9046392899203295,0.29075561808381556,0.1833724944851084,0.7629632094087693,0.9142516657881345,0.259905118590706,0.9958701348441329,0.5097171358896355,0.8430907882784837,0.6509083351669243,0.3199566395324185,0.6874405848762724,0.9569666148226161,0.11476000404008169,0.478793566462726,0.6580656407737016
Commodity_242,0.7165642118265513,0.9885803328889491,0.00472133044628642,0.7296866036894303,0.9565275061124051,0.3165427740993162,0.019956914568630135,0.5084154273869961,0.2206691946062993,0.6452510814527854,0.3516414587780059,0.9945949695082288,0.48393971016076964,0.6936399125777066,0.019448844132416432,0.5123239450394772,0.885668781117602,0.4022650316654921,0.9221259682542157,0.06572317988401111,0.8171086336806944
Commodity_243,0.013708811801765197,0.44819096888378673,0.5557984720528255,0.03421517526070694,0.18750058377593082,0.06787438744534124,0.49884447751181105,0.26327273150794916,0.2525180718294854,0.15749892988248715,0.4426954140795718,0.32397388331841914,0.3577800625288594,0.08130572461220409,0.5892807687678816,0.36973651896328386,0.8217791418954926,0.20392187409173357,0.31423410361977167,0.892891236900237,0.4521319795358032
Commodity_244,0.5125890622018905,0.5220614772719797,0.2167505935109585,0.19588126545997697,0.9759310635025148,0.024147304773651235,0.2379639257298013,0.4082207572050838,0.33759246581608326,0.9929034451009149,0.9140066023216422,0.5099099938126347,0.571954536588683,0.8690662071193164,0.3547315262320574,0.15271218838761869,0.2980798005327089,0.5438645934790711,0.23489278836947114,0.8283829146993297,0.46731390118408533
Commodity_245,0.5387624509887624,0.8658511685257484,0.13512598305394186,0.7462552389809989,0.6029466280141715,0.6185268584338418,0.4264030984079479,0.9019126244351899,0.70408895294764,0.4666397638498515,0.42337772413554364,0.32054255048144165,0.8258260062117488,0.9997642095542203,0.8296181331033444,0.7566583225142924,0.44781986456507306,0.4076611102060178,0.13711675726887174,0.7313641374362684,0.17130312987164942
Commodity_246,0.3108416986513888,0.8791251875457735,0.17508166520830426,0.9047870327393782,0.871030979297015,0.810508630081789,0.5386568800495501,0.46333460701691753,0.5094789788543226,0.36842198307511154,0.28353827446853763,0.20868833814362397,0.014011045363774177,0.7366195217828668,0.8378862747699122,0.7342750012703193,0.797157629945389,0.9567713163617753,0.14149699162833196,0.7385995872854375,0.0878236163454259
Commodity_247,0.5456602741200823,0.35251007113445776,0.09464235321413683,0.20530109463921542,0.05902717836676352,0.11426188288719663,0.6954147122435668,0.49430823426916204,0.8980421622586567,0.9213271831224956,0.4196940266059097,0.3942003450910808,0.33496417088224084,0.22238220770231942,0.6452259275994451,0.7242248437390764,0.04286150170856062,0.3454081066637652,0.5407479291522211,0.11259564104705666,0.676079608504485
Commodity_248,0.9792076389452685,0.7645219343853277,0.1703792808538278,0.8784583272896053,0.9135163005461656,0.262169765920796,0.5320753012496183,0.09838213303458587,0.3465177889389055,0.1294737622382619,0.5142856979246851,0.6951389831843029,0.3145759663005334,0.3600508520079495,0.35841984177372277,0.9196456752925087,0.028041004793929125,0.8005452478702164,0.529624488011786,0.6374812620685492,0.9340434968606661
Commodity_249,0.4861597568278001,0.3074047276399623,0.45298061212280216,0.19983915129368768,0.5263828753382696,0.74486977812086,0.9406003159128535,0.8748561992742827,0.07917882392759179,0.7648824275294991,0.7259609420121154,0.9910195324296465,0.35857117811101613,0.8915149416339021,0.7939103412176816,0.5906437154575785,0.4204534372516635,0.1727274060915115,0.19402157311221213,0.21565338183826266,0.9987948618581193
Commodity_250,0.5797843107611969,0.7426404105938003,0.6907485719933133,0.4882744312261522,0.45164036519245643,0.36419364007393795,0.5377103389251598,0.9468730696544929,0.8866784621329263,0.42512328631182483,0.5482664304420046,0.9001726973893723,0.26275937667156235,0.19907367800527875,0.9922849329838466,0.917314893811821,0.15608989347572721,0.3087569428427238,0.329187403521466,0.2163494185677286,0.11547178381362411
Commodity_251,0.5570047243899674,0.18051522404570375,0.6399833298805805,0.3300057024410159,0.9979084583111402,0.23521892841677328,0.2188786023775835,0.11931845789528517,0.24923566225418814,0.324818150616639,0.18770653172057705,0.487264692317806,0.25994435600816135,0.07902998767555014,0.6280767632378743,0.7018621405488684,0.1430026811948244,0.47325851188443824,0.34474825774300966,0.3958576175263525,0.1655728526579896
Commodity_252,0.31698845139169396,0.5523372361644526,0.5709945501890391,0.14811942322959248,0.7875722277151772,0.5560296442987727,0.2655550485190724,0.49550007609189894,0.8214802525583323,0.3924034577954647,0.21737503767647215,0.5289489505183133,0.7030180127471787,0.021288259006764787,0.7040294683819396,0.9513307767423511,0.8512331018952337,0.30226601359640126,0.40413960074063715,0.7664624280811909,0.22973211025629336
Commodity_253,0.020568465999646457,0.24718552052781717,0.04618896711306164,0.6053469720242524,0.9350260790233569,0.5931587100540858,0.9013947368368287,0.9621055655588929,0.6344419974417,0.6071268891008028,0.9075864371538376,0.16005168649782364,0.24753405114184457,0.31065703925162025,0.3376567061631075,0.3418485472411261,0.06225652929602021,0.7709965170725145,0.42288478831680787,0.31898400877203625,0.8409678239785553
Commodity_254,0.7320319883710721,0.7975858620458098,0.9395469064232721,0.7939496234160166,0.17962905789745387,0.11368522156060656,0.7543692494505662,0.1465109068525341,0.7594362613477901,0.12861754845245876,0.2788589099529827,0.11872635720862279,0.6064891781133908,0.2077131086893329,0.675215098814389,0.25980343173345133,0.9374238524655025,0.6987657526234291,0.5032774838748193,0.5542840971409894,0.8710807631540589
Commodity_255,0.5501178507837147,0.10093766726551812,0.9495268348070933,0.43339234510758906,0.8886669845264337,0.3358285930898107,0.1656670934453921,0.529224050217884,0.8790588591503963,0.5273113413124686,0.8467572967182823,0.47804277866822276,0.9436076654765363,0.2489362646076908,0.7232503914459255,0.5328197588277266,0.7583315951243228,0.10566554621496183,0.990016632409064,0.4870823188385873,0.5484920417326511
Commodity_256,0.6198747753870684,0.42568558843888327,0.9097565072095225,0.25327924290591397,0.9048580249953527,0.3859496856905731,0.4326431026063571,0.9706210517860362,0.4591741683669156,0.20354051340903878,0.1341970850835419,0.8292057242880779,0.10006688970170008,0.9597015950152389,0.011491475496565262,0.4316833289916555,0.3422808980340186,0.4483965982767949,0.5076652474031477,0.5379266941245943,0.24631153696410935
Commodity_257,0.3075413619181341,0.7281905400869563,0.9807723057777187,0.2950694454199776,0.30513439556096134,0.9113729001460692,0.12364041413976379,0.07932070329988183,0.8980577393877047,0.09046441390180371,0.37657416273474675,0.018185383404183297,0.38364829568297465,0.9472146417170557,0.5846285826356996,0.12624939282580894,0.3154871090461766,0.9179270895534988,0.8594246413792518,0.12373868088198792,0.593584266567442
Commodity_258,0.007210369435417308,0.5141483097502088,0.1856503418637495,0.3667827661575941,0.25402722000447,0.9839665795319634,0.11958256598054595,0.9802680068264729,0.9037082007245946,0.2599803680942011,0.5181205423708817,0.7401303997641782,0.059198410761043374,0.8522413536932077,0.5058519430548941,0.3954853952161784,0.42852390634734394,0.03998081462583791,0.20997629970131648,0.10902303609149033,0.35835892759235566
Commodity_259,0.3935785186502616,0.8502805570971548,0.8347971237584833,0.3411924246033695,0.1957411273067704,0.25366318047297487,0.5637457044656504,0.9209614588891228,0.4268838975248537,0.8742822997657032,0.1705585699000659,0.1435481010190086,0.459470271938779,0.9142163712070325,0.956898015057813,0.6409278670979724,0.7208256653086423,0.9886895391195153,0.42327657462601154,0.4788195872402784,0.5999766318598663
Commodity_260,0.9857377411310155,0.8321577258275586,0.6910431074604019,0.9506776842964998,0.1590911505982786,0.6093827608821928,0.3192842517373027,0.1264396304822082,0.608450828965633,0.7221455314860418,0.43549829452190225,0.36104942576446086,0.4962163434429824,0.36745474286726243,0.623526686507571,0.9159854298463156,0.7030186725172526,0.104121746475339,0.6021289759258148,0.6094173346544225,0.02335985096231319
Commodity_261,0.030938921297086752,0.3007292461888046,0.21732275665643774,0.6330982348483979,0.4532871560923788,0.09381224190589132,0.42541302271803383,0.1686811746303295,0.783438814572927,0.8380839171544058,0.949623785694808,0.6429300416965268,0.7773794857313013,0.586349618564419,0.9558190880900393,0.055033076122919966,0.1022701181449911,0.11083703834299308,0.42805646232921957,0.6886396045911991,0.5679923239253969
Commodity_262,0.49195808085473614,0.9640856752908343,0.5612743980953719,0.6904764303618883,0.26587123140623503,0.8422307999538755,0.8383107658127504,0.5315898275854396,0.8293394600418019,0.6831296385583208,0.9338739762555958,0.23796516865694373,0.393104128752629,0.05472703218675212,0.6933355287435562,0.47591375549247605,0.8771644465201801,0.10361452878751665,0.34466301592563076,0.14819099501089206,0.4523336078252458
Commodity_263,0.2181914548810432,0.5140564884385191,0.29611442130421217,0.4304319926223026,0.2822761155424166,0.22494226395216976,0.6736389378936243,0.03389444363843863,0.11683598311114318,0.2346761376155989,0.254165239880647,0.7128764132656112,0.6124023175866505,0.7973571284844769,0.9130396135645822,0.0021017641580531876,0.20883872585681673,0.7052481604916505,0.20991000263058313,0.11421072319967174,0.13813502834366642
Commodity_264,0.6470183352633074,0.38553082501888736,0.8185072161256787,0.8407508056004785,0.17447526792298473,0.9853747837376984,0.0012862355952435456,0.7408693770065129,0.8877024916160006,0.6794286368489523,0.20074152188695193,0.47880469952800075,0.07642170762181899,0.18228808781170114,0.46475083653476046,0.39629865717057255,0.7692545765220096,0.45869610683975937,0.934589448801131,0.193325432207044,0.009078322333163524
Commodity_265,0.8431458084297516,0.5410732480756553,0.7544408284663254,0.38104993743049076,0.05781577099146007,0.9368566914129809,0.831640649402958,0.20067615472410316,0.4829915558697524,0.7986637980889678,0.2441802250013635,0.7732510698878163,0.9658999249854712,0.8216775137314085,0.13357949627036647,0.6826971806620221,0.7393248648945233,0.4897474198356737,0.2404233413737228,0.5551847927842454,0.6775932335689441
Commodity_266,0.30726990928817144,0.31931843551838135,0.4005059741844563,0.8376065067599376,0.05978946123287998,0.13559823076828548,0.5183664102778087,0.76872637942269,0.3479046536389525,0.16610381054920642,0.24562793433289076,0.9199655041456701,0.055553497398117435,0.6218616349438414,0.04403366737777725,0.554736695239444,0.2962370231211158,0.8660618063349931,0.6221621968534923,0.17675645723450095,0.9407616394766869
Commodity_267,0.07601040205324094,0.8448844930273464,0.621830580409119,0.8386647829321329,0.41541213946786304,0.7494772217025514,0.9056187275338806,0.5917885126771202,0.8455474851077652,0.8638450016304492,0.26041318193160434,0.942254573204154,0.978358371688325,0.6376896977508716,0.33035954595496764,0.8088022719339147,0.9727907078905887,0.7353696748208929,0.11537260394265403,0.20449212753454282,0.9727344550493148
Commodity_268,0.2322217060106191,0.32765593146426786,0.5227100107134711,0.5250528702773798,0.6547752778849129,0.9186020548850525,0.10773330910245038,0.8210615035089622,0.9907119340502736,0.10443991356103555,0.06820154663562017,0.3082323746824447,0.751854492368358,0.6983446178486743,0.5105775840874606,0.4608575330989064,0.9159708396298919,0.12263108137829226,0.20246124809366262,0.7313476420439965,0.9293593195796571
Commodity_269,0.09517958645548008,0.6245830606235504,0.1306483220970478,0.16514154792336444,0.42820463143381127,0.33560214170575087,0.03093598972851075,0.9170949508295032,0.7112910749561825,0.8513829963390473,0.19488874888337882,0.9777354899583467,0.2912767010992977,0.18127172081504483,0.31219419396898174,0.06811812917103532,0.4649816336098803,0.05157969397226325,0.9255761745896365,0.7384790740479901,0.18432096060966952
Commodity_270,0.3932004453941844,0.8051253476318043,0.26728511650623554,0.06266152533418445,0.03016313390107339,0.8379085144037942,0.8359817228267272,0.21854796903512874,0.46574111511142935,0.26165800593694,0.3018771635060361,0.21045376084964607,0.6212808856826361,0.13463096013343623,0.8031877554546033,0.059335813751108746,0.43212375817316606,0.3062195095986492,0.6968554264392897,0.792143181625018,0.4461299270754501
Commodity_271,0.8624234435968375,0.7005155492226957,0.3961264820108583,0.784182533775442,0.9863239970255185,0.43637586625926783,0.17517706755090767,0.960048592645485,0.22771011607763214,0.7776060818248499,0.2429148275767733,0.41687831884216464,0.012912243792807088,0.12288041947709061,0.35004927549595555,0.012277385517061923,0.8158999043475584,0.4544486516484172,0.36202941172716707,0.15902893798647344,0.6938341243296992
Commodity_272,0.7386928224873462,0.5197464663235661,0.15337377896271098,0.741790907850449,0.754079339574128,0.20047414297045307,0.39811303108041274,0.9384720513230971,0.04420899851309279,0.4604894653251439,0.792273540027739,0.5829661608494225,0.9888831428134852,0.700250766729522,0.03595743456781875,0.3122060681259502,0.2401308217884317,0.573375858214035,0.36394390267681886,0.32421193876838583,0.026164788592240917
Commodity_273,0.6652371985457984,0.17349278261014367,0.982210967805312,0.4461666430942546,0.2642038522354422,0.321253332899465,0.15541818683254194,0.2849057527291087,0.04678181268630899,0.6433636316528237,0.22786103940838964,0.525000722108351,0.3732834027005071,0.20560966687872806,0.7199885365074434,0.06307513952540467,0.6321360863117158,0.2836632050685186,0.21496447209728176,0.6680892214367239,0.5712464322048533
Commodity_274,0.24302182812893425,0.8926695953545823,0.8895606416956074,0.08956714885350658,0.5174679433357331,0.00683635306112218,0.6675394531065352,0.8324110549229359,0.6062197079248456,0.35035756609418633,0.32338205451241775,0.4967171694151409,0.0754748955919996,0.6704870361982578,0.43676202359495386,0.04421814474222008,0.13773303634590628,0.40724838199347013,0.290203761892601,0.1097218553386794,0.7540703243225625
Commodity_275,0.5905253801104402,0.3470074931174282,0.9785083192319096,0.13479206893806095,0.863216031401273,0.42339533286059816,0.6317037220080768,0.040467573219082786,0.9392318576326082,0.47455450048284376,0.1669029026225668,0.8423599135307863,0.31722410656145317,0.10364795386039716,0.6582306137427354,0.9033622160132008,0.6644491980684399,0.2986772323530754,0.7812215028439646,0.8720137602423171,0.050639855476061646
Commodity_276,0.04035641713378302,0.7784806060467961,0.20713778485993406,0.6879699604237617,0.8297051283287677,0.5369936484003194,0.9993665345549607,0.6356378536629944,0.1821907174547529,0.12636866771070998,0.19636061882444966,0.5495719719803784,0.9876489951312969,0.27375402569644036,0.14830331672374386,0.7926347373901992,0.47396340228268885,0.756358057129318,0.16566526749723776,0.9009386053609592,0.4431567489344166
Commodity_277,0.8238658045066886,0.5304671572782123,0.3626946858519071,0.033377665270632684,0.0773935464466764,0.20050859502898766,0.8045405647137543,0.8099972153257247,0.18522880348606585,0.4504217145733408,0.6472524518932125,0.6216377096623118,0.9624177553475766,0.32226556828219355,0.7190641358881473,0.3321802223708604,0.5341474403460928,0.44990287147732755,0.02406274920474205,0.38974793236477423,0.9083168039226514
Commodity_278,0.8496051363599385,0.275972139693343,0.6199137501248843,0.682134668245715,0.660819773954334,0.08054765404961095,0.4610861055211323,0.2743599414763944,0.19324390574945338,0.6735116614431227,0.6948227215582794,0.23363201149657487,0.9702027455940304,0.7431626655744065,0.7789352614123378,0.5395946693374732,0.9941271833747487,0.7650823182795667,0.6379268220219201,0.9870677950172364,0.08436510968088418
Commodity_279,0.8010009746694554,0.32350842983489736,0.2779487763067635,0.20804686727314148,0.07127668455564995,0.9872662595963704,0.5914731449108315,0.6976637347271379,0.6878362620661825,0.2453104764005667,0.1083715221394882,0.5835948527420232,0.9638152435062097,0.1239898647266412,0.2989304385988931,0.5324359691277486,0.9080139689462614,0.8948695387733744,0.3146656772148333,0.12308912504587677,0.04299124952468114
Commodity_280,0.2082534561012217,0.006225891679073059,0.5489981069852751,0.5523289156749435,0.1819862206487336,0.10631657393795146,0.9312635735650838,0.7914549930949956,0.23636745886448762,0.8433777616470053,0.7814277294033501,0.4063393152051231,0.4254410039034011,0.6717431036979555,0.35137206334037885,0.9838546223191166,0.6796836107386836,0.36258865216118563,0.04551970082119816,0.3182044733588333,0.6371265733659023
Commodity_281,0.4825666475947139,0.022306448188639028,0.4304979900959359,0.02160467045398684,0.8509509734724788,0.34171164668400067,0.8181525199331281,0.6767622102792771,0.528024277107374,0.06793304199528227,0.7006478673054248,0.04717478844911527,0.05974198232770578,0.21600077515433114,0.49692501579235004,0.9181570509131325,0.38995981570743143,0.3705857516746195,0.9692912239429462,0.5555196040995161,0.4592977378592067
Commodity_282,0.763445027587729,0.8418593272591337,0.6129742378909278,0.47223274014359296,0.651761298847346,0.22509735637208805,0.0987192638367499,0.5566619567804756,0.39438180345999563,0.532167869050094,0.32578822504028315,0.2971060638474091,0.5068052540523197,0.306440190413495,0.7863149510134435,0.5416349019917964,0.6288948330099299,0.11950819342042807,0.6508407284685284,0.2416116734131143,0.8103130189643081
Commodity_283,0.8129448362743836,0.19009698545710751,0.9935933576636844,0.03400997637238501,0.763465771501251,0.5338725110882819,0.8176063022062556,0.038575879257050194,0.4628067950081042,0.8642490270506613,0.18491042202535934,0.4746055412368235,0.6845202779969817,0.6859881310702779,0.25707535738660026,0.267390943209847,0.8912215096644576,0.2606976688241842,0.30505008225782315,0.951178238848327,0.13843489662373476
Commodity_284,0.056644119256058056,0.515385179995571,0.09112872549378248,0.44823239887213184,0.43059719672584384,0.061541382972238656,0.6936573285924248,0.18462248688186045,0.9496598278772043,0.41281628663479986,0.46894471354807843,0.18441046214180112,0.8579804766217982,0.774136982454284,0.30703541474636675,0.8842762953826392,0.7120162529510689,0.8963582432708875,0.19854637767460592,0.48302060502152444,0.7936353162360442
Commodity_285,0.9288610432191267,0.7383484231168588,0.4018446000688861,0.22901612526317516,0.9646018194504966,0.5673705102353801,0.6130084906118886,0.25147827320884175,0.7834258037185192,0.3943538835872753,0.28868213325421455,0.9253686254773992,0.307670475441176,0.2121594465222736,0.19427244167819702,0.8008255481241003,0.4909367063894938,0.8553090199413784,0.2088856037607032,0.03518382396333064,0.9829284519197667
Commodity_286,0.5513057154564706,0.3075622578704933,0.6874923778094473,0.0003644266330377066,0.19417902240653673,0.7337225560416625,0.0034020964465577563,0.28642838225320344,0.17464302269091037,0.4858797077013861,0.8204249521012837,0.5070682714362661,0.44245312466063824,0.9017753381393662,0.9732092076292946,0.8871568859451204,0.5214760804893781,0.9130492719519056,0.5713173411911348,0.8275906784248652,0.30182313856439
Commodity_287,0.14817409768819068,0.5444514753254506,0.6501136861995084,0.5773417601649911,0.6322637757760328,0.5132593972293719,0.5601532705245874,0.7027151186511076,0.6246591731594504,0.9165326192431662,0.5146918177257206,0.8550503072615296,0.733227523837534,0.17459880202937894,0.7193917769433222,0.6634673574906029,0.12009485879344295,0.556890342118284,0.1255976001467558,0.9165632107071344,0.6542078482662889
Commodity_288,0.5550015678429927,0.48435358941478346,0.5530786076455596,0.12050998027394533,0.6392535221244541,0.3070891829832302,0.19027227433624128,0.44374738125091173,0.6936404727187564,0.7308948086707999,0.6013192397556456,0.21815965386548652,0.4793265610140648,0.8306377066121775,0.3778239881018498,0.7739610953848627,0.1391084439792286,0.9542943577835263,0.9331548383496558,0.08995094740433107,0.7512780559722706
Commodity_289,0.03496962277159066,0.09415859190842069,0.8784966113425067,0.898975111838001,0.7336912748477609,0.7568726391544474,0.9802854529020616,0.8775276070868848,0.7388770638768974,0.8501582165745634,0.6375337606476039,0.07619754014252111,0.837343704386658,0.8171641029232815,0.6631314803140248,0.10724699951854977,0.06893805736210157,0.45466180993550387,0.34413831552534657,0.11907697619017221,0.539924671080952
Commodity_290,0.9049920002834374,0.030873573157179313,0.5583138214616223,0.1397567647171709,0.1866420334085196,0.9429948896782072,0.145093520703107,9.637916543769887e-05,0.5051057906437791,0.5028439337580526,0.42832973263782237,0.12840326318298956,0.7966719933092477,0.305293757148962,0.42812149660491705,0.8101817877717636,0.7225155176053148,0.020660275412865303,0.9590919345667295,0.9157089137178857,0.2922580309044459
Commodity_291,0.20973328012796866,0.09458178132151784,0.04356131116338413,0.47582343625151247,0.8238279828811168,0.7809489029599874,0.4293447103701383,0.9455535238269346,0.09778015212251934,0.4744167409854009,0.2622967404802634,0.24670114619255723,0.6985368610667878,0.9015743460103539,0.22399268919898385,0.45915657521075914,0.8772283452630057,0.6863727093847101,0.34273874763217504,0.4553004482734141,0.22394644729033297
Commodity_292,0.7986748153720906,0.754843273566562,0.8414972199918561,0.8513921937703945,0.0839566240689239,0.5047407747178322,0.326930656608479,0.7857448140595015,0.08997002515008645,0.37263023201549694,0.04329995791677366,0.4511504298263057,0.2148449183755553,0.7553493251567568,0.27416316697238763,0.7381402110994364,0.6832985981566975,0.6078759637562303,0.9714858880579746,0.7799237983712826,0.23186634388974103
Commodity_293,0.959732540866953,0.06953590223913353,0.6948961221605509,0.6381813573896578,0.23520481781513358,0.47879077649522117,0.44387330929985136,0.5133048412057256,0.11545880712040613,0.13321389955262164,0.906562575992384,0.14714137701558405,0.2232377975721983,0.05622773693233696,0.6228044075374732,0.34582533172173247,0.10484899032016903,0.5967967292394121,0.3333915792572122,0.8167056370331466,0.9265597798260601
Commodity_294,0.9807865151629805,0.8124394936086761,0.9946427071090136,0.21494913271829896,0.7560706206182919,0.20179377685283684,0.005326977179158532,0.2228791750480399,0.2247956218200221,0.2755539012833329,0.6375025828567551,0.6406446871822638,0.8949768107800133,0.35957660396235946,0.6993849504381234,0.1643478804505426,0.3924126785804045,0.465976633957325,0.5300616040903967,0.434041042204635,0.0311061400664423
Commodity_295,0.6438535806777751,0.06198808162629599,0.03147425748912691,0.7244597568039582,0.36240609951269076,0.2808506262520317,0.7553355489501837,0.6617005793390561,0.6929225817033626,0.2629614222080011,0.5915716897119162,0.4125189163705216,0.837147720817081,0.8795449627324317,0.4388269450106521,0.5381347017114324,0.007399461866628321,0.6541180340694749,0.6145014587030363,0.9492686678291471,0.6523112318683664
Commodity_296,0.6128948005046347,0.6516265530839515,0.2381558559718251,0.2796362213831711,0.3886875184113767,0.22021520101972514,0.38551005957547124,0.10175674899295029,0.9830170091797623,0.8914335764252875,0.8493150408774416,0.028080449822914022,0.3679540059576397,0.09378092084421474,0.2340549881600833,0.6661324145171794,0.7704229774729411,0.2650998240559156,0.9875224779943944,0.11300069995900741,0.51954518992984
Commodity_297,0.7514044571642107,0.23233237373079896,0.04700143892892028,0.10734218557779507,0.5450232851040447,0.414042975605173,0.34539833803576836,0.9690581588355673,0.5571099598682464,0.18493646553885468,0.29734064259857607,0.7916671332946817,0.18441731484455648,0.6598968907913838,0.5352693755428356,0.660188964483681,0.29152310685758187,0.6824139120111968,0.04910761971000921,0.3052840280943194,0.7798140516029594
Commodity_298,0.12125724918059,0.371792302135454,0.33584083982734525,0.2184317593329509,0.3652350255220317,0.43213621890148557,0.05816370488691813,0.8565536599623127,0.3866439669302628,0.7232812583270749,0.7432019889262803,0.848267815663339,0.6042368847650977,0.1351958321657507,0.3883109682275935,0.1855620101772425,0.3074888225702702,0.4802066743222899,0.2916717457224536,0.9256107303575051,0.10051597633376363
Commodity_299,0.7398930624469007,0.7639706032053456,0.15356822209649312,0.3036946722524171,0.9024825146004615,0.7883438635044686,0.5180275040937502,0.2272601670118296,0.8621788921076533,0.9836306373250888,0.677447603438161,0.6972462860979785,0.6274763825459676,0.2727958224428193,0.0825521784571912,0.7835467648095065,0.344963594282637,0.3906933393187779,0.8208470112688188,0.9856016722379856,0.5279897983382235
Commodity_300,0.39207391516093093,0.029250692765026454,0.9325819286036185,0.629540651108984,0.1343069069125834,0.021301298070560803,0.3750812672973145,0.9294761455953405,0.9694484286755574,0.913487664117716,0.13313831849851643,0.4515893814104136,0.8361498501770375,0.9467728334584751,0.17423431220706542,0.8421992014742938,0.5297469947159721,0.8302439502369573,0.6449444212955462,0.35392545073779613,0.3716715725877944
Commodity_301,0.4885482428956768,0.9011777535752302,0.23285465828360286,0.3137890674318419,0.7813592793828489,0.5962974059196884,0.0769205895056545,0.20790861158398377,0.44793274966144403,0.8614182341779374,0.19232081309454063,0.8357572517459497,0.32308894340861993,0.7858628896274203,0.7161712013123817,0.29689163239033445,0.05327669123424006,0.44687361554862504,0.08350911238801495,0.5098526466807275,0.028487265381596627
Commodity_302,0.7766508747904138,0.8931852887608324,0.5985374771058776,0.8204429057478031,0.8817205343528342,0.4505296964185811,0.1321763026984959,0.9238517949866273,0.364952458351967,0.25515564557993575,0.20915931087256856,0.613729656600431,0.4303291206609602,0.3055665739664546,0.9133830649065781,0.8731036590225182,0.6507283130726649,0.9204116049329211,0.3275253128251856,0.4439775832756674,0.060256117523999286
Commodity_303,0.13159264328349995,0.2165746982520621,0.9374627163841021,0.4049287097185835,0.7092278773535962,0.0401737792353406,0.6932522249026298,0.778513761856781,0.9275363601237265,0.37748795866480245,0.6718045524496802,0.07549711661094527,0.5753571529948408,0.4895042277948448,0.6050631892919723,0.8846391692975425,0.21471944605459137,0.9308389324234135,0.9409765393999753,0.3529945802981571,0.6835853247757632
Commodity_304,0.8170795807377015,0.5031432096199188,0.38889889495717156,0.05758838923266951,0.7546232340527874,0.342137383233562,0.36036428067633264,0.8649531199268524,0.973805224273051,0.307081532128735,0.9520429689165911,0.19123049410839865,0.06409461672218908,0.935249618233497,0.9826617749984266,0.7442369928135273,0.9176862770559283,0.9741503134968469,0.7479622661077233,0.3749383564776966,0.9141626140549921
Commodity_305,0.19057056220650126,0.23495208384510458,0.8799689024596006,0.5370212892882739,0.8048311347051615,0.16893803206466607,0.8387245448210997,0.9967560390023998,0.5325322583433535,0.24700924337832952,0.12521832441456882,0.8519061392159795,0.3841929721905073,0.658587203544476,0.3251700824819894,0.6664703510489204,0.49396422692352226,0.6999121703904121,0.9469524644169859,0.5185258123160098,0.5178751712631743
Commodity_306,0.5389866341433137,0.7936248001000306,0.07178806865581266,0.15283467602888934,0.7579107564289322,0.3071075164545627,0.30391510478106487,0.1512152246267925,0.9385535081453625,0.3678716798298709,0.6414435380134859,0.3748531077878591,0.3458455100998724,0.768763340227234,0.7496996984104112,0.15598007547397208,0.7733223999990362,0.1947682023594387,0.55819541693298,0.38658521253361144,0.9278618594988233
Commodity_307,0.8365555162110992,0.7691267944435383,0.9309769847758154,0.30510940117733576,0.8100888484692599,0.394753151432762,0.7102714495823272,0.02021391174348608,0.39650093891434424,0.19236990032724077,0.7580114072144909,0.8554766912900379,0.7168926508915409,0.22302252207180373,0.363018893242379,0.14583646898241498,0.7080424819906622,0.8325511079536659,0.6832139545672178,0.45942185761848464,0.24278631881397694
Commodity_308,0.8481704300623021,0.22627070581646902,0.3646478702566437,0.5474863087548281,0.15516226495701213,0.30977855847374147,0.8745668245671016,0.022377728479444303,0.1910255148625034,0.9774481175162874,0.6283246297294941,0.6428182925201026,0.7903585778564536,0.8806092228816567,0.5793254861545089,0.8823195420515627,0.4095334004992667,0.2939163074458899,0.4303784441801948,0.35093138173143146,0.9940025912393965
Commodity_309,0.7573613844571,0.2593758326356097,0.48910740752734594,0.8482171677778167,0.6601663612946788,0.09104049032368788,0.6877710659564777,0.4258365106990646,0.9155947573671321,0.4033442826272333,0.7072936427805936,0.12821715152710977,0.24019970005714775,0.7286444576427649,0.5739456763603291,0.06839577455042911,0.47440179144592476,0.6454045563654529,0.29974889510618963,0.5194914362747148,0.6365057055805775
Commodity_310,0.17993301967360664,0.20744239405262477,0.6603018124493598,0.882784412533441,0.9092813030430494,0.7278685875593128,0.7677641364183286,0.10903071163217026,0.24916914396498457,0.8883348677168514,0.22104375175308988,0.5787170981643206,0.6556095500278835,0.05149905770991492,0.15609670452445934,0.1654311505932936,0.7690021868003521,0.8357907232835002,0.14449406177063806,0.4231956668310264,0.400915690680716
Commodity_311,0.9623688325118935,0.8598800310841039,0.3666727586676275,0.8727084551213669,0.7724148951066233,0.47702263672318146,0.9080166820819028,0.08713182759876703,0.2925874432609412,0.5288640494192284,0.6490060621787972,0.40848495961045406,0.6699832011489942,0.5621327031297834,0.3367448289530558,0.12702579233686861,0.5464867126001203,0.15841559715580222,0.7200049865398979,0.8541833440098696,0.16901522198152785
Commodity_312,0.10500475793383068,0.8887785779127048,0.38618173422351376,0.27287771001084915,0.47241527846239184,0.8332536421746473,0.20500350112890564,0.35950781712231994,0.8736026975421588,0.7663040391704322,0.07156103696527805,0.49884556194994856,0.6098211358411737,0.707196024849504,0.3266609972647976,0.7490563864268192,0.0591921410564884,0.7940782488797681,0.32480185665006667,0.5015401619487119,0.38331626295888255
Commodity_313,0.13309882107222715,0.6863549785528692,0.9661747463522529,0.4330665722418,0.6295862947193714,0.9664573320542507,0.9316594997969762,0.32086512179295923,0.28763146469747514,0.7523824684531855,0.7143734351535134,0.9632243029290788,0.20952269057832096,0.9769334530987485,0.6888048944414772,0.515334937510362,0.6366860842019467,0.23371269677692164,0.7760265669485842,0.8833057187257061,0.01656872951941102
Commodity_314,0.7729263258299304,0.7168135666741616,0.9798464831555959,0.49625592821189424,0.45308442478506517,0.5999197164717777,0.9048434686997856,0.44422742102268586,0.9912975387639561,0.3348814121533116,0.3056288257504193,0.6132741505219836,0.8814695645965384,0.08186279751586945,0.3276103283728907,0.16220927579683697,0.7822287635330876,0.2795741696162869,0.039218974414363394,0.027479765379922805,0.095208432629321
Commodity_315,0.526516331108502,0.47081281880748127,0.31747604800461315,0.5174952443135316,0.6939732120353331,0.9711385517773522,0.9969270460001092,0.8415369465407523,0.05462491652549206,0.8790094538114882,0.3078380231019846,0.6930261397055565,0.9165421892405398,0.40810549380542294,0.7190162747559226,0.6516045387698686,0.2981454378990399,0.40306979782309493,0.9870683864208223,0.3697562824302417,0.2479769504363728
Commodity_316,0.7713116614243959,0.5223714147103468,0.3390302906811298,0.4388433386118258,0.08695059836922381,0.7369680926753323,0.17886553416872364,0.6816494599692432,0.95121633853593,0.39604957969871535,0.26432353923433194,0.8912690526030369,0.44200155154129905,0.6300999972813268,0.19169105587140034,0.27574023975214024,0.6939854612648523,0.6524640813096557,0.2519883459436013,0.006398047526954498,0.1894824721078091
Commodity_317,0.6670561015941133,0.26770753786944457,0.28081251095542903,0.27085310073172697,0.1247904097410486,0.8243454921272885,0.1199821389239839,0.9932237209458383,0.34248626208796795,0.17766889174530132,0.4550734217077148,0.7910460645399372,0.9954237251521185,0.4410906919847425,0.3437156583573525,0.6958992362562435,0.6960632379480239,0.6460976366353827,0.08091921214837605,0.1869456779130585,0.16797019894045628
Commodity_318,0.4049378317905479,0.8711613211274465,0.8592705586584922,0.6644217181873782,0.17681510517550147,0.37383648923299884,0.1335037160575443,0.7765898507500992,0.6189091760891355,0.1454194941272149,0.7312906297006277,0.39703074032678254,0.5704780751465525,0.7507157104730822,0.955893479707236,0.811656528242207,0.19252281274522076,0.7521965778554593,0.15997888527569282,0.9095217946733677,0.4763889210055503
Commodity_319,0.11939650135932023,0.20459616321145413,0.304199918258375,0.24979902493102235,0.566986834022347,0.009901351730587149,0.19265266210776322,0.4849345443523534,0.8911640978147368,0.9085193686432808,0.941337922608551,0.5080680220425905,0.9084888514347516,0.6082805296261462,0.7966626570465384,0.920258819545657,0.7953160953084519,0.906362743889444,0.6301827347969841,0.3797442743732867,0.5190868861999451
Commodity_320,0.2699856007527981,0.7652844850810188,0.6567855172744042,0.9105485905229697,0.8273421678129752,0.5727814109785169,0.8551905147169376,0.8341504966768347,0.15859050219442472,0.9076435162536225,0.8630557982202113,0.6177420781865539,0.7989717396126597,0.8827660746113295,0.43378975311215173,0.2582011369240981,0.36985110893913264,0.18223906252908806,0.8304714134791111,0.6002502866587045,0.4335130600247954
Commodity_321,0.6815076580110512,0.4415997506007159,0.5663067302930279,0.7370594173458034,0.13497059118346577,0.4948707754331959,0.17188259614001322,0.22025299328723724,0.0830866089759299,0.42862772363383583,0.695965148330441,0.26781998058242373,0.8055747207420259,0.22007715455695243,0.9800162443991446,0.913539222431214,0.20564517138592764,0.8866759418551285,0.3663162574101112,0.3966619874092414,0.14238001149018786
Commodity_322,0.27774309704569244,0.5636865555015217,0.4710089039824896,0.5303625617684392,0.5000920852243683,0.9169983543551473,0.6069170597656387,0.11167917333771782,0.7401607972221189,0.16889490591311318,0.4976592587240124,0.6293294902098162,0.6743317316117599,0.3384033433823467,0.8447898614902078,0.570205770921984,0.9182221674987081,0.001624367160658391,0.8939347919755423,0.8466787405658027,0.09415296514014926
Commodity_323,0.21692687864564297,0.20015021101795816,0.7851547594025203,0.8593527479163638,0.2283218715177736,0.6350711345963659,0.7360767462321982,0.6678231356098635,2.4048687966016224e-05,0.7539487638359716,0.7569700366034462,0.3463480568531,0.8952788528023676,0.8573799098617068,0.6503816875632185,0.011392092017941335,0.9903575473612228,0.7622415812944903,0.5016071296976046,0.7913820997568598,0.6393705291633719
Commodity_324,0.5188018201856841,0.017568042232626646,0.42341821438631644,0.26213800561957157,0.4340768324654444,0.5000533576189976,0.8281540432081609,0.736178589673597,0.00876876541823568,0.46987732706590757,0.4324558649350182,0.5390350747990236,0.7210426926623447,0.6770226492732578,0.13600050542204967,0.588009941169665,0.6582805220317733,0.11034091500717114,0.6581412747971391,0.36465770072997217,0.40677024329813594
Commodity_325,0.5898574135578861,0.39773877673429503,0.9739922207004733,0.7601672229567145,0.5356384593942386,0.9361291774273379,0.1079157828607904,0.12540923209524812,0.9969520450348685,0.7777622934596907,0.9177472837780604,0.8696483321830043,0.051239541565883395,0.008869953573263256,0.6675876005889778,0.4686063637305603,0.65882937542433,0.9674112822128454,0.22146219965285863,0.5400879355671521,0.06252745807397209
Commodity_326,0.013906543721793452,0.2014956097369337,0.7655747549362949,0.5029335651164984,0.29142752777298475,0.06102595514626685,0.1279103344930882,0.999628130758047,0.885394077984701,0.22211892203752892,0.8917165827521657,0.7015662406502018,0.8469633168962685,0.767095306101537,0.4580632394640819,0.28208946742740404,0.1329719262580933,0.3746445798809812,0.12541802195463791,0.7747824334624787,0.38562877431423626
Commodity_327,0.46081458018779786,0.2558360013289247,0.562704691851703,0.7713736479792298,0.713029280124246,0.7896286557727346,0.6502963146342967,0.23418161268385085,0.5537979308474202,0.9316276829119828,0.5251419082762924,0.20203973660596963,0.2574528614926871,0.8641146574865645,0.5040897632509311,0.8896638701686244,0.0035110576488825984,0.7923999332734216,0.8951430763658983,0.1128899901233642,0.7368264008104461
Commodity_328,0.8296046623441434,0.5495355121354095,0.970896311161242,0.2702038180397297,0.9827425442269787,0.7270404576442521,0.01721895998897327,0.26774360644878825,0.43272410684790796,0.7376900059066059,0.26486617713763294,0.4203749519432127,0.2597993870115415,0.9208752082530836,0.6905329117182071,0.2890031510001204,0.9797776839607807,0.21211881529129162,0.621008652019995,0.21539548511484752,0.8623023819673279
Commodity_329,0.2145219059885698,0.24149447726888607,0.0456397001676373,0.8618896750693981,0.6099305961066543,0.8140645218651208,0.41728240397563876,0.038444950765401775,0.951186140867481,0.8597156695771967,0.5468505562787906,0.0547489104633464,0.9196259285896954,0.9416120113002101,0.8281018749318853,0.14166933188466035,0.6498469418630032,0.08621461110119188,0.33332928879530355,0.9637983327433051,0.07702719288008752
Commodity_330,0.37273681569089057,0.1666314885437986,0.5738155530594723,0.10787421362265037,0.1878698506885803,0.3986584980326662,0.5011510747938476,0.1954186984163062,0.06458396121996213,0.7836283688555863,0.5631129824352493,0.9233757669255801,0.2046942113153878,0.7177066728227333,0.6533461697016726,0.6018776069653453,0.7212965260407723,0.21284640901395968,0.2292748669042055,0.19084728441107712,0.013317629256186403
Commodity_331,0.7956313204958911,0.35951771109076114,0.7695113671214155,0.8207298049294146,0.8346108516074874,0.8676743384534594,0.8936994457433356,0.36075396143178395,0.6254385598276426,0.1268412786023052,0.8625745726856343,0.7074966227499793,0.6867420921329281,0.8723011935999248,0.4727674167975868,0.40402301002901664,0.21193459769221412,0.5186915483088629,0.6108750972070394,0.751527687003664,0.45902780876766525
Commodity_332,0.9060554225322248,0.2551562017010227,0.5927690998436359,0.7362883205352355,0.06230789803917003,0.84916571019975,0.809554586886648,0.5514546471781024,0.8011249990848551,0.8058755715525824,0.6557813577483864,0.46587199602596197,0.05876248937192241,0.639427687292434,0.9706359697005988,0.248557137013113,0.5316963982600931,0.5539976726462315,0.3837169553342764,0.42067156603602585,0.9598068993668321
Commodity_333,0.9251741619415649,0.5505852227051806,0.3498165596103403,0.5233373082356202,0.12096736124824392,0.1889966644491312,0.3824290998316455,0.41471662017465416,0.7205988268630314,0.10655088495417586,0.6901165273974605,0.9518198457997152,0.5418845867832813,0.00766347184670968,0.9854762057666802,0.9369128795520457,0.22921814927135875,0.9272252342385947,0.7668730146458718,0.14209907312083603,0.9334432528529288
Commodity_334,0.058006202499461645,0.6504834712717349,0.7688126067780977,0.02326337133193712,0.2762074439448716,0.5320582661505104,0.19765866251162112,0.6530432911387904,0.31796044819610003,0.27809309995335296,0.9779222236147099,0.7729285852171992,0.10307113622845232,0.8846192490539433,0.1467698019037632,0.4903302051995563,0.5295929538694738,0.45208397184000504,0.40746380217852673,0.7510825982421104,0.1312908876954666
Commodity_335,0.26317187510594997,0.02151631194773229,0.3726222975041049,0.38805549656171956,0.6463757136400384,0.2598490679714309,0.3157839171810819,0.2424330041470414,0.6598929065048693,0.2165671100198614,0.0161170139236122,0.5621073956278803,0.9494982971291065,0.030000639627181913,0.8748879610134312,0.5005340563070868,0.7509617280149183,0.774683058043903,0.7604981708721485,0.6223178164596902,0.5722174438929208
Commodity_336,0.4189663757032256,0.9075042233715087,0.3246714071144101,0.7254805728294432,0.34198796152355904,0.5864219359762393,0.32003357876663463,0.44603721885311853,0.08334765972820057,0.45320533434786026,0.9730837765508478,0.05716971009592775,0.1471547219104331,0.978081368387285,0.16248460086892436,0.964694740615229,0.6932994516215153,0.22983569062914944,0.8642905465930062,0.5719316895869725,0.10553181216930074
Commodity_337,0.12648424727219376,0.5817955599146832,0.2526091273901363,0.32598521312729156,0.026591253737785703,0.08531341082299548,0.5256861713471767,0.529685335641478,0.7348666676688744,0.6768113515716081,0.32343985579584267,0.5292952696568839,0.31020833283648064,0.6407336268849863,0.20892090551085807,0.662523186162296,0.24820317545490256,0.5101814664907923,0.38233985169249063,0.7326786943739843,0.9407013470937027
Commodity_338,0.48519546896336785,0.13103764495156955,0.8398453131177188,0.24046287814356215,0.5166562785289838,0.7750757578211601,0.9138159419177171,0.19658299745616203,0.0642866487997984,0.5300951325634583,0.8374904768594086,0.7659435144949565,0.62431508155418,0.09009007650176859,0.8132286217321358,0.08880742560006805,0.2648355289184672,0.11855213972708623,0.7907935570243224,0.06874134865150683,0.11288696585575486
Commodity_339,0.08586284244875986,0.4297484870348808,0.527602716412225,0.6201464642398518,0.5016944976186539,0.6552528524279473,0.49328302169361027,0.03652834735069965,0.2715817490423841,0.3068170403104533,0.5935067271013569,0.352918443402093,0.9326167085390572,0.19075220740143195,0.8827611184194779,0.992418793251435,0.9006881594461735,0.1113533303328541,0.2360595775237221,0.7294817088018172,0.26646282128754994
Commodity_340,0.4263344918363655,0.5082663969266934,0.37779232828238785,0.7801813985089939,0.9334113593396378,0.47575355049852985,0.5400344530596279,0.31313595632181623,0.9625345091752093,0.0767063419798154,0.2252698236536379,0.5483843614320424,0.6515574506279845,0.3418004877087152,0.5719202467345537,0.7309861539289214,0.7103232824342355,0.08984096845288259,0.693135314449958,0.5072030199670038,0.9830913719555527
Commodity_341,0.8101519644052925,0.30357639155796545,0.6314295880689487,0.4141231940383169,0.9002019993281885,0.4662152454617121,0.7666590353014927,0.12645730768191954,0.3239961263373978,0.07410109164218359,0.9806601434309463,0.29565177004555454,0.8595625262832519,0.4939953611234421,0.49352461095069,0.006000104898147507,0.38512725436355355,0.2925531388429594,0.592913937756665,0.30733879979081746,0.5224996597518051
Commodity_342,0.21912434037464068,0.8283410815077903,0.4213408655407277,0.27591968588191773,0.21604959141889202,0.9697990852276901,0.4322689441544266,0.40025106785807296,0.8252008524304242,0.43658919388943307,0.26587582464094184,0.6737690139221149,0.8381125771370271,0.4132503600585954,0.9118794370858894,0.4643298454064637,0.8525649715574468,0.06004360272853704,0.413819311862183,0.14464840213236274,0.3614089192143656
Commodity_343,0.9049913320512621,0.8139481565005655,0.8863926435115825,0.684893102397398,0.43027628465609746,0.7875877970792807,0.32011247700135015,0.7299946025177332,0.8256234952443721,0.6679377773083677,0.7922194039265517,0.3444343970032857,0.3129451798101488,0.7695598603801234,0.6223105613210334,0.45584343223893586,0.28078650627297597,0.5706384996379108,0.8237135070267286,0.3967605327701389,0.8946542595627526
Commodity_344,0.43317795910887147,0.14295788170980928,0.25359996954523867,0.23060191043123068,0.08653485425036389,0.4114310383997011,0.4468677208041365,0.7488425439957236,0.379275007223858,0.3432342014301113,0.3477263621341563,0.06989547815081765,0.16996269667302855,0.7085237934887171,0.5853842776050021,0.6832267563831761,0.3415458495515099,0.16790129053558667,0.24618414459430393,0.035123834080243665,0.5635888116547516
Commodity_345,0.5126079469435737,0.941032761297305,0.7100421636739805,0.49646208422752924,0.2704738810538624,0.33546348068368126,0.5192979962730954,0.5246003284169503,0.6499749778815102,0.41897629251312873,0.47990493774627974,0.6796511966487531,0.09128376415706396,0.5304980797600146,0.5902947156809911,0.1529323007861143,0.270270112804036,0.3704333293486397,0.6401587358312091,0.21796931765593897,0.5137504796197764
Commodity_346,0.9251871646534018,0.057167612841733995,0.31903175660122873,0.4473979778527717,0.20915606411266385,0.03595620615219086,0.3865155772500821,0.3184816172972794,0.8732705425121999,0.612941535227877,0.32750531957466433,0.460983366480582,0.35519017363802996,0.5607915880772102,0.9014792948407753,0.10870511403895666,0.9027382435647602,0.2782106567849588,0.5564487914364761,0.7069436675665005,0.06696140092837921
Commodity_347,0.3943693668472674,0.4471522883385708,0.2558484706786184,0.0810255186119393,0.5976562958903286,0.12219655613789315,0.8530431630482238,0.9599529418072484,0.2742527752644168,0.1599231464455071,0.30813795222985807,0.122280855851986,0.8210439103962794,0.759261009806785,0.3859406364244541,0.874821482675874,0.34497023850697284,0.984491084063491,0.991606788017548,0.33271900597725135,0.8784517191129212
Commodity_348,0.5054237393501458,0.7398880340151948,0.9731420687354891,0.6457031357866975,0.6649479343233666,0.427739426007513,0.06853668642735156,0.5497619195956807,0.8802034670163839,0.3402274272158894,0.0008264410310786507,0.7408028282407028,0.3442175717378293,0.58515473080031,0.19504365605537977,0.6647572611925546,0.5380950261614964,0.018870716893841344,0.6594508099320835,0.44164846462554286,0.12104048376149079
Commodity_349,0.9008085292718992,0.3488300034500652,0.7826216858947109,0.25787715263526134,0.14048001966350565,0.726416323659581,0.8237514114376133,0.6828322930084146,0.035366022148502374,0.968238627626178,0.7156341977008818,0.22539897625874428,0.5692335708698293,0.3283554552993606,0.6948790836539888,0.4370406512488517,0.8249175986184546,0.36711046385802004,0.39489476980460625,0.6283839195264409,0.31421887719130515
Commodity_350,0.4203314103944107,0.05597053106036587,0.8675571419654903,0.5341692425702286,0.49452831173701484,0.08727408171202167,0.1718448738135191,0.16328675282008098,0.06150979385286426,0.4027371990092975,0.98625801892759,0.39011378715233924,0.5987274289196822,0.2908720725238926,0.08271293320305229,0.34165983396252086,0.742763593886479,0.616162910042268,0.10528715652512277,0.12494374534930708,0.42561340519794677
Commodity_351,0.02537197493473764,0.13463906379952706,0.5222259622598485,0.6506384634768931,0.30998116213080273,0.06452269043916792,0.31417782150652673,0.14959483083303537,0.6308148494020199,0.8092962164753814,0.3741146859569192,0.4041513023985377,0.6275108506765033,0.382027985799428,0.7766548687724598,0.5774216447191192,0.050637667995744984,0.30976254294072725,0.9939021572408615,0.39527396142090365,0.20256979482152204
Commodity_352,0.2557696960921415,0.7521362423726861,0.18620868792505973,0.9089396009990517,0.2731296968271967,0.7826564801215541,0.5596040584382769,0.9278979856413082,0.5534515678593672,0.11385756562077531,0.8422897742485242,0.4525381610900041,0.052300919020087044,0.7397490852618862,0.9245584381822609,0.8656844311216044,0.5837230923010698,0.37901949304143123,0.5886977241298049,0.6051525528656037,0.407765319876094
Commodity_353,0.010246725859606731,0.9702261530765655,0.24708965403886252,0.5949034019377184,0.5594222042200413,0.9705787918391845,0.32159249173806936,0.197659300499335,0.20475551342841392,0.910464917722374,0.1733246311327895,0.06733856139179195,0.4101656337173577,0.143863283052312,0.2210704540508438,0.4231719077265228,0.44943327986084514,0.747960748475937,0.5379607324248595,0.4653941000147648,0.19056274932157213
Commodity_354,0.5468011659644262,0.024986363548756607,0.9765494885557052,0.9797474384380461,0.4456082292713759,0.38708943500034243,0.183046037796043,0.1816291660037197,0.06638491686013737,0.6637416781238119,0.4972467281514633,0.6418288124674755,0.12702960565898191,0.03560596706526564,0.44088629960242864,0.15156717390329155,0.14008378159615753,0.13522004882958905,0.4327441732436448,0.36239586756956454,0.11881174074616596
Commodity_355,0.5607854522803302,0.04554917324774732,0.23038713700416436,0.3037608080830274,0.02585123913210119,0.08375879313910817,0.797991591755512,0.22656492264860906,0.1294569619892192,0.13860685938678985,0.5161284058767475,0.09344357594323216,0.7008726802091919,0.6630330870285013,0.1613691920646685,0.7946666447899106,0.699846764696411,0.6714108877436833,0.5156576601680625,0.23094170392073599,0.14494477267999362
Commodity_356,0.6256492811171067,0.17590646335766114,0.3293254217843816,0.688745209598277,0.12375305548112248,0.5043044665505839,0.44394070221377635,0.12823979342903558,0.8768297093044445,0.6817388085401944,0.8803502360965576,0.09426143947451193,0.7737927848514136,0.7582039217000289,0.7802355965173255,0.5564416960568028,0.40529762093794175,0.9489244640002736,0.06082957212788265,0.5984938820384019,0.12277017355886166
Commodity_357,0.6100272740048395,0.6712414801270962,0.5268794320625902,0.398081320138036,0.11163673668394714,0.30670188611696125,0.6526555398051964,0.3714981293633215,0.521035277453221,0.06555928526957511,0.47948624643222926,0.6288173190373706,0.3333927879121995,0.7318398454750744,0.8770037973161479,0.41415262367449135,0.22971463471199927,0.2187715398157276,0.9309575501315628,0.28314296821975393,0.7126644530804751
Commodity_358,0.7756757772769075,0.7633319549861104,0.9101190880032907,0.5160929579819982,0.7613103462407534,0.3720227991156151,0.19401369550316971,0.47401776073295476,0.12569984803642908,0.5128000070202443,0.5455610512888054,0.36752173491213713,0.007418098077694335,0.46316658211063,0.6084026674864405,0.19427059628217436,0.9400289571790403,0.09038852653532192,0.11927311612048608,0.7037955024846556,0.8654335020333785
Commodity_359,0.7168713821165171,0.7178919130532707,0.4926000497327755,0.5171834047761166,0.9948237546949996,0.9389876217585919,0.9010322289500776,0.9995171639744213,0.7532504883520988,0.48800669477371894,0.2667805143557548,0.4195626283435462,0.6751564723937507,0.9904230482689488,0.7294877005672927,0.030206174375402406,0.557961145046122,0.115741463968006,0.21900509404657442,0.18926389667068078,0.9664589158743312
Commodity_360,0.4207083601027305,0.32331437563974486,0.9730091095234726,0.28910653574834433,0.23476265635155336,0.8739091318759676,0.9763746653332794,0.050996207857879394,0.019898799484107887,0.14937092934677243,0.6660310981611227,0.41196218972691345,0.6240353428741722,0.26614033482981525,0.7639647485925932,0.5144352198462824,0.8767623464717201,0.87440430399096,0.17605006992747063,0.24634438864006125,0.7964380328207934
Commodity_361,0.8626711721437607,0.320033051854148,0.26592579939591177,0.23800775635039562,0.5527756685149169,0.072385669933004,0.8464758867001827,0.17916828482858993,0.7676907272489831,0.6415089512186296,0.42572436119739065,0.013620232468294136,0.024677104290598884,0.9733191336874552,0.22287045943921224,0.8985676487526676,0.8459743930468895,0.2816549424586223,0.8378763277157597,0.9036092243406407,0.49825491924641996
Commodity_362,0.2662348407097206,0.6915290043032353,0.29330926745524155,0.745807475197474,0.13726648148073173,0.5986369408815685,0.14858024334869935,0.464100056191743,0.054801662007684326,0.06994313281069231,0.6783327713837396,0.7730658381276293,0.045411506611093166,0.1504726777205846,0.7766423551961754,0.8881342116193642,0.7384876654868313,0.3702785837218273,0.32246207307671537,0.9285681331443584,0.9948332441620027
Commodity_363,0.40553204595877346,0.8373246154848344,0.2005490600235026,0.4606372495941582,0.8632052994306977,0.6011242890089773,0.5412919191657739,0.4993187262408231,0.014349801774881765,0.8078831293964767,0.7643125391986338,0.652878053064753,0.7228134580111965,0.6574482552720373,0.8717641887509281,0.5142301717580138,0.031451536372384625,0.33143555379258427,0.04558401438401605,0.7900856446247564,0.7680816514760053
Commodity_364,0.43463645311370835,0.2313699294264615,0.23446233635998337,0.6894898662103446,0.4059478324881829,0.40766117682235503,0.4506416430603116,0.13285660421382717,0.8312287704239555,0.1321943255854745,0.6706367993494081,0.5701057339700931,0.036486942388945454,0.10998738964828869,0.3321835401917811,0.06942523787776611,0.7307518457376991,0.5705658058294235,0.9067814058927927,0.03253186290221155,0.7628200047544988
Commodity_365,0.9173713970731862,0.22054886583894195,0.045932406982456375,0.3414950228152165,0.846286725354921,0.10782757013305522,0.3654641727469977,0.9988875465547046,0.09296361110445528,0.5409936811851962,0.296583105013166,0.4460348388723512,0.9069694701475473,0.803367839405918,0.4812892850507984,0.9517040251104668,0.2040262147687727,0.3031547047874382,0.6278589973110268,0.14809604945035293,0.7945901473698611
Commodity_366,0.00496251472771303,0.30327833014987515,0.22313871804050844,0.06803723161101638,0.536595823273759,0.07782471797663426,0.709290187923559,0.8102299722096055,0.8215437505544974,0.9878238364301359,0.2067147591347489,0.7921761077063388,0.386242489185052,0.5061920972200955,0.9894664846340867,0.27348745184291745,0.5485660566546545,0.6539288793659994,0.9282253386907388,0.403842552989769,0.02095633988947232
Commodity_367,0.2665522280390614,0.657502823052154,0.9268891211502276,0.06616828518909135,0.21372545616080274,0.8901001101972469,0.27636834773682806,0.3320458570506687,0.09105610114943974,0.49701747052150347,0.28966379773473805,0.8101980256920793,0.7941642996373922,0.6148307249959074,0.5977036530219317,0.40517653704915635,0.8417548246898223,0.4945140739161342,0.14817259986774733,0.9129618623474333,0.8609611952081024
Commodity_368,0.8880247780246675,0.5779594420824745,0.8977565822374459,0.7229358253662707,0.806131471213455,0.6515247579127345,0.7995931717217097,0.39246362663945045,0.9362308069455766,0.7992876707484186,0.025966607314660717,0.3979180046085904,0.1720707144660807,0.11682884884632272,0.431126244749675,0.9549497472173167,0.335765492431634,0.4767338285457131,0.9058363405540645,0.9642971889112684,0.6369142050746405
Commodity_369,0.1538655901604561,0.7125223448919864,0.02843194505387936,0.5365502706162679,0.3229126859234416,0.1051111771843598,0.7085594318874797,0.918182061208981,0.36535998174434225,0.011818733414535654,0.879698938715666,0.3175794455334843,0.3559741882032841,0.6191350483929705,0.2871049234097415,0.6426906236578175,0.9454230042209874,0.3529394087370018,0.40629136560214896,0.4273867078486362,0.3093944774695804
Commodity_370,0.514644035070891,0.7581802064426634,0.4468446908261161,0.7431000439633415,0.474205932378834,0.5826711477137029,0.8050121047650246,0.07699517820222179,0.6730567113444375,0.3972063230554631,0.01328633423806902,0.9654803380135601,0.48484261389462036,0.1863938412331203,0.26617364600394977,0.9626755844447462,0.23438222399702824,0.03195096022686028,0.4047029235610543,0.0042905570243391145,0.9617411758879997
Commodity_371,0.6990203214924591,0.30559059524284227,0.1825149197310887,0.2550146974283283,0.48499194969328563,0.12867214505347524,0.05646811584065303,0.24188436812978942,0.24525799151274452,0.6507811351784192,0.48302694741911534,0.3405870084446794,0.26997650329173906,0.6213811060442785,0.4191280802541505,0.5393375979559495,0.27172202109254395,0.31591905478291304,0.8969513575029969,0.6644889459534358,0.38100086843517955
Commodity_372,0.10913673842626581,0.05708325346661858,0.03539382183451534,0.680450483542721,0.05769914035516144,0.9162142528761228,0.07501934119464382,0.2760273682894332,0.9033624978322915,0.7166840527997507,0.7157920113615838,0.5071914358608824,0.771299863862749,0.8621743486514447,0.508891186952101,0.09107115145469258,0.19338008022246067,0.875915982337964,0.23779864601455436,0.49209284629967665,0.993351241172698
Commodity_373,0.47472923269274614,0.5339180047714228,0.30765845348348375,0.8774654776223652,0.5378143380684074,0.3085294477599261,0.7610448238439914,0.05562878652788916,0.946783720056253,0.870024196052103,0.8998190491255778,0.3777359284901889,0.9100651280539929,0.2076611638240662,0.48744783452366125,0.9036883811433264,0.6593987139450606,0.4570443087757352,0.8251371170981234,0.38829847233076065,0.6118859077119033
Commodity_374,0.21176065924998622,0.6929643092407956,0.9734434929418779,0.027358219402944473,0.3394785672425461,0.1263412322716907,0.42100441903542907,0.09506685178153973,0.7961576360829529,0.6493098879722131,0.8379029175381952,0.8024864048469091,0.14139362355881102,0.826547483195002,0.7717717930556799,0.9705197268343269,0.9273025194945708,0.5546444434184107,0.6213433752153432,0.1272484164678267,0.6514097502173747
Commodity_375,0.22064143400618763,0.5474240362283765,0.2937295554066287,0.9918956259877318,0.6597419267595169,0.7241976256772918,0.9681388096633138,0.13555033226741153,0.28872308738787933,0.0019487017887321878,0.09278178760365852,0.47181778440881783,0.7781905300100218,0.0949163156598749,0.06510530072299003,0.40338728729854856,0.3160110321809775,0.6793699628017301,0.04444419177398995,0.6288203348413202,0.2379457216829558
Commodity_376,0.5697085195559517,0.3622012470478696,0.8063628916461969,0.30446157350702496,0.0681709220004596,0.13980485290050382,0.12544791883842066,0.8613388094783594,0.8038818744019576,0.9080413692115433,0.5045215098602044,0.004938514793451532,0.003464606861816155,0.9415458051050065,0.5918433998945861,0.23693740304039512,0.1177782920379179,0.9551252039816965,0.5986989863351079,0.045274345980520936,0.05306471584705397
Commodity_377,0.914296261094514,0.13478167309636657,0.9931637170379809,0.5411898674707998,0.0857874223600299,0.7684285752289892,0.03939788243105491,0.7138831739038952,0.49586984458934513,0.8143419388537863,0.1092490714557044,0.32399239772778865,0.35520840004611787,0.010518201848609077,0.5426744519084681,0.35706147999072957,0.0035188999820486844,0.04870157765030647,0.031092413350320647,0.6310432814326467,0.5263357684597941
Commodity_378,0.2833745297313265,0.4633978508845632,0.9029943521720724,0.4034143783518881,0.5716455734774957,0.964994325065598,0.2766579129395478,0.9004846039729579,0.2405980249081615,0.7143123497416874,0.9001913445974965,0.08413772395794117,0.7599345434335881,0.6672772184128446,0.38412077446463544,0.3509674848275508,0.35752352999335857,0.5342302369828962,0.5550338882795363,0.3247614057129832,0.17904593173966532
Commodity_379,0.04992101016157069,0.7332260699121366,0.12030204557361457,2.3443612161888616e-05,0.4663315290037853,0.6989631682500198,0.7230586931884875,0.631587132777185,0.3267122616162994,0.13412626223641677,0.6189697421900203,0.6494357305741626,0.6296067995868999,0.03615671537900422,0.5007480807568997,0.23346482368408217,0.6640587866781582,0.8942417554092703,0.6164416167924522,0.6054666803408811,0.6376461455755219
Commodity_380,0.6860828314112244,0.4013296879740419,0.8359125000760361,0.321477611616659,0.5124137857589783,0.38965395955954885,0.509149424888078,0.7412100265157361,0.9326283513315392,0.035377330720073985,0.5298833172311385,0.6436592136758684,0.09002019968651043,0.6700381547052493,0.10275815429776647,0.7720870759652039,0.9822686513318732,0.14171241628544617,0.8703228352151404,0.6509398921821009,0.7604930225768889
Commodity_381,0.9043247111021927,0.13220744390758388,0.21007476589671148,0.9711941439815708,0.6460020605581266,0.9898928482207642,0.30281250664430637,0.9354488655679112,0.7779155055545286,0.6486172673638897,0.7372092127292812,0.9335014909014723,0.5788025996701258,0.6572065859416841,0.46477208205891996,0.3541547192198109,0.47895543418957154,0.627592580082755,0.24642719457866213,0.49403181747716307,0.285422168285824
Commodity_382,0.5031127830160335,0.26206931014524715,0.48413903389748114,0.6951983991784765,0.016690330198878334,0.8348301801040369,0.44595234207128487,0.682100725660479,0.4907942611169155,0.9232972401940853,0.7041401293573879,0.360729314423336,0.3450891692486855,0.6941290405535955,0.658847778298247,0.1842254037366201,0.254368392394246,0.5473580607714513,0.26032745524403544,0.797799804888791,0.37517258981470414
Commodity_383,0.01583744757614669,0.8928206008967555,0.02991792595850995,0.3953269533840704,0.5294996413840148,0.28205292829904116,0.1479582466941909,0.19349662305164927,0.23827694066975258,0.6536365242765989,0.33096828046495463,0.5247643950962609,0.35320754021931244,0.38102781117463935,0.740942442421611,0.14063249162787506,0.5255320348894842,0.6315734868547115,0.5143246104345475,0.336550884310696,0.1469420269820806
Commodity_384,0.5530736721225107,0.7308466804189363,0.7617220064512056,0.3023202420144646,0.9834458132200312,0.44905614482700407,0.7999503361232657,0.0011809963249839184,0.8092821946427864,0.6356170244940725,0.027977855987017075,0.4038488827894767,0.379169828059447,0.6334182433146917,0.6222350448307883,0.024067817098371802,0.778896176531637,0.5188069397206477,0.3489378148371153,0.33838130178603865,0.900083141962091
Commodity_385,0.2805758973774837,0.8490145392256733,0.8714317142680289,0.23414601800673351,0.9439091203443399,0.6820624945633978,0.8181787436884684,0.1723378870715745,0.0657273574938102,0.32486322534789336,0.7294028425879854,0.4218450868048429,0.5836039559937491,0.8097378017096464,0.34206197981569975,0.6777327056205356,0.6107366323805293,0.3757607518948356,0.23408314241603922,0.3748971472931558,0.8704810847046839
Commodity_386,0.9645195081434372,0.7057668968851502,0.603278146544181,0.8976002736093835,0.17404068004776196,0.8594180439161663,0.44500261833121246,0.012636587995048632,0.689937726554031,0.8419787431716972,0.107003352755486,0.42475208849706514,0.6814934421710733,0.9277459008897366,0.23749558770236312,0.28314118596225746,0.2837167928677904,0.8119854492755284,0.6039362510016081,0.050922014538885785,0.7974976138914304
Commodity_387,0.32110785148864296,0.6237845918881413,0.7634608046179523,0.5881054403286705,0.48769814788734944,0.04674649510608697,0.5513904822826405,0.3407690656938439,0.27375622271375755,0.5227863439102632,0.21383205374891856,0.9473272021844131,0.3097877105630097,0.8725833361925315,0.9519152069291428,0.3981311415308053,0.5455189194177571,0.11384722096454247,0.5269622737929818,0.32933394526926274,0.39408339285303606
Commodity_388,0.6286443290482839,0.6255465345897326,0.12235281597586867,0.24448889098969628,0.4958718845859602,0.027231193802441322,0.6898969838852407,0.051012498575295995,0.838923078429112,0.8203639278365277,0.13179765562952295,0.15644549633362614,0.6337402038350779,0.7003377569797258,0.3385435670027127,0.6030724969007909,0.41389097165241717,0.553406899024908,0.9966724244359084,0.44608768667516285,0.08911866434525395
Commodity_389,0.22302570721659953,0.6491437170681659,0.6770386825581635,0.3523287506609588,0.4327331394361684,0.20381230228885328,0.8424401742779257,0.22121024112539023,0.8908653166244085,0.09289420176809049,0.985383486992431,0.6523250720621601,0.7614272748241407,0.9631152263951632,0.6903160074044774,0.9626170303188334,0.41723523364814374,0.04600342299332194,0.3717125606448538,0.9126816638081963,0.9904646099546675
Commodity_390,0.5040432221960779,0.6205611595891053,0.4569611752954772,0.19327655082630402,0.43611079909534356,0.5896927156204106,0.6756168749432272,0.20955355228915185,0.8403686034726893,0.30602760004743457,0.26300928052249317,0.54860484082903,0.3216234642920085,0.7075900223874947,0.29706809912735854,0.397022471924089,0.511714215485512,0.9191950972222205,0.6158648604794131,0.2777749915863209,0.8150526399951212
Commodity_391,0.2193686339820594,0.6520252313144428,0.9684485119657078,0.8168143667132144,0.6207211800542942,0.8129659187921253,0.1637739373386875,0.5769629282198276,0.10562133539693286,0.41952632043753646,0.7364516329379978,0.7774685432676608,0.6887251706777416,0.36247998632294043,0.10401824872125742,0.5194885670586904,0.5909265006845857,0.23441894411543251,0.14258396461896006,0.4328861401357005,0.6284778210208902
Commodity_392,0.31008194504037245,0.1793706233128184,0.5832827042638927,0.9593015259445873,0.49148016546880635,0.041315332388890735,0.16460123402629534,0.18771493726665378,0.47122766559999596,0.07612121023920726,0.29938846244108497,0.8909179538953096,0.90939378194171,0.46469604286798505,0.4040713359385565,0.2966949405222452,0.33090524737000704,0.6527471923371333,0.6119851286899898,0.49750704180808303,0.904549765447842
Commodity_393,0.13518178931467706,0.8328507586743339,0.3728210353371407,0.2327987112850317,0.17512456629710615,0.7683250040454566,0.21569910811547188,0.3847769357254054,0.7594545977598351,0.5112291614733808,0.896892568107553,0.09679286843743384,0.43039463026585645,0.8330738733667634,0.4215296147776115,0.7631086505094822,0.13219063970129752,0.09838438541606276,0.6168351332944457,0.33437223124313076,0.4950093939189244
Commodity_394,0.4157186967968074,0.6111931471799893,0.6035765589644758,0.1621518267417419,0.21840492547500057,0.7438569870995052,0.7800618456636206,0.8832328859206225,0.40740547785250425,0.6588869345064036,0.9790346041303142,0.8241116657027849,0.2094864271615745,0.04723187838209142,0.49580924087832534,0.12525711589906807,0.4603453676348388,0.3140427168501343,0.21500311344250833,0.05505342430800997,0.9384175049048377
Commodity_395,0.9380572866831133,0.6173770386034645,0.22919893987641238,0.8700772218027881,0.03311465896666388,0.9177792507587204,0.9921397652790387,0.11544985535585672,0.0935048423855872,0.855639947351075,0.027798267556036094,0.01020234001188891,0.5311629744619955,0.13118232132950836,0.35533125100903273,0.7100256468445013,0.6449010283917918,0.2906215170984452,0.5684209989518108,0.3089112901113782,0.13567194398384053
Commodity_396,0.5980077595022485,0.2307963295915938,0.3534753375374291,0.2823413005508426,0.20648297989472453,0.3018076409729864,0.8878711669211861,0.03977799346592703,0.7376265432014938,0.545545191057558,0.4974845261123959,0.655044440641251,0.5504443479586798,0.04656602915890706,0.038206381139435974,0.07662227889989537,0.2527745256610403,0.6806580734654805,0.36058765318147945,0.4713348602418971,0.14077429126726526
Commodity_397,0.03515806546948008,0.6803667694894326,0.7083510390401718,0.5091447463196284,0.1385442358349237,0.39910577239446476,0.5750477792566876,0.8749034523951453,0.40744828183298465,0.5101791244993654,0.3840067027716083,0.981990519282072,0.042359231632217775,0.5482214886617627,0.031301470845229606,0.5033691043880999,0.8940486510135479,0.6249761907407897,0.8026961425857797,0.7169177207372743,0.6761752594441205
Commodity_398,0.5602867987904413,0.3270329971993998,0.6439236379711375,0.47716532984993876,0.753535906294176,0.160405706428685,0.41702582619675066,0.6050493985776725,0.029923034881809252,0.08590730773944144,0.5048886922577205,0.4170310637833492,0.45998770222377616,0.6122868665541714,0.4191045848418553,0.3249980260972912,0.526531473953701,0.8312882903704271,0.08355926298698402,0.4207295977401325,0.3605502889077642
Commodity_399,0.4432466966015951,0.3682340289089566,0.5949577228670018,0.8384700691493854,0.4653877434187105,0.815040933175981,0.8813356163356315,0.5449615555015249,0.7489409240995363,0.35698267040654164,0.16829709647793978,0.19537163961845627,0.38280896150100097,0.7408680152197383,0.6802603058506997,0.8865918327497664,0.825241849291432,0.49230693111982515,0.6652166083038893,0.9172978344823165,0.4174482948761318
Commodity_400,0.9491509707829914,0.020379797617319784,0.9161828692528518,0.20691388160762525,0.2064500231050378,0.8802212635859679,0.7106780120650894,0.8688031916968615,0.2752747459498034,0.13522380233818732,0.11004781193733704,0.04554150353468189,0.3182288633422654,0.07095046233937985,0.09553827474975107,0.33486911846770906,0.15588609612520865,0.7717136807091215,0.7654690651822134,0.5894947789478056,0.32550673570882893
Commodity_401,0.5715225715510563,0.22161711149251007,0.8894314339591436,0.2824656027313618,0.5409784055965589,0.9479750074914198,0.7543235273318143,0.01448237354364068,0.2935851988776902,0.871546455388304,0.2709731800595726,0.526734001838852,0.7500076971582831,0.020353680899747872,0.8947996378595258,0.43178277748241656,0.3970044808817763,0.8921536080270712,0.42617068219291177,0.5687515263867926,0.23741669218832462
Commodity_402,0.9791448380617401,0.45426346720751043,0.19923630024657946,0.44047484270062254,0.6201488249768988,0.8098032133465398,0.2251462976424733,0.028486316103536247,0.13891855918473883,0.059519492200983626,0.3627080230821391,0.34152674048540566,0.06674906176114404,0.17471968636433544,0.07553660953215613,0.1648980986487597,0.009925336776354876,0.4323920936279926,0.9382572060128744,0.13167974777674496,0.6579122965769367
Commodity_403,0.1896873953872542,0.019823328448307698,0.9810189734319641,0.6007135581907999,0.8440175326239011,0.3883361049437206,0.0670967007721347,0.33028924706784724,0.1992564622385552,0.9668462137128178,0.08012163258980676,0.823475177785041,0.6594422346728293,0.19285185956713324,0.24254239860974125,0.5247683174207517,0.46401398949795014,0.11486634605989732,0.5663946032111531,0.7994531815385337,0.5190084739897998
Commodity_404,0.29385249613643405,0.10081036981389047,0.23225948486486303,0.81247620157068,0.5221705419979141,0.05121024761666504,0.47283705027663947,0.4951711028635649,0.3960334268023574,0.9342214620776893,0.5077430152115892,0.8536391185937453,0.12196332893382955,0.35399040830251316,0.8761679310538749,0.5087190815651271,0.5714706849769746,0.2803447434135188,0.09058968835456971,0.2501260476485564,0.771726100338511
Commodity_405,0.8120542320312888,0.8890169575599949,0.515934305239,0.9642740240164274,0.36116394547616815,0.8168154050327374,0.9250009548133963,0.3284144495069906,0.020423395211026096,0.9405649950182029,0.5796163132771744,0.438860760951709,0.03980928322829358,0.9809677556979695,0.3980135679168638,0.17806176698924947,0.48649134072661104,0.5634888903383091,0.6222617967632689,0.025910249911991867,0.09964407282101562
Commodity_406,0.016613458494926014,0.9663166210425832,0.4287211973101476,0.3891034376217227,0.4868056647809761,0.015007769965973083,0.9606208699088346,0.38374797064209265,0.3719798334658887,0.16271654601693408,0.7703670061417127,0.11992362507679866,0.9675978295622245,0.00417352675991467,0.9806867664151141,0.0615849407208382,0.44986347400837945,0.7991105238271855,0.4334853882775237,0.4744442962634372,0.4752686464450182
Commodity_407,0.6369353247598047,0.7327000520043053,0.37566172672563036,0.2668616473223556,0.5060272370385613,0.8467745715316258,0.020030468864742024,0.6326333542367296,0.648769192881871,0.3249883761568937,0.5712568248787622,0.02129986463905842,0.7003087940024116,0.6009847010733619,0.014643095696304287,0.9438789818952424,0.7717298547334158,0.10381102303131162,0.5972037164153304,0.7322852443580631,0.923054748514346
Commodity_408,0.10723756828547404,0.7961243869668363,0.05506746370959592,0.9069563366976707,0.3692340424064765,0.6636970349363446,0.20458574723532275,0.14509802347157685,0.09053113441378269,0.02754499786459008,0.5341829284721811,0.9892839969527139,0.9071066753548401,0.43409977715098,0.18595862012830833,0.04951025673816056,0.25156753574799506,0.06492613216490783,0.09948423706833343,0.09812709994040403,0.045196709365118104
Commodity_409,0.4367619327090644,0.4936335123868225,0.545843076693743,0.3076716194303354,0.7792922517798733,0.7750906099760807,0.6830071617011249,0.5037345425734665,0.9103150108861181,0.22777290480339163,0.5593698852318744,0.025169646487557817,0.40996291319260825,0.07404734742529695,0.08339502432646961,0.5198050870828316,0.5652600470465373,0.44412754427788625,0.703571849058142,0.847103051979878,0.47301710377627093
Commodity_410,0.1502016109978227,0.9587841700441313,0.3037957773816504,0.29361162760549975,0.712714268688934,0.8029131973760649,0.017455619938386513,0.047649023776250465,0.5509790723314004,0.8942661990401145,0.010958715639801997,0.580415931429172,0.17307399510398125,0.38083873855525485,0.48073847868914876,0.8172167647447529,0.08625638988149964,0.3748964679579009,0.4319076951695222,0.8989839651135895,0.20730356419688967
Commodity_411,0.5603442256582739,0.8206733309602189,0.30178410422952073,0.6353456605326671,0.06985166255066444,0.547053379434999,0.575200859875881,0.5351475635841889,0.5795088237684904,0.31339073481881485,0.6947357022186943,0.8090043019894249,0.7029634122974001,0.12049820355972851,0.8368100940711226,0.21448134542971564,0.24749512273824037,0.4650960502173037,0.8552992987737271,0.18879153119190262,0.8568456565678552
Commodity_412,0.12309514565429924,0.21412572571357447,0.1716684539435459,0.07081902240578697,0.4393926510368532,0.9380203511117371,0.90916183993654,0.1771148866331148,0.7625176467737768,0.274249756598545,0.5208615211612654,0.5839244036553003,0.8025793417019608,0.003864297825170615,0.16351585351155107,0.09667432676901488,0.8864762451475088,0.03317337844514734,0.8725277174829373,0.7716816489011109,0.5548116666732451
Commodity_413,0.0197109112390228,0.15485844333804633,0.7260090487290254,0.20524956071285694,0.27613510368088057,0.5999737549004368,0.7970441810453841,0.44823623707544247,0.559060792726996,0.4965050268186052,0.3266939031609385,0.214029560770989,0.6111154364887297,0.790191423389926,0.4302316844292058,0.6383713392761884,0.7358926071936865,0.5636987134025878,0.47440712919621764,0.6604161552017006,0.5622165952556533
Commodity_414,0.5360812268264065,0.783147697897432,0.20310678375153635,0.8315667610913102,0.4504435791737509,0.21719848810506803,0.30003652368566325,0.28210846078116125,0.7597834394157719,0.955946871373558,0.4925030593189781,0.9772040514088444,0.9395699075494107,0.20909222519568604,0.09161307241805072,0.18880869250574972,0.1994682198341836,0.26104489401172903,0.3588103907925744,0.5779123309643617,0.07143162219098442
Commodity_415,0.26895581700460736,0.7396891437434377,0.658786582882255,0.6044795332032319,0.46177269211504957,0.18173021512660748,0.32763623962537936,0.23461907612233757,0.0982132591308511,0.3660063154862133,0.1443333526310565,0.47207992598112514,0.3893975080143455,0.7874433410403312,0.48275550792908783,0.664103381248178,0.4714647219655226,0.27932682634336703,0.6560041623227,0.5323248222857075,0.9668250839241233
Commodity_416,0.5014852478751699,0.5074150194773458,0.7053641359197604,0.15557503168007947,0.04614298443934828,0.8958415307505043,0.42991627508173236,0.040821780285987486,0.06957399304742562,0.9322218270448133,0.8962069320656275,0.2981531185479247,0.7861650639328853,0.6191087480345339,0.8648967707723981,0.636778032926494,0.3857233949944294,0.6756283152285488,0.9719121731552639,0.9616909570727894,0.7108772010471678
Commodity_417,0.989727639591187,0.28439162995977796,0.7033042633017268,0.137823372532199,0.6871931187733257,0.7436773979856571,0.2258190387524538,0.47484883637640307,0.40995663336302424,0.09016419858208857,0.778740717101812,0.10032860094224305,0.9124700610821652,0.032384648677686756,0.7887023231790324,0.4365478263431557,0.10462580630940532,0.2295627927633742,0.12920864738011473,0.5551606983221222,0.30075904069968384
Commodity_418,0.5456663251914886,0.630757770450813,0.17120282420611055,0.2809714917099676,0.7565855589395024,0.2678083824900369,0.4734736010512408,0.479108103439157,0.1389037810090028,0.6755196693839036,0.9447415451851972,0.6674832405646437,0.6766765340706395,0.1974411598947463,0.6848770938545732,0.5435755993812111,0.9739358791227493,0.9808708782487569,0.7962108356076624,0.637078622151711,0.8628388686130788
Commodity_419,0.11074605067593613,0.2880524848942959,0.35562657252229135,0.6071550496335593,0.49269060387851094,0.9314216126038937,0.7179649779184595,0.10871876219984178,0.14007668567866405,0.2983340975153729,0.013294560515923148,0.9606968152794084,0.5813553616081816,0.009520674014569241,0.40796497100163287,0.4531493098924887,0.863333756109688,0.2623749658477621,0.5781030996501423,0.3272881737715221,0.2932327342967843
Commodity_420,0.5156325778402255,0.9679960749358218,0.19208605000890333,0.5232629805385999,0.32161112686267546,0.7748240945608583,0.804861181107217,0.21713122394664852,0.324485811164682,0.7978758224400869,0.11911327474059796,0.7271648482956168,0.2053348361166062,0.5682669407891121,0.3660410096954122,0.7084502041773284,0.1366026732710397,0.8324967023540967,0.9681677141462836,0.14871559300149517,0.33471107542172207
Commodity_421,0.13209402736941078,0.454840163804079,0.48766616406078866,0.9879436053378585,0.6352223442436891,0.30824005970136237,0.8000695494702361,0.1613196157281962,0.8551168446767479,0.22318678381328072,0.6216450017248245,0.8931475713886984,0.8931447348814896,0.8753113361837662,0.8942377633879073,0.011988212661983688,0.42596157282775127,0.42686689339319117,0.520539471975176,0.6277685301019031,0.9943819173905231
Commodity_422,0.48489491316893973,0.35045321193880674,0.34757278514238554,0.48532383520992395,0.44834571942504364,0.957069966343256,0.6771684501286206,0.6291727452609669,0.7752798851935303,0.7720202886835922,0.29829957215673875,0.15548549541393752,0.45060963096769346,0.649475282520983,0.4240114655424594,0.8398169813198981,0.04669974244927577,0.8568180802646169,0.04430775212688853,0.3975571494759117,0.7122581374664482
Commodity_423,0.023459505449033857,0.03346769048023113,0.054973983267063486,0.00805777337243474,0.7892273423895462,0.48674375859160135,0.04936344668121784,0.41644655624208526,0.15760334161527956,0.7546374027567856,0.00021025822736586708,0.09841543139390097,0.4956849545441119,0.20942685671731553,0.7935726859455209,0.049802769940928915,0.8737420376717409,0.29449302820294976,0.3899347970119963,0.04849732691506026,0.5433935545018422
Commodity_424,0.3433788719743034,0.6119846951311849,0.8887363661112423,0.39569553201181207,0.7973477661648655,0.6745404630211972,0.04825094411377295,0.6066791812305005,0.1484314846669913,0.5055883053075093,0.5920805354882609,0.7926602672836331,0.5037403060611291,0.891578748765364,0.6768592312128833,0.5463839731012511,0.1723474366715566,0.6285591990255048,0.38875101836767234,0.6514412405870427,0.6187121358831486
Commodity_425,0.7329391479994641,0.6807301389435324,0.40674873102763187,0.25152183907779146,0.017732861617353657,0.3197027280957888,0.36924337081996916,0.49921483517727205,0.9623592074968955,0.9096974866471825,0.6013145730365589,0.2246521836855454,0.9933679126771547,0.21149853185697176,0.5807805571590504,0.1830441889558695,0.7740279036962717,0.028213472076151103,0.4727514416476153,0.018406659027206507,0.07262653991202284
Commodity_426,0.3294380896038531,0.7987198370973989,0.01891135204020944,0.8548892909783733,0.8356333749584779,0.4836954662269993,0.34438681957784967,0.8739195625130213,0.2483170963679232,0.07149361848932356,0.6522984026761589,0.5915635093917655,0.36827315279981054,0.0943316066844816,0.9998306588728985,0.708553397163142,0.5194216655801371,0.5340135080618558,0.7132963647006382,0.7638146669062631,0.1410921250236009
Commodity_427,0.3080545430409455,0.6284255783303926,0.8943034967088498,0.6345853689373122,0.936619169027116,0.11107622599635048,0.27493973542350125,0.8026807306456397,0.5097383735155131,0.022229849368851085,0.3116245940957111,0.6117350738365712,0.34859750324590644,0.6042232289000343,0.2818748949581379,0.04751214900475664,0.41975975362065665,0.5963894966002526,0.14969347415819767,0.3280338007302881,0.340582350315338
Commodity_428,0.6980553895807756,0.9874072889575101,0.6400563555493994,0.7252392815474203,0.6603532682684299,0.259851655554706,0.8625371333822918,0.4890168590929441,0.5866279081559954,0.7611504627098477,0.7496481239484462,0.31589955109401513,0.10928953301213751,0.18992831711805236,0.3700894098081189,0.8970051653325692,0.8898564895533764,0.8375919784866309,0.15140281755622975,0.15239505044251112,0.8236326038230308
Commodity_429,0.71693783599899,0.30031539335023005,0.8573713943158869,0.8616911955772657,0.782295041680154,0.5720082990295212,0.2347145972201531,0.4633850177250053,0.5031974929040582,0.04244757803069177,0.6454758862736663,0.6388583967517896,0.6599061734783938,0.6104647866641914,0.1537625185641036,0.6045900558103235,0.5778065399675021,0.5774941725684269,0.9101911111000517,0.19587753330768143,0.7224527721179995
Commodity_430,0.6434131515323175,0.668746720950986,0.17501748504896797,0.792865984833539,0.3138413633442543,0.5729055738256079,0.7085809464078077,0.6405323063791204,0.8337680784821799,0.026225719338961673,0.6997954506285912,0.5187089203114373,0.534877625857953,0.2608271577739275,0.5466240567703401,0.2477313061468076,0.5509926230521293,0.0646663023168591,0.26766633817847674,0.7707896620531923,0.8909648122749174
Commodity_431,0.056850823344350654,0.36489094121506416,0.9026577636911698,0.6435441921729037,0.5410485522030987,0.6337235315956563,0.47005550357284687,0.03162986217960717,0.05944531966025812,0.45331640668425177,0.6240791793960007,0.5462737430706547,0.9312629051450514,0.8894005737895383,0.5414256007663808,0.15717387292338802,0.9545670069910619,0.0719310177163689,0.10277435522797262,0.7075544922394903,0.6553057406953048
Commodity_432,0.7824608506855555,0.45852754963715414,0.5680236334366761,0.5154230887205281,0.7251154252532261,0.31486255287695264,0.1703658002269911,0.7356241101856776,0.6277481027332329,0.8914053001167904,0.4092095396272689,0.5413277865020331,0.5068714690360898,0.6741404377076979,0.5300909643932677,0.09303363462782321,0.8504804781663705,0.32270616492464066,0.49161788864645917,0.5307559108271778,0.4995068494396788
Commodity_433,0.21684936688881906,0.8850521581808453,0.00045028976227479145,0.9069530057000795,0.934737366121833,0.8653301879025755,0.4317836956865434,0.4254212684268567,0.9388901368883947,0.4893432645246204,0.7171605420050778,0.4922389004973384,0.7710191196792867,0.5690537341892487,0.31460809356512565,0.4988592635067167,0.8622330927762748,0.502110850910365,0.6266943223449882,0.06502967362072687,0.27602001853888647
Commodity_434,0.7159116059991811,0.510167596742332,0.24998516452475228,0.06889226674572357,0.39174647680924257,0.3859282397660002,0.1890301987360472,0.06784388917966278,0.8265572862674909,0.18990404458193832,0.18927482272051266,0.9344334154026476,0.9699495508311221,0.39692840545728203,0.18711844737344097,0.6107532972215702,0.5864909201507,0.7325575881062455,0.17193811276555504,0.37608928168592437,0.9316534650911876
Commodity_435,0.25361184685031324,0.7807150827402081,0.21879201475791799,0.037618627785579783,0.0457018003717814,0.4306552497028494,0.9086027986896674,0.5979959187812112,0.394128964645285,0.20464754449138534,0.48639157329880744,0.5065113713852117,0.4015793926648852,0.44580823758348653,0.6785565885932341,0.7877575234669086,0.7589396450510233,0.7367430155856229,0.8350302061415773,0.4762324331641564,0.20209056925371516
Commodity_436,0.8757608522958286,0.3884631462383846,0.23865224048483968,0.4201224610293557,0.9223695000674316,0.8660506542393483,0.04506718916311214,0.07134263671955476,0.14399626002797306,0.9603755989487563,0.033569414250824936,0.7543479266103459,0.28146044224322875,0.6251377567627163,0.9987839772126941,0.24691877295205134,0.9609765029886822,0.046602104044742854,0.029984153379878697,0.1970717197313515,0.738223896414669
Commodity_437,0.8609166026770125,0.41917040302573083,0.27390255409262554,0.28999255119156875,0.6845687304698692,0.8643657900555702,0.6220786273283538,0.7796824503053734,0.31362138560513864,0.4321524357267149,0.9798118956128946,0.7995693807535459,0.6801356821562169,0.8457276012998071,0.37866338458420445,0.5090291064179432,0.2698958383890586,0.056189128576948466,0.5623692615544751,0.3755335183685399,0.9375546551508568
Commodity_438,0.13233098052939674,0.39738665667956796,0.632008280016909,0.44781184053719725,0.2673033845094315,0.9169226165038773,0.17126429920620911,0.7098252850579071,0.6875070047531291,0.0017589852654303906,0.6971466301120677,0.7345179963076386,0.09650451080716227,0.2833451290845348,0.012445742642631319,0.7095835324249792,0.22728923081882169,0.7723807377062103,0.9393857176482153,0.8106443627998294,0.785910046135594
Commodity_439,0.5705644175658544,0.6056144742015366,0.5080258375298479,0.004128398106867159,0.4876708465614594,0.5246049240042846,0.4021373145928162,0.4331973935299964,0.1150141037026946,0.044578613662343836,0.7827470143417483,0.7990417462250081,0.802083872692545,0.8678908641273906,0.49267822935931493,0.4804713058906377,0.8250197101577466,0.8118383071779032,0.9758729278563435,0.4015642255769508,0.772673074376753
Commodity_440,0.3295816980493702,0.2587922668002841,0.41025423303448505,0.33114954196424895,0.6749272395635556,0.2910418752830166,0.7489639214274537,0.7030530746400783,0.6036011187432281,0.3362690838381325,0.34767878222662063,0.32279575334970323,0.9850781507464784,0.2912635300612971,0.7181695845447919,0.7337082688547913,0.4518420516509468,0.4777952221972084,0.5245646639118161,0.4868744247135244,0.7731791067150019
Commodity_441,0.3388170235538457,0.07874957043931885,0.4870753133087109,0.7803787067161202,0.5693009543284488,0.9255453161866202,0.13532357391477245,0.07770120563339167,0.362743845912159,0.2552019887318874,0.3064244024312206,0.12645983880870582,0.8538650688918545,0.07483991734870399,0.410900756268031,0.5235414299616792,0.9345102026490772,0.4919243216825705,0.0006429864953655384,0.7656900460500642,0.2963768122835634
Commodity_442,0.3423555876466102,0.21867778978630437,0.8892118320411739,0.7859627640579497,0.3404352391962888,0.49491489564943225,0.1257821456826057,0.9628609028233815,0.9443210567446004,0.3653410777648547,0.6810773555071974,0.14814598452982297,0.04994315324282406,0.3606164094584514,0.4942016840340523,0.10021659632732072,0.7063318645317325,0.8591999617561373,0.2671604332070535,0.7468267037079985,0.7664049780247393
Commodity_443,0.7075327282928332,0.10463708598248189,0.628751439022021,0.671841122620577,0.6538909909883392,0.49865120109317007,0.9553783390657343,0.3521878588248366,0.3147909604005479,0.934084940779519,0.8152271550587132,0.10285408222751113,0.19118498127226946,0.9841219409241443,0.8769627758205303,0.5217829542354046,0.6907229361516293,0.9310556242550514,0.3267046472501468,0.7460780160220434,0.4408294212662027
Commodity_444,0.8415938277562967,0.5272232044957038,0.9168989400401008,0.6403653341823136,0.6571400574957871,0.9193625031634094,0.5679982459308826,0.5281687372951391,0.4282926854312674,0.9032755048125453,0.7939173857015359,0.7667678996207195,0.9353840808942018,0.40145003822293457,0.8612792816859731,0.03623326804975535,0.834812517545529,0.8394452729726016,0.5453291790811013,0.7212459310490513,0.6325409484241423
Commodity_445,0.5090403894570358,0.6205922505257523,0.254431598868321,0.18014120291426083,0.7668190290723498,0.7448963957781348,0.7902077449981227,0.562915771923718,0.6624588476851031,0.803029508041567,0.055848074402229386,0.1532823574941211,0.20511055669822353,0.8125698140798289,0.10796963288566819,0.4731146327516086,0.7096975274039954,0.5986899036913835,0.49631543594813143,0.9719561606602534,0.24243422656610247
Commodity_446,0.8031265574793647,0.36942328788391277,0.41365187235094447,0.7212821155503601,0.46410013020526464,0.6315217114362506,0.20047411514960434,0.38924240379644703,0.24722427969671124,0.8398198249442852,0.9688645898481334,0.32813378727433873,0.2834230433680138,0.4927608174243058,0.7309911044097325,0.7462283807197541,0.6402424822123285,0.6780747976087499,0.7816172876903413,0.2828695292073681,0.9333740248808112
Commodity_447,0.8873994128354263,0.2562736158084693,0.6646824668951988,0.8170411619597946,0.1449612646485644,0.5123406835240651,0.7215227661641255,0.22856677256414804,0.15656884149387262,0.8776843224144876,0.6148474477356641,0.693826474168606,0.14912276400917912,0.5469560104890401,0.28361780672389125,0.49340889415821176,0.9843946834460312,0.3231178339710773,0.543694596500725,0.5105638648946158,0.45502197930271293
Commodity_448,0.9884454218339747,0.10491147978164106,0.973075213362349,0.5235509946590386,0.15424169840513702,0.9034810360997727,0.17596359980952192,0.9845479974323766,0.768771907814261,0.5645357222520173,0.15047940598350362,0.7864215387941864,0.04379659450553197,0.06915256306041595,0.9749801066059143,0.7381243678595282,0.6727718644972817,0.7362890765408747,0.6039490002857296,0.2527707607309547,0.9243704538315779
Commodity_449,0.7515025925762253,0.8448711880280648,0.6911494533898972,0.3034354623742248,0.7683333605782804,0.39494988573399303,0.721267705339395,0.5521668684959486,0.9747562346800928,0.6533010310905994,0.580590433453048,0.3970843276374799,0.641075408732964,0.5642990705010953,0.6903239243352159,0.3249309146717464,0.8706329884704554,0.03717481928042721,0.11593576783237036,0.37037478816656333,0.16290330547946485
Commodity_450,0.8731641721766713,0.8715743904860914,0.21657618068629447,0.6838018400453959,0.4859778116260205,0.23575800313139594,0.5997612577465457,0.718811675699768,0.19139103005639113,0.8007143739873127,0.24429722038891766,0.7215252400421047,0.2250109058147991,0.5566157425063608,0.5170578763443092,0.027812625613251707,0.9621589557567205,0.8484097533610536,0.500289310912884,0.5701624247658559,0.29093767881509147
Commodity_451,0.8327115655351005,0.8471706086151243,0.7980412199167971,0.08634887171404859,0.9788185593818854,0.9158525999044348,0.552987358258438,0.41131229348450704,0.4302178950697878,0.12728577022202625,0.8050567105728679,0.40848744983406937,0.19863714279934364,0.7756778549476191,0.7669805653018206,0.21482876083904123,0.39075888195052144,0.21785178036168718,0.2538923779790302,0.40613223120110686,0.44716471491634124
Commodity_452,0.5678934758470519,0.7430632734381846,0.8897354005578806,0.9832278600505507,0.22624572180965785,0.8331082141284504,0.9027736456549929,0.15294527536108493,0.14230728327937725,0.29321454810324876,0.9696996147202772,0.9988309999695463,0.27129975843986054,0.37295505665392736,0.9085125742668962,0.7799620737449627,0.34502613344532895,0.44836088526798645,0.6327976133106905,0.6913935526379574,0.10490719324347164
Commodity_453,0.8153608967879648,0.7314473771987556,0.6593031716761399,0.8687929271063167,0.21770166100343225,0.14797426702681227,0.46215921027842255,0.18356446701885387,0.12538028378102728,0.7661860204195651,0.035812119367899964,0.8626610314854283,0.19231093521004294,0.2883883778016898,0.5085053765319061,0.7858905454813451,0.5088119817713416,0.7717942375106784,0.8376830324475795,0.5424606346677339,0.6249481840063059
Commodity_454,0.6015427495718925,0.8464369538318642,0.34381114788331935,0.07988918212964224,0.6917984076713839,0.5720586642993322,0.12494134319935568,0.6316824277436652,0.04933670500944942,0.9105839057706262,0.520942211815294,0.6157075370184483,0.6591162597578896,0.8621876819315214,0.43782111887518027,0.5387260223539573,0.5423655796123805,0.4961157121095765,0.7786422016890998,0.6504322495419469,0.7095193798418739
Commodity_455,0.34224786787725503,0.9786378779866675,0.5888325639638662,0.5524508877412158,0.4049757519634044,0.30359078077057855,0.9864616774668241,0.7821076560854475,0.7905941388283892,0.20367939418487402,0.4202541740456611,0.014200099883912243,0.28636927564393855,0.5771682495210787,0.23915863075269406,0.4190501878003793,0.6988892165302604,0.6532286989000335,0.6304808639284117,0.6516356539624811,0.21352017371823695
Commodity_456,0.9065138070511943,0.03574471173323168,0.21808121268123049,0.5635397266851636,0.3660569837401423,0.2968426159536358,0.04272256275766173,0.2346343490116829,0.2331397882039602,0.7288808287921497,0.4514418631889787,0.8536885954446747,0.8775964848183517,0.527467566297187,0.4001645188730196,0.3068000235755295,0.37889033807980677,0.4966563508260956,0.7680242432456655,0.06910859753531573,0.04754294910960888
Commodity_457,0.5288535712887067,0.5457061564682226,0.7887968472824324,0.06953911594667439,0.3753537107697349,0.16623534169239185,0.005625535948638127,0.5802473734938852,0.28339901734194084,0.8637497210661368,0.2156521986104264,0.09938718928739199,0.5095017097657435,0.6276452610090199,0.4371621351630114,0.13200078462817166,0.7193856754177121,0.8600206341936153,0.5414578929281367,0.23638131623016967,0.8253023824857416
Commodity_458,0.976502010699265,0.8064469971253447,0.9460121153150625,0.35497871045319107,0.4729318947684712,0.9338936149858088,0.3656589324409154,0.4176283868118855,0.08394144144873095,0.26322680646583996,0.5624431659917689,0.4306947211092743,0.49606229538669344,0.8576410925624725,0.23805937221213103,0.48754450507171465,0.6066608115209907,0.21468371213443516,0.7855662652966641,0.41924075298152086,0.6872091960376113
Commodity_459,0.7333961452582979,0.4745142835662045,0.281263324054132,0.44989944862256714,0.3546454197383714,0.9108517534433994,0.2682471807766036,0.9393088783860546,0.1411340164230972,0.9156691660382367,0.5181446563625569,0.4323673221335409,0.16817350744379778,0.3462629400944206,0.8289805942604371,0.955140470118406,0.503112424247476,0.7643801134584145,0.7970741919131443,0.666844214673756,0.5636279916676777
Commodity_460,0.49152655413754565,0.5804771641336324,0.8102104135145335,0.04740223351988704,0.4259327997178447,0.7768490603531005,0.40545421572536566,0.49881959328646996,0.25837955137194835,0.21324029237097453,0.11093930045386702,0.8337048556096072,0.38845801917196887,0.42323464053669,0.9602915917370527,0.04391684864913947,0.492263401139699,0.40906539040959233,0.733286857768489,0.9654514178892923,0.8469479343719843
Commodity_461,0.6143384679411851,0.4730454536906771,0.41890165860110384,0.5047517009876701,0.7621538941736153,0.18872354974991334,0.46652872189285177,0.9599809472356117,0.23315024836482934,0.5397719959366833,0.3816109092443366,0.5281837974955444,0.2775326345372807,0.5735155474590089,0.804381125589002,0.1984298127924442,0.4724547496556375,0.7184551724677649,0.8843328314742822,0.08148186612429742,0.876144634284064
Commodity_462,0.964836017972449,0.592549598440145,0.19656978899533994,0.9275257735652577,0.6501524627318739,0.09590185959512021,0.8973080398271995,0.20516827887871392,0.728161687999197,0.7039763206771347,0.0652292260044186,0.9381231387742015,0.8818362418534236,0.731578289005617,0.6640268981428784,0.3930771379432241,0.8027600893953714,0.4428639496252803,0.5480819218224325,0.5196789272290988,0.2182450600183239
Commodity_463,0.6151828668265422,0.46041067837597716,0.4468687077934659,0.8712485641046381,0.9918319211444842,0.15809073364504733,0.303694070260049,0.008488878655014465,0.42232875280651605,0.38684326039244743,0.7761005116873958,0.526345914656088,0.5409152398861073,0.2321858085520847,0.9314030356987287,0.17536577219948135,0.7810458658751197,0.4387692768153061,0.5399622538684387,0.5564056536834577,0.5171645553885463
Commodity_464,0.1252671399919879,0.18899026664555052,0.09087988422945437,0.018505647064695707,0.8287218347535216,0.673549363022855,0.9202896276596766,0.58295779981059,0.6898870201891535,0.635343897102226,0.9506197658610279,0.13113358025783528,0.36540216021309624,0.33712438539907097,0.09580105412215034,0.5627116253379839,0.05333409251806154,0.0910340195220597,0.5501421617645342,0.976378294131053,0.46694627672996847
Commodity_465,0.6379429418056751,0.8805666169095078,0.6429208378606118,0.7307415696099314,0.8527766921391562,0.3949281828560409,0.7535774200620623,0.8737100902530878,0.6658609850915657,0.11402922101777635,0.0690511439098418,0.10753190548636027,0.07397616526432726,0.9916590843417067,0.7326690408038956,0.2375268531914656,0.4068293419500486,0.1421756373902907,0.690503985230225,0.33328323304832363,0.24876781577067797
Commodity_466,0.7726918359114989,0.23208242296642778,0.38448908833720963,0.09243139549192125,0.8023960577207088,0.8936921628459576,0.16214038107914686,0.7670325087066239,0.020548374827341953,0.4747631935143438,0.6959900300375887,0.18174110400439747,0.4209570883460271,0.27005084247750943,0.787859508238116,0.5515441691922881,0.11255749319113018,0.030767206043447515,0.7789820450937943,0.38182385006698005,0.90446598836829
Commodity_467,0.31101154377301854,0.919338825201752,0.018190421480649754,0.2611202898915055,0.8811624217058944,0.7694355742194344,0.034271617854244485,0.7874193441012539,0.854333213662241,0.15257443849924968,0.7438939375628297,0.36300198901025926,0.3557824356113196,0.5211415168651774,0.3733836608458213,0.5876345103171804,0.9271185932399618,0.19461815029501894,0.25268145219458504,0.26776863424782105,0.4692409837928111
Commodity_468,0.44094761984935316,0.7484597467374522,0.7626698098611111,0.03115413034527481,0.48622995237053257,0.17811478786960866,0.18431848182323274,0.9644191952373888,0.06493173097202176,0.747767186718709,0.9504939196033898,0.5348702792557237,0.6286691065743586,0.13028190965552133,0.5811664513642963,0.543620658030325,0.6077556931865872,0.5146503459662036,0.0037777269990484363,0.2845846160377963,0.16128003810946834
Commodity_469,0.5261260216797379,0.8617035525628743,0.499282570571395,0.5740399610994482,0.2068558731178599,0.3069737024065764,0.2499074366363796,0.025394656575475905,0.6483464582282961,0.26451855511662237,0.20515496852124293,0.37188845639364243,0.06517159590205357,0.5662618560033429,0.5919005375647086,0.7387111652772558,0.09344189404293879,0.589390020866937,0.24875443661249952,0.3236877674012498,0.8599047025137047
Commodity_470,0.4380813312749028,0.9692407038479376,0.3180196062903491,0.860864065157076,0.7372750450296185,0.3418957980186127,0.2759980197645634,0.1706841545983152,0.9663585115603414,0.16877165596023747,0.379624369276482,0.4921045703477178,0.49222480871114427,0.78207661598567,0.2651142403190847,0.724913061490159,0.8940363707821275,0.6169772207577824,0.27478306765977023,0.09296670796141582,0.6199342383459124
Commodity_471,0.6302921658474699,0.7165792669043388,0.7725724513444244,0.29477470059126765,0.20493345925807616,0.029286389845937455,0.30621247397148144,0.9156115007554277,0.3207752222805771,0.43261724806052027,0.5162971174736353,0.5865224717515343,0.8167931108010854,0.4325502930988454,0.8088730052112197,0.19378966456849434,0.1803047024919574,0.08735836234209948,0.7809765600984666,0.29493857749258046,0.682982569962354
Commodity_472,0.7769701644985624,0.8927231455259176,0.05991022299890081,0.6883364491859616,0.2309305772054322,0.21028973562794162,0.4863598899129723,0.7909896589833972,0.18951158063932672,0.4430930547771016,0.8274772485514306,0.7062345563169932,0.35205111166599556,0.9277178558346914,0.7733842299213329,0.18470264484670085,0.7891992312616898,0.6378146645993715,0.8156257881908718,0.23720199698517253,0.7102614084166842
Commodity_473,0.4211384068284598,0.1163652516601682,0.4541974076487023,0.09401396361577663,0.242283168955839,0.9793184559671236,0.8547460844963718,0.6818301574799922,0.9852849824245037,0.5578987472710667,0.36882391400887116,0.6339940006145741,0.5694779503895722,0.40993229140211873,0.31826795451765044,0.6480520923509386,0.2458896476449699,0.8264954718034458,0.6702922000398134,0.5234191526366823,0.6095947305332023
Commodity_474,0.6932622517620278,0.9357590782764802,0.9337480126328327,0.6658844592735823,0.847479308836868,0.6487085482045494,0.003276752719857834,0.7999706888139619,0.5001571589833917,0.05799504195979854,0.8597757671094954,0.07887170100759844,0.8809681091532006,0.9792879869312301,0.37391676781501826,0.7036567177386943,0.6958500203707012,0.8872533062936151,0.2795103937511778,0.8732374544053817,0.9279200567158653
Commodity_475,0.6357707175958435,0.20727096917794685,0.6544314516612902,0.9089117560254011,0.1015578609265656,0.18080278485146273,0.48841613180966603,0.9456968026709089,0.49902337176402356,0.7806592946797266,0.27039085533631657,0.4618241228775576,0.5511191244421051,0.7969233964951428,0.7952075247710281,0.3126713293251536,0.8648526646349262,0.30941976307109487,0.2791348149473307,0.3514099891178294,0.4510395643552816
Commodity_476,0.7648783675281814,0.7908968029528065,0.10681217114347719,0.9533128829162761,0.20620853883587853,0.6387089094975286,0.3115346333205594,0.35302619186261386,0.1538909448078929,0.7063584079750566,0.26558445607025305,0.07600415856996423,0.3860240269096169,0.440389691093639,0.8004212576412447,0.19130037116984822,0.22597676712946468,0.9817967874218768,0.5177864916005135,0.12500029311547112,0.8068813886850642
Commodity_477,0.8737946899111584,0.5706506148874249,0.4964736560685443,0.3134754720581575,0.3477076324343251,0.1707295905263977,0.9203185461555315,0.9819362340363817,0.8942640776670215,0.8086572470287922,0.31410906713979636,0.6904613687175694,0.6359096903730199,0.2543619542129052,0.6396440779217237,0.025783384798229503,0.6686065405243511,0.532224414539074,0.20640939210693732,0.5297466128995537,0.6132667168282082
Commodity_478,0.5826314416820183,0.36494248932772355,0.7553595052794302,0.1616290606257691,0.5481754796061861,0.40437119765657503,0.15789931544066882,0.5339905371691609,0.7123119553912431,0.23156770589411702,0.6366674327071373,0.15049428855477798,0.7805113654393333,0.5380617770988454,0.17472337222936218,0.8689694719389567,0.16888379351248528,0.7160259401867785,0.8743941016656464,0.2939207651342586,0.6495682464591046
Commodity_479,0.40351826840140326,0.9357633204269591,0.7268855367697324,0.6620446460644062,0.7918886314122717,0.8665238955187343,0.40562923656539074,0.5551728003620684,0.28441963112706103,0.39821670115967267,0.2338547809602275,0.08863777517595883,0.5965924697754853,0.01453177129680261,0.2836981302699946,0.48681333326230514,0.2854662927626499,0.9344790075094702,0.33785102803439016,0.3251700925718499,0.3063868613838182
Commodity_480,0.44842153604673185,0.5784740869605821,0.9295119863125518,0.4156969772561976,0.9993686816587118,0.9643877596458712,0.3365722053907302,0.6795427310842741,0.7274099872771776,0.9294599743461222,0.9953731688178569,0.5777523027851631,0.8423071427803156,0.9498389596718522,0.9491160904545354,0.22574163222763888,0.06668661528343345,0.2221103113556916,0.2983038676896651,0.6173480531165169,0.4501192619283164
Commodity_481,0.33479434029776745,0.9279552441353637,0.3787912723934097,0.11510792785107504,0.419499730031603,0.3782222391678929,0.15013075515941743,0.8140153077119072,0.8441315287804272,0.5681431392350546,0.04486639551273375,0.8844825663351702,0.5063486651014837,0.4485515867199883,0.7978523253987803,0.05138640249980164,0.9559812438409335,0.6683563530690482,0.31701002161881753,0.8839018320728051,0.04754773069208773
Commodity_482,0.2592858961155904,0.9267191457712709,0.7089769230954045,0.6950279975658843,0.5899155301716524,0.6007157108655808,0.9631270008506055,0.11284629795073953,0.40035298509061257,0.7273371508696522,0.00964043000537762,0.4004010773569021,0.9319543778801974,0.9534644476063718,0.11271970094735473,0.3434687079908839,0.3797199950051856,0.797653470771776,0.48147531857493564,0.2490346128591745,0.6787009782508248
Commodity_483,0.6259447154706601,0.9435663263810184,0.6738780983816567,0.7292882570363898,0.5913841344480528,0.6296751465085988,0.6927595922788818,0.9301720107691196,0.6413801280667552,0.3175609683497296,0.8522927387523773,0.4894399349691101,0.24859566334440508,0.9983811410813677,0.1900905782972102,0.6465025503010016,0.2567270719175806,0.3579196497254432,0.05028016081308839,0.7086599961916891,0.2541471805089358
Commodity_484,0.6369325066118281,0.4560914641818947,0.7084598628360692,0.6897412426008894,0.6383086385252179,0.27340174909639026,0.2202402006134767,0.08719747021980573,0.4526917873355115,0.634935603196719,0.8205014332593583,0.3597147633218737,0.7045606532903271,0.23772537804090366,0.8675262366694808,0.9631083803514897,0.6768699184857017,0.7019144818955462,0.7216483155112815,0.3827208215161001,0.8004304261545724
Commodity_485,0.6150730281672265,0.5987450503574255,0.15899999113032737,0.5507702493527766,0.9663792565696039,0.3533249903204878,0.5773904589278999,0.5975482676678244,0.9278124989369818,0.8013205213166255,0.4384763436357848,0.7185521905420786,0.21768156347668588,0.26539089165695773,0.9035651517059456,0.2727279333187783,0.730323211068138,0.2163348886039027,0.2480320627056698,0.8980475313364148,0.4499584515010129
Commodity_486,0.5217468140784025,0.44299094788385773,0.33910582962077007,0.22362835652257673,0.17956795943991455,0.42523105996583743,0.7147780841918204,0.2052362902210556,0.7971454720312282,0.4349018568970554,0.9162414651170511,0.5846651317815461,0.9102386089651928,0.5724435165270751,0.809206795585774,0.6445993608455048,0.22072538175956036,0.4265730107311213,0.08054430825817982,0.4675959667440692,0.8490852261126072
Commodity_487,0.21387573988573416,0.26140512602676047,0.8609420437307843,0.6191476750242099,0.1672473144532589,0.8672263823845574,0.26871517406213863,0.25511147224497455,0.9792551271732199,0.7254026332748967,0.8038594561070748,0.09538530937623946,0.0882465693423069,0.8310585324862066,0.6641228652041768,0.8118198843584526,0.037435091164693235,0.11272055693553018,0.26477220401928603,0.7644571253818137,0.22372095170987327
Commodity_488,0.7455267248067288,0.34289818391730187,0.3838757458287616,0.2329258336224591,0.4332620839400806,0.7607503063238518,0.8499415333386277,0.536285544613978,0.31223147713654376,0.40928786115628146,0.03261032592654445,0.9584530549938091,0.6412783049359773,0.4913218192548874,0.07144206770270112,0.8126690819429921,0.15007455331749875,0.5549200662045787,0.09116425378958126,0.7195719574712411,0.36830891920352393
Commodity_489,0.6749202719341361,0.5312223684210143,0.40237066425194556,0.00260371431743045,0.5909871788114164,0.038937108045109525,0.2059549566655139,0.0049297661277658555,0.4892920132078423,0.22118298579449613,0.7455337470939211,0.7290006483336958,0.9370440909643385,0.9916013436027504,0.41753458006543065,0.4988364295772496,0.8979603093576682,0.8606865628621487,0.9706887745008297,0.1511070566407643,0.827966886068588
Commodity_490,0.9214030026950725,0.7588213308720619,0.9439978482270625,0.7120159002956428,0.7068974688843618,0.7957848244417943,0.2984958382037597,0.2500666241130879,0.45754968099506743,0.1037698918724167,0.3311396772093852,0.654118265095103,0.05581562382736305,0.46703067081465865,0.48694112037113657,0.9880754798165736,0.36060100632410996,0.0674486745870958,0.30382046577097177,0.7132398772478027,0.9250516821469289
Commodity_491,0.828097125955027,0.41763705150966113,0.3213326745860626,0.19531097168324063,0.40097009650480175,0.07141310932036138,0.8878347900126048,0.9818106595248743,0.4499516550443823,0.29709531784094856,0.42821640238718117,0.636453809287933,0.4699625164474155,0.5557641140229108,0.33883954457252263,0.23780747149370984,0.6219774342390108,0.6876825877155455,0.6590070009428669,0.7157096867313258,0.4785403399601764
Commodity_492,0.25748687698112527,0.98724976188189,0.39143868170119667,0.49940588691410104,0.515067815348997,0.22982401297990496,0.8857359319201245,0.05736023616374175,0.7176494799897326,0.2561519885649818,0.5825792516709788,0.4781377199421196,0.663091402191226,0.34390081632945935,0.7720390373674124,0.8939814793019906,0.19638755521184947,0.530985757972591,0.08132785245578822,0.8961599457088382,0.11957697695928271
Commodity_493,0.38869502517328336,0.9522917406647184,0.5815236816642214,0.20045161566909753,0.4650988105848344,0.030875880155162738,0.45858350437694306,0.4278438953367055,0.9486802202809731,0.8487025920317067,0.5080986665799215,0.24303271618191868,0.1395719124224134,0.9553128041847221,0.11075680377504538,0.8490471770901384,0.8454802563012331,0.7417078300319927,0.8751033904551252,0.8960441036647266,0.614416846667277
Commodity_494,0.025096769235890326,0.23922350918916524,0.42373600015247526,0.33340204666587037,0.6945578511055543,0.2424438813946369,0.48689769988741005,0.22232738234775762,0.9186499385098706,0.47890560026794293,0.6664724068808767,0.5599133559755098,0.8410545335482971,0.32095630426538235,0.5638941986844745,0.5838670654145675,0.16167553510376775,0.5943671200520181,0.8708560266610841,0.9350043606721267,0.1975406363498875
Commodity_495,0.4316004807180389,0.3760494848984697,0.6410497094937943,0.49467263823249397,0.21730540557600997,0.7070347321690689,0.7921813293935215,0.12774063854440643,0.2839716743953852,0.19133614977182756,0.939438546862443,0.6016613282529686,0.3073296224865314,0.5016123104179936,0.4750726289555872,0.07053855804893527,0.5039318422643175,0.29228886947085375,0.2509423016809258,0.2383453565917909,0.036837105731413966
Commodity_496,0.3441472961029832,0.4838124835247982,0.4326275592689661,0.1792264685749253,0.221540035160827,0.8317097293867183,0.2471640814289131,0.5953566289788361,0.6666290297078145,0.3187083743424233,0.7738660401521836,0.48105838938401624,0.4937591924047806,0.9529762969187083,0.13139100773200263,0.41271153736044797,0.12269088048260857,0.6817063558262979,0.8047423285540574,0.5570521713692788,0.6003923861601118
Commodity_497,0.5895550030771052,0.9919991096001191,0.4754801425144364,0.7055595884447768,0.06191209485500149,0.5555571779007952,0.37526759072928106,0.5920192290951671,0.42601553868028896,0.20789588612696075,0.8144830114812004,0.6210483263004516,0.15741975124606344,0.47236470617340953,0.9355296913791161,0.2563642143743142,0.7740422564256975,0.8901650381622717,0.3925714182943105,0.6054618962121933,0.4941385217864762
Commodity_498,0.6370701641644396,0.08289592869041063,0.5323730152468799,0.2871247158374347,0.9944097100978141,0.6221539113315864,0.7172955865678688,0.11734344482732706,0.5126384533898896,0.6654888980374194,0.14730461283121554,0.7603776727967178,0.7888617253501785,0.4337070053262999,0.043855433012017664,0.04061402522158242,0.9509102295251629,0.8419738531581141,0.5977729890645282,0.4425825988864487,0.0773649147947616
Commodity_499,0.879274649021542,0.4531041157394823,0.39211270173320034,0.4591788842644434,0.7895716779348948,0.12627175169713212,0.07324663503792994,0.3847374211936839,0.6818316926589741,0.7543374566870884,0.9396120036508361,0.6435252626167678,0.1151288066980991,0.9431992983706706,0.515802409301861,0.9549501478063465,0.7064739760040049,0.42443113384766185,0.47634231316319176,0.6339827586213134,0.05077058870642004
Commodity_500,0.018888626611178072,0.06923738353712061,0.9134711212985263,0.23934216733787816,0.5570521156931283,0.3880729627119315,0.332645379180992,0.5016004063531386,0.9071751869377125,0.20504766925928364,0.3846023810882472,0.040450600437755724,0.8601207512527491,0.7580555570427973,0.5484066854070091,0.847692991850337,0.3615271453700847,0.05096382068147276,0.8431391055495436,0.4871820050864798,0.7821245878737495
