w1,w2,Mean_Loss,CVaR,Variance,CVaR_Variance,w3
0.0,0.0,13.204282343677708,86.47494736078123,541.7321759641839,98170.68911995346,9.43012950028012
0.0943012950028012,0.0,13.008222479506534,84.9913340442221,520.3647921839969,93627.75545387488,9.33582820527732
0.1886025900056024,0.0,12.828772955492306,83.83039048580011,507.3082493792446,91688.2488872196,9.241526910274517
0.2829038850084036,0.0,12.64583553202348,82.83879910878379,501.65078635243407,92419.16099674006,9.147225615271717
0.3772051800112048,0.0,12.45592964453454,81.5335454483798,478.94173473395807,86651.58260069796,9.052924320268916
0.471506475014006,0.0,12.279961629852032,80.47669519049987,467.4547334536159,84869.58549832067,8.958623025266114
0.5658077700168073,0.0,12.120381374085696,79.61660906495305,461.9975953044008,84941.34582091532,8.864321730263313
0.6601090650196084,0.0,11.938031127295249,78.5384700502462,449.1372727660395,82532.85292876932,8.770020435260513
0.7544103600224097,0.0,11.769959894374034,77.39631581792025,434.6644004477237,79280.89030903662,8.67571914025771
0.848711655025211,0.0,11.601731833211746,76.4265032432169,428.4633203103539,79141.1145232607,8.58141784525491
0.943012950028012,0.0,11.457441793451364,75.74881288624624,421.5433805726128,78083.48801762563,8.487116550252109
1.0373142450308133,0.0,11.299406477507118,74.77401221798156,408.4465865300563,75014.38185091164,8.392815255249307
1.1316155400336143,0.0,11.132705162518848,73.71715342078602,398.94775729404466,73491.5624963273,8.298513960246506
1.2259168350364158,0.0,10.9992109965236,73.05433998176281,390.7463934809714,71735.13964333144,8.204212665243706
1.3202181300392168,0.0,10.861200014597232,72.27338314725199,383.8220458131992,70622.75008030621,8.109911370240903
1.414519425042018,0.0,10.716368251125482,71.48722695390978,377.2282340597856,69727.23503060894,8.015610075238103
1.5088207200448194,0.0,10.596323419911291,70.93765149703614,369.7720078270904,67968.24762393252,7.921308780235301
1.6031220150476206,0.0,10.469786843936646,70.25160145491625,365.4510698112665,67688.82704406665,7.8270074852325
1.697423310050422,0.0,10.343957693275708,69.5067251266392,357.61435176482047,66091.10391049643,7.732706190229699
1.791724605053223,0.0,10.231684978947277,68.91652375672987,351.00885676985,64676.904523969155,7.6384048952268975
1.886025900056024,0.0,10.12634027809549,68.41200114875016,347.5667040438173,64371.54343747434,7.544103600224096
1.9803271950588257,0.0,10.015444501874146,67.84895056919127,342.7777254557086,63638.283366182055,7.4498023052212945
2.0746284900616265,0.0,9.924759112788122,67.42474804751735,341.22563663233996,63935.24659637732,7.355501010218494
2.168929785064428,0.0,9.827533478993002,66.95454308224771,334.84976143723156,62369.91552956393,7.261199715215692
2.263231080067229,0.0,9.737882574878345,66.5456077899928,330.8637688177982,61670.32821560704,7.166898420212892
2.35753237507003,0.0,9.64871660875952,66.10654810778958,328.4347081419097,61643.769356878365,7.07259712521009
2.4518336700728316,0.0,9.58131655309007,65.8839365722959,324.0724225873225,60414.909057466066,6.978295830207289
2.5461349650756326,0.0,9.507868820861692,65.49144434685225,321.5217784705917,60135.71511044906,6.883994535204488
2.6404362600784337,0.0,9.4388210187576,65.16448389631321,318.43526164424907,59577.92957665358,6.789693240201687
2.734737555081235,0.0,9.368052182022122,64.94819631814352,318.6372451417739,60326.99537575741,6.695391945198885
2.829038850084036,0.0,9.312767046763913,64.69461866690062,317.75401464036844,60524.57058722501,6.601090650196085
2.9233401450868377,0.0,9.264528935204591,64.51446408096659,313.4099816402669,59110.923886936565,6.506789355193282
3.0176414400896387,0.0,9.22515235337373,64.50760577944993,319.99473769515936,61938.48082803946,6.412488060190482
3.11194273509244,0.0,9.175143090199049,64.18811854578416,310.5555673600248,58756.9996161863,6.318186765187681
3.2062440300952413,0.0,9.141281990211777,64.25385220206716,317.10840378185605,61526.030458247675,6.223885470184879
3.3005453250980423,0.0,9.101630933700427,64.22886473927932,321.829080295429,63644.618247048755,6.129584175182078
3.394846620100844,0.0,9.08584702652309,64.29409183180026,321.27012967230354,63378.79180323996,6.035282880179277
3.489147915103645,0.0,9.047892099394288,64.12312108148103,322.1237570132559,64170.71021526946,5.940981585176475
3.583449210106446,0.0,9.037147022702513,64.30478338843656,322.62795407270266,64111.26732360711,5.8466802901736745
3.6777505051092474,0.0,9.026875679335063,64.45976788235924,327.2030757207719,65857.85337651017,5.752378995170873
3.772051800112048,0.0,9.00548729892134,64.46389174655148,328.9373335500853,66658.93602323878,5.658077700168072
3.8663530951148495,0.0,9.003260988592663,64.68143895295262,330.4720994374375,67016.52597606907,5.563776405165271
3.960654390117651,0.0,9.0100269007544,64.93369506872446,335.7195643816026,68816.9861174389,5.4694751101624695
4.0549556851204525,0.0,9.004869007812765,64.9719305625087,338.667920079747,69937.46369329702,5.375173815159668
4.149256980123253,0.0,9.00973167172562,65.2249723419915,345.6383112463103,72360.00184964057,5.280872520156867
4.2435582751260545,0.0,9.025291279158722,65.55504973959889,343.75472359504874,71244.44858982209,5.186571225154066
4.337859570128856,0.0,9.042024161076302,65.89108128690887,350.4800621348339,73370.49483087566,5.092269930151264
4.432160865131657,0.0,9.057193798382626,66.16917005442413,357.1027497293529,75706.3795336452,4.997968635148464
4.526462160134458,0.0,9.079811164560605,66.60429635036814,368.5042951825783,79626.97091341294,4.903667340145662
4.62076345513726,0.0,9.1023691450428,66.95119373598493,368.5677979548515,79178.10754078186,4.809366045142861
4.71506475014006,0.0,9.133019183589932,67.34637415136237,378.2636384643192,82380.65264170547,4.71506475014006
4.809366045142862,0.0,9.148204691754264,67.51439664883422,376.91913796501547,81565.70314923843,4.620763455137259
4.903667340145663,0.0,9.199151267702751,68.20790684560818,408.3347846913675,93069.5134148417,4.526462160134457
4.997968635148464,0.0,9.228582849492875,68.58195895524628,395.33053178759064,87191.17508425906,4.432160865131657
5.092269930151265,0.0,9.271740650046691,69.093839708523,406.07492826386994,90649.73412556844,4.337859570128855
5.186571225154067,0.0,9.314113109216493,69.58643008368283,412.50816926793465,92406.08792731096,4.243558275126054
5.280872520156867,0.0,9.35301047185022,70.0325876840463,410.4695715852414,90851.58708348896,4.149256980123253
5.375173815159669,0.0,9.40326568168723,70.70603854821195,427.5952551063749,96671.53430693869,4.054955685120452
5.46947511016247,0.0,9.459718491272096,71.21935510484832,430.8214280219811,96919.74082262193,3.96065439011765
5.563776405165272,0.0,9.513975924219618,71.92602460340467,450.8225961019229,103760.58187817592,3.8663530951148486
5.658077700168072,0.0,9.555982567451618,72.2061802964738,446.3339881094726,101327.24865404498,3.772051800112048
5.752378995170874,0.0,9.612519381665548,72.8234161886786,474.9475405755898,111730.8369049226,3.6777505051092465
5.846680290173675,0.0,9.685813989362137,73.66037653151727,477.7907097771626,111411.79719282416,3.583449210106445
5.940981585176476,0.0,9.77220304761826,74.60289098631316,484.5984572081201,112393.25024682704,3.4891479151036444
6.0352828801792775,0.0,9.819871963151046,75.13114430536852,534.2235177496124,131357.5388661688,3.394846620100843
6.129584175182079,0.0,9.891657334424764,75.7313786577717,508.92096226992186,119876.68218508594,3.3005453250980414
6.22388547018488,0.0,9.961003160747609,76.48909977626423,515.6990999900249,121176.2149682697,3.206244030095241
6.318186765187681,0.0,10.03910204042831,77.22174589163515,530.463241633857,125673.66483813115,3.1119427350924393
6.412488060190483,0.0,10.090081468827815,77.61898801374613,527.0390912797556,123340.94747184242,3.017641440089638
6.506789355193283,0.0,10.167590935297964,78.44120222171959,544.5647477055102,128797.136008864,2.9233401450868373
6.601090650196085,0.0,10.260969808080867,79.40118618340148,571.4627580837167,137720.0194641497,2.8290388500840358
6.695391945198886,0.0,10.344084816163967,80.23934444948577,579.1094891473259,139008.200956872,2.7347375550812343
6.789693240201688,0.0,10.42870461141311,81.05463023406949,599.409540356097,145364.8118833643,2.640436260078433
6.883994535204488,0.0,10.514129972037496,81.89734149124801,597.0476291638369,142735.22960311608,2.546134965075632
6.97829583020729,0.0,10.590053405100264,82.53375784175378,617.6308967620533,149536.00441471252,2.4518336700728307
7.072597125210091,0.0,10.684090101996752,83.57276689611544,637.2145079509972,155403.7688554469,2.357532375070029
7.166898420212892,0.0,10.748465549157986,84.05191096159012,644.9589553021492,157291.71970116135,2.2632310800672286
7.261199715215693,0.0,10.84945585682221,84.9729352371674,658.1255340261904,160433.01074169148,2.168929785064427
7.355501010218495,0.0,10.940720200127078,85.91761311660494,678.5940836219813,166596.2409195683,2.0746284900616256
7.449802305221295,0.0,11.026515895469338,86.65547607170743,702.9655842830701,174680.98033287362,1.980327195058825
7.544103600224097,0.0,11.124967143130858,87.58054179606106,734.2244891818258,185055.0053155684,1.8860259000560236
7.638404895226898,0.0,11.229523319050063,88.61934003409328,730.2292896473014,181038.15080354427,1.791724605053222
7.732706190229699,0.0,11.302253100478955,89.14639080267682,726.2318863777095,178169.46388455125,1.6974233100504215
7.8270074852325004,0.0,11.412088003525392,90.1753017303956,769.9096481391267,193092.701945743,1.60312201504762
7.921308780235302,0.0,11.527905232982286,91.35999710335786,786.3790067453654,197108.70884679872,1.5088207200448185
8.015610075238103,0.0,11.612395394162515,92.02847303009143,799.3735057185817,200588.41137478332,1.4145194250420179
8.109911370240905,0.0,11.71050428686378,92.86560340974692,797.4868605356899,197649.9739354488,1.3202181300392155
8.204212665243706,0.0,11.801920846630022,93.55789738979188,794.821353402406,194639.84752245495,1.225916835036415
8.298513960246506,0.0,11.913266406830772,94.73787148094482,886.32734735584,228521.0075234493,1.1316155400336143
8.392815255249308,0.0,12.020260487717822,95.6619013216604,853.2920520725162,213019.4132428618,1.037314245030812
8.487116550252109,0.0,12.127747644709483,96.74368654441324,891.0790259491223,225637.14866547295,0.9430129500280113
8.58141784525491,0.0,12.223289372153875,97.44756023007676,874.7712532327066,216857.51982769655,0.8487116550252107
8.675719140257712,0.0,12.34575062083791,98.7157184884662,929.4704776180412,235800.37575722716,0.7544103600224084
8.770020435260513,0.0,12.441375366216109,99.4130060709664,944.3045990050068,239706.31719296705,0.6601090650196078
8.864321730263313,0.0,12.552552652766408,100.45730915436336,947.2766450956756,238147.98372756137,0.5658077700168072
8.958623025266116,0.0,12.659543831779756,101.46974492530744,971.9952927576836,245549.5112317314,0.4715064750140048
9.052924320268916,0.0,12.75197809938038,102.11235402913591,967.83888699728,241770.4566175619,0.3772051800112042
9.147225615271717,0.0,12.86196719020164,103.10787935478976,996.8292779483096,250811.9453746001,0.2829038850084036
9.24152691027452,0.0,13.005852974266388,104.45029484119756,1019.8299327633582,256320.85775696905,0.1886025900056012
9.33582820527732,0.0,13.106816587015144,105.27892564287802,1065.9534784273535,272332.226453961,0.0943012950028006
9.43012950028012,0.0,13.206828921352384,106.20966820101376,1069.7710787407684,271249.02002108644,0.0
0.0,0.0943012950028012,13.070307196750155,85.02242969052382,521.6586941623216,94286.17657483804,9.33582820527732
0.0943012950028012,0.0943012950028012,12.878347388804215,83.76837828458535,509.2600472842745,93026.40870526632,9.24152691027452
0.1886025900056024,0.0943012950028012,12.720989584608912,82.82877938214313,496.71556655501337,90709.0133168386,9.147225615271717
0.2829038850084036,0.0943012950028012,12.53404240031322,81.72073088781534,484.3230866757534,88871.91260650214,9.052924320268916
0.3772051800112048,0.0943012950028012,12.358340180871796,80.6225933784578,472.1152625013474,86842.50240550042,8.958623025266116
0.471506475014006,0.0943012950028012,12.186977906441184,79.59114824879882,460.41042531693944,84816.6537427454,8.864321730263313
0.5658077700168073,0.0943012950028012,12.018136708926304,78.48272595784812,445.8476807050873,81634.20553635026,8.770020435260513
0.6601090650196084,0.0943012950028012,11.852245667764274,77.54382811109869,435.6986398134781,79919.96382502308,8.675719140257712
0.7544103600224097,0.0943012950028012,11.68023944004723,76.50519662283867,427.73889654538726,79287.49282442126,8.58141784525491
0.848711655025211,0.0943012950028012,11.51738634081328,75.45109657681036,416.3437264199365,77058.20682622958,8.487116550252109
0.943012950028012,0.0943012950028012,11.36924656720189,74.63554485762165,406.7591082128905,75106.66117168721,8.392815255249308
1.0373142450308133,0.0943012950028012,11.213664131291598,73.69005360150209,396.9082575636333,73249.14242983112,8.298513960246506
1.1316155400336143,0.0943012950028012,11.0872198703969,73.09092107436811,392.29206217576535,72782.1254881421,8.204212665243706
1.2259168350364158,0.0943012950028012,10.92829226602831,72.04963739195199,380.0568212743918,70117.23788123828,8.109911370240905
1.3202181300392168,0.0943012950028012,10.78739974472322,71.26660212301772,373.2627470685041,69044.97791313646,8.015610075238103
1.414519425042018,0.0943012950028012,10.669341176537309,70.73215933562565,367.4820016754685,67972.42898055828,7.921308780235301
1.5088207200448194,0.0943012950028012,10.52880845603324,69.87461249238778,360.5553871361982,67015.91309510653,7.8270074852325
1.6031220150476206,0.0943012950028012,10.419833752116372,69.34450739974318,353.7960651026324,65388.52326138127,7.732706190229698
1.697423310050422,0.0943012950028012,10.300008574709038,68.68201533598375,348.13394796142114,64551.74158335396,7.6384048952268975
1.791724605053223,0.0943012950028012,10.19800562551227,68.05387197689316,341.8248125955363,63223.80316010557,7.544103600224096
1.886025900056024,0.0943012950028012,10.08686511307924,67.55251197228947,337.6429222326448,62714.16511748371,7.4498023052212945
1.9803271950588257,0.0943012950028012,9.980720809325533,66.8999460726121,331.21152058230484,61405.09988469689,7.355501010218493
2.0746284900616265,0.0943012950028012,9.894167545792923,66.54674038095072,327.43082002918436,60659.199027776405,7.261199715215692
2.168929785064428,0.0943012950028012,9.805616826661502,66.09809968730585,327.28989297541455,61557.066495552346,7.166898420212891
2.263231080067229,0.0943012950028012,9.72571423552607,65.79279709401956,325.76057733910733,61770.71190333495,7.07259712521009
2.35753237507003,0.0943012950028012,9.647157057432004,65.37276356386943,322.6270872103726,61291.13985538304,6.978295830207289
2.4518336700728316,0.0943012950028012,9.582131988595918,65.13930024921356,318.5253031276715,60109.410170497606,6.883994535204487
2.5461349650756326,0.0943012950028012,9.517203348498963,64.81184313563152,313.9717772533457,59021.58741609306,6.789693240201687
2.6404362600784337,0.0943012950028012,9.445045621851808,64.49057787233079,311.6035654985828,58787.40589146373,6.695391945198885
2.734737555081235,0.0943012950028012,9.40253446670033,64.43709566775198,314.7891459501517,60330.60769081003,6.601090650196084
2.829038850084036,0.0943012950028012,9.340044413696065,64.16968129990444,313.0983339125517,60198.54369556409,6.506789355193283
2.9233401450868377,0.0943012950028012,9.289434031499477,63.985038897494434,312.66782404716383,60535.34281839372,6.412488060190481
3.0176414400896387,0.0943012950028012,9.259354673472393,63.88757544492573,309.13480513754837,59277.12833148641,6.31818676518768
3.11194273509244,0.0943012950028012,9.207403618201925,63.70407370346541,306.5702555178123,58736.20779524882,6.22388547018488
3.2062440300952413,0.0943012950028012,9.175728087205943,63.73627018726387,312.3077321199641,61188.13434163808,6.129584175182077
3.3005453250980423,0.0943012950028012,9.156709496821698,63.71262623472157,312.3610268309519,61297.28847217021,6.035282880179277
3.394846620100844,0.0943012950028012,9.131086640078385,63.84824729967015,316.7615523404185,63107.68645760866,5.940981585176475
3.489147915103645,0.0943012950028012,9.11086266642054,63.763507118724824,314.91669721780096,62497.24781766748,5.846680290173674
3.583449210106446,0.0943012950028012,9.086982331616978,63.73933749360448,317.2121175145503,63543.8438156399,5.752378995170873
3.6777505051092474,0.0943012950028012,9.081096092846236,63.874267862391726,317.94734779444616,63733.68226885444,5.6580777001680715
3.772051800112048,0.0943012950028012,9.084685487686048,64.16638197185699,324.1626634103149,65890.50534075886,5.563776405165271
3.8663530951148495,0.0943012950028012,9.080799191826312,64.346507515894,332.0728346132804,68911.10873606818,5.4694751101624695
3.960654390117651,0.0943012950028012,9.083037178263192,64.56395922823683,330.75323799971073,68123.14992285706,5.375173815159668
4.0549556851204525,0.0943012950028012,9.086945743059244,64.71948147685528,338.6426090542888,70967.24142166824,5.2808725201568665
4.149256980123253,0.0943012950028012,9.09038553247444,64.80764507616753,338.61896131846373,70911.66777931023,5.186571225154066
4.2435582751260545,0.0943012950028012,9.107665828433191,65.22425761665417,343.4450979917181,72281.35723694647,5.092269930151264
4.337859570128856,0.0943012950028012,9.127964207916094,65.55104093301668,343.4507727113989,71819.75839608023,4.997968635148463
4.432160865131657,0.0943012950028012,9.147084060914874,65.87718692508454,356.38792622391463,76547.43760109971,4.903667340145662
4.526462160134458,0.0943012950028012,9.177047359378802,66.26939667644463,359.7230471619565,77223.3497848042,4.809366045142861
4.62076345513726,0.0943012950028012,9.206229984428026,66.66043569343886,361.38701748382545,77366.84116860326,4.715064750140059
4.71506475014006,0.0943012950028012,9.229583282959217,66.988510983948,372.65262862486986,81341.59940527739,4.620763455137259
4.809366045142862,0.0943012950028012,9.251570293722748,67.27121396978666,372.24920518346266,80741.08110137096,4.526462160134457
4.903667340145663,0.0943012950028012,9.308250601592029,68.07683031097935,391.4141976022806,87240.490829833,4.432160865131656
4.997968635148464,0.0943012950028012,9.344316928989358,68.40596242413827,390.95848124275176,86388.73387033182,4.337859570128855
5.092269930151265,0.0943012950028012,9.3846316321696,68.89527916360817,394.510083937845,87018.9515103287,4.243558275126054
5.186571225154067,0.0943012950028012,9.440939752401457,69.56215036435647,415.93802435504614,94541.25552958132,4.149256980123252
5.280872520156867,0.0943012950028012,9.475516530828491,69.8576918129094,410.71435102895384,91800.54321700636,4.054955685120452
5.375173815159669,0.0943012950028012,9.527918437271742,70.49721890532547,421.3658680958821,95027.6378021365,3.9606543901176505
5.46947511016247,0.0943012950028012,9.57279499764477,70.95183204399277,435.3560779297583,99809.17784827524,3.866353095114849
5.563776405165272,0.0943012950028012,9.639917278795696,71.54374159588949,435.1906058265211,98608.60703027796,3.7720518001120475
5.658077700168072,0.0943012950028012,9.711265788083482,72.4674209790133,448.91659987957377,102579.2524250462,3.677750505109247
5.752378995170874,0.0943012950028012,9.76534131765882,72.92725812450306,456.4131198283732,104696.90166026154,3.5834492101064455
5.846680290173675,0.0943012950028012,9.834637191306916,73.74626790834478,481.72279492311213,113467.0298290798,3.489147915103644
5.940981585176476,0.0943012950028012,9.90152851216591,74.32745887594935,490.3864819553101,115650.36194112927,3.3948466201008434
6.0352828801792775,0.0943012950028012,9.959424542937128,74.99883227550743,494.3837387254185,116160.11224663012,3.300545325098042
6.129584175182079,0.0943012950028012,10.008941878411903,75.47342043430656,500.982142101669,117804.33841647516,3.2062440300952404
6.22388547018488,0.0943012950028012,10.107429770957603,76.43490733526207,517.1207271221926,122381.00464721843,3.11194273509244
6.318186765187681,0.0943012950028012,10.177636338267623,77.18767674243608,527.3614214881163,125036.10050463752,3.0176414400896383
6.412488060190483,0.0943012950028012,10.254699174060317,77.8496046848413,540.1739808987994,128799.59278692922,2.923340145086837
6.506789355193283,0.0943012950028012,10.331359823017662,78.62196921512788,555.1791081869694,133276.23985655318,2.829038850084036
6.601090650196085,0.0943012950028012,10.403373263452613,79.31136469145565,577.0231839719904,140608.49771284807,2.7347375550812347
6.695391945198886,0.0943012950028012,10.493839177524292,80.272982053747,573.8355766248155,137413.20819644415,2.6404362600784332
6.789693240201688,0.0943012950028012,10.604316189509102,81.40859860419808,606.2534006252508,148168.87362482827,2.5461349650756318
6.883994535204488,0.0943012950028012,10.665135811410376,81.81696893117876,623.4623626944569,154047.3733866818,2.451833670072831
6.97829583020729,0.0943012950028012,10.744913226741886,82.59614711989639,617.7385647448497,150072.3927613768,2.3575323750700297
7.072597125210091,0.0943012950028012,10.835577809228194,83.41643158187841,628.7728412364706,152649.14485833162,2.263231080067228
7.166898420212892,0.0943012950028012,10.932543830910944,84.32264647483234,655.7652199181512,161486.17641080107,2.1689297850644276
7.261199715215693,0.0943012950028012,11.012732819843986,85.00028327748203,652.2272462177507,158559.07007083317,2.074628490061626
7.355501010218495,0.0943012950028012,11.09675997089031,85.80851492835733,671.8470959019585,164647.25805547726,1.9803271950588244
7.449802305221295,0.0943012950028012,11.205690160999222,86.84815046156032,727.4763573453897,184550.54807072008,1.8860259000560238
7.544103600224097,0.0943012950028012,11.308690336732194,87.90953735897082,699.6787411189724,171127.7639996758,1.7917246050532223
7.638404895226898,0.0943012950028012,11.38404313816159,88.45065947431497,703.2652160884252,171046.8152579964,1.6974233100504208
7.732706190229699,0.0943012950028012,11.504497620425523,89.70153779301305,745.3449821929972,185270.2952102679,1.6031220150476202
7.8270074852325004,0.0943012950028012,11.590313592378063,90.41516782907726,755.9705862917207,187693.49181039215,1.5088207200448187
7.921308780235302,0.0943012950028012,11.691640976451666,91.23333796733944,762.8616317356032,188295.16109491873,1.4145194250420172
8.015610075238103,0.0943012950028012,11.787256067252422,92.20621539263362,791.2133686633845,197491.50869953385,1.3202181300392166
8.109911370240905,0.0943012950028012,11.890539197708849,92.97772941768292,795.9005865489122,197192.32866849296,1.2259168350364142
8.204212665243706,0.0943012950028012,11.99331122460356,94.09594803893285,815.972623975756,202763.2499548008,1.1316155400336136
8.298513960246506,0.0943012950028012,12.09177626395094,94.95328121828786,834.7989706033463,208011.61407946935,1.037314245030813
8.392815255249308,0.0943012950028012,12.204321556069305,95.96072679643548,856.3027579185322,214042.29002056844,0.9430129500280108
8.487116550252109,0.0943012950028012,12.29559827225808,96.61583053234428,875.3392082042177,219829.4702780922,0.8487116550252102
8.58141784525491,0.0943012950028012,12.399413894458924,97.54475411143468,876.700239009525,218167.00645304652,0.7544103600224096
8.675719140257712,0.0943012950028012,12.534898831928556,98.95318201173735,940.5289349905748,240226.63933437987,0.6601090650196072
8.770020435260513,0.0943012950028012,12.621146783981308,99.62312245673512,942.4321765065664,239054.74692589545,0.5658077700168066
8.864321730263313,0.0943012950028012,12.734455315843888,100.55237569706676,931.8758347981804,232247.2993025085,0.47150647501400594
8.958623025266116,0.0943012950028012,12.849502307406448,101.56293341943623,959.5961305439037,240691.2300622438,0.37720518001120357
9.052924320268916,0.0943012950028012,12.963509144132091,102.6293197443387,995.0017181858568,252044.8667593052,0.28290388500840297
9.147225615271717,0.0943012950028012,13.05304794590965,103.30924317452556,1001.469662555469,252436.29963018117,0.18860259000560237
9.24152691027452,0.0943012950028012,13.164569541613853,104.26287716760204,1004.5850991479612,251133.1208030801,0.0943012950028
9.33582820527732,0.0943012950028012,13.272151123114297,105.35668571220911,1048.165740201537,265801.58795756934,-5.967448757360216e-16
0.0,0.1886025900056024,12.975719925283189,84.05889215786172,509.1103610028857,92177.5250647148,9.241526910274517
0.0943012950028012,0.1886025900056024,12.771366976233455,82.70474210196191,498.3237986631272,91726.8471732192,9.147225615271717
0.1886025900056024,0.1886025900056024,12.606021604466834,81.64495266265158,479.6317830194283,87194.8015380408,9.052924320268914
0.2829038850084036,0.1886025900056024,12.436042324354268,80.73413305652107,469.78752439666664,85909.79809089343,8.958623025266114
0.3772051800112048,0.1886025900056024,12.256005779515002,79.50730863851626,454.5136707428999,82902.16489640193,8.864321730263313
0.471506475014006,0.1886025900056024,12.085042673451683,78.45350275369691,443.4537204121,81070.50731783801,8.770020435260511
0.5658077700168073,0.1886025900056024,11.917440082610728,77.49007916534723,437.6632407154756,81228.99959352563,8.67571914025771
0.6601090650196084,0.1886025900056024,11.758213406873177,76.58971023103189,429.1183858860675,80096.35864497874,8.58141784525491
0.7544103600224097,0.1886025900056024,11.603693604809257,75.59723406812296,413.91052380562513,76181.0044592668,8.487116550252107
0.848711655025211,0.1886025900056024,11.43556761457231,74.58468406484813,405.8540846061582,75246.37330307033,8.392815255249307
0.943012950028012,0.1886025900056024,11.291851642776614,73.73333833528457,396.5778802105078,73540.48882534106,8.298513960246506
1.0373142450308133,0.1886025900056024,11.143056996717265,72.8469221941832,389.0593575113725,72439.96133205625,8.204212665243704
1.1316155400336143,0.1886025900056024,11.00393154430005,72.04504430790496,379.4253265238328,70357.65437313612,8.109911370240903
1.2259168350364158,0.1886025900056024,10.873733962907252,71.24496978264095,369.79972304575216,68203.43063402409,8.015610075238103
1.3202181300392168,0.1886025900056024,10.741711959753305,70.54007729994298,369.13033711822374,69540.41724480926,7.921308780235301
1.414519425042018,0.1886025900056024,10.608509261508743,69.74181848763169,358.6489744144258,66966.33372924212,7.8270074852325004
1.5088207200448194,0.1886025900056024,10.493760855110288,69.19100255517887,353.95995410929675,66321.04436137932,7.732706190229699
1.6031220150476206,0.1886025900056024,10.372267395452536,68.44237135594852,343.9619041137531,63769.204468781754,7.6384048952268975
1.697423310050422,0.1886025900056024,10.269071434928282,67.86415806912589,340.652119578406,63582.95116778434,7.544103600224097
1.791724605053223,0.1886025900056024,10.160360695394273,67.30912805985399,335.4900569916871,62762.84143178666,7.449802305221295
1.886025900056024,0.1886025900056024,10.062986194083006,66.78739379891356,331.710404859841,62390.775717763485,7.355501010218494
1.9803271950588257,0.1886025900056024,9.957842745725618,66.11864766193193,323.1793060203534,60127.88200872662,7.261199715215692
2.0746284900616265,0.1886025900056024,9.877327168285785,65.74161230808477,319.29678745171003,59407.56602011245,7.166898420212892
2.168929785064428,0.1886025900056024,9.80480274921702,65.56152956967662,324.12597891274874,61958.71711079915,7.07259712521009
2.263231080067229,0.1886025900056024,9.727055238661888,65.17076178516074,315.982297130251,59506.166637029615,6.97829583020729
2.35753237507003,0.1886025900056024,9.647049753222026,64.69268765084672,315.0662595147855,60001.91534914899,6.883994535204488
2.4518336700728316,0.1886025900056024,9.57277299978212,64.21299421680385,307.3258010564184,57763.86491868822,6.789693240201687
2.5461349650756326,0.1886025900056024,9.523795415657109,64.12705318956665,306.3724542745065,57733.1000025026,6.695391945198886
2.6404362600784337,0.1886025900056024,9.461391948269185,63.90040280035512,306.08874491399337,58196.1365866763,6.601090650196085
2.734737555081235,0.1886025900056024,9.404299234373289,63.60006694620556,303.90795051614504,57918.01935852887,6.506789355193283
2.829038850084036,0.1886025900056024,9.364311914943906,63.50852109592992,309.8794371427605,60633.11174414413,6.412488060190483
2.9233401450868377,0.1886025900056024,9.31017690001679,63.22274384360422,300.6712546987812,57502.31531233803,6.31818676518768
3.0176414400896387,0.1886025900056024,9.289471858678503,63.37735576940551,306.1731445652074,59657.48135417936,6.22388547018488
3.11194273509244,0.1886025900056024,9.247621064867335,63.15306077029132,301.56541968981793,58247.86489749936,6.129584175182079
3.2062440300952413,0.1886025900056024,9.225171572998091,63.18541982011364,303.34240063756283,58988.1549083264,6.035282880179277
3.3005453250980423,0.1886025900056024,9.20259496514373,63.228438478728485,308.95565635617265,61322.390315875185,5.940981585176476
3.394846620100844,0.1886025900056024,9.182829994397236,63.22117003137953,306.8307310080628,60604.257644330384,5.8466802901736745
3.489147915103645,0.1886025900056024,9.168894367916634,63.31259551332102,309.95343696711114,61771.93460757766,5.752378995170873
3.583449210106446,0.1886025900056024,9.150177175653749,63.318117582661046,317.40919321348866,64886.65278915499,5.658077700168072
3.6777505051092474,0.1886025900056024,9.155938046561316,63.58272744515418,315.627150059334,63865.67056252136,5.563776405165271
3.772051800112048,0.1886025900056024,9.15286086862275,63.673344164778655,316.27472310108965,64047.7445924041,5.46947511016247
3.8663530951148495,0.1886025900056024,9.163969864926909,64.0330544681629,322.3824796547982,66004.76894011104,5.375173815159669
3.960654390117651,0.1886025900056024,9.157918906033805,64.00574063139344,321.4144636467231,65736.73277385735,5.280872520156867
4.0549556851204525,0.1886025900056024,9.158827139384645,64.2086970856046,327.06928990194064,67767.07144309008,5.186571225154066
4.149256980123253,0.1886025900056024,9.180737175712087,64.604025334924,330.83157009690524,68669.8004394253,5.092269930151265
4.2435582751260545,0.1886025900056024,9.197815476340912,64.91386046404739,337.6529018833065,71030.89153625868,4.997968635148464
4.337859570128856,0.1886025900056024,9.225128765020328,65.31555650350576,343.1370025027795,72612.9908782303,4.903667340145662
4.432160865131657,0.1886025900056024,9.248291402769276,65.63395540031063,350.0603910280824,74900.45466630274,4.809366045142862
4.526462160134458,0.1886025900056024,9.261551220372036,65.90346728319587,356.4443146379555,77144.70859818303,4.71506475014006
4.62076345513726,0.1886025900056024,9.298857154378254,66.30986014375105,363.0711289847215,79076.51722711355,4.620763455137259
4.71506475014006,0.1886025900056024,9.335816928929653,66.83559222266985,363.24939251561017,78393.70489649884,4.526462160134458
4.809366045142862,0.1886025900056024,9.373153374069965,67.29368519486337,373.66755036430897,81848.06151542709,4.432160865131657
4.903667340145663,0.1886025900056024,9.414955578493586,67.7407078616481,384.8515193624333,85537.43539773884,4.337859570128855
4.997968635148464,0.1886025900056024,9.45709470362489,68.17843371732002,396.2150234421084,89347.32832009897,4.2435582751260545
5.092269930151265,0.1886025900056024,9.502252518754895,68.67322240506022,394.7781755191048,87949.22217645338,4.149256980123253
5.186571225154067,0.1886025900056024,9.55059594712207,69.31104094874598,401.6819670730813,89677.68459696561,4.054955685120452
5.280872520156867,0.1886025900056024,9.597567865963496,69.72035268133695,411.7917318165342,93012.05947868874,3.9606543901176505
5.375173815159669,0.1886025900056024,9.65383756993126,70.36903581958694,418.1690419242946,94390.36174512112,3.866353095114849
5.46947511016247,0.1886025900056024,9.72135967970076,71.05955988419257,430.20438259128326,97953.85234046784,3.7720518001120475
5.563776405165272,0.1886025900056024,9.778835100495431,71.61427151650267,448.4951201395533,104351.9320698572,3.677750505109246
5.658077700168072,0.1886025900056024,9.846946523579502,72.46717529409656,452.0914719631916,104421.6995491618,3.5834492101064455
5.752378995170874,0.1886025900056024,9.89214020261998,72.86119146987623,458.0507969789048,106051.55705478824,3.489147915103644
5.846680290173675,0.1886025900056024,9.976398330574014,73.72565160005044,482.748775045404,114270.78944167,3.3948466201008425
5.940981585176476,0.1886025900056024,10.043316155427071,74.41277157183856,489.14323376688856,115657.38802854106,3.300545325098042
6.0352828801792775,0.1886025900056024,10.105125315471502,74.95034907940337,500.9024520066421,119290.80490717015,3.2062440300952404
6.129584175182079,0.1886025900056024,10.174955043283436,75.60326814890786,500.17781275926734,117603.00164482284,3.111942735092439
6.22388547018488,0.1886025900056024,10.247824360129924,76.37346660076776,514.7488710707075,122037.54858130234,3.0176414400896383
6.318186765187681,0.1886025900056024,10.314437597807636,76.95232548318644,524.7603664171938,124825.70534989655,2.923340145086837
6.412488060190483,0.1886025900056024,10.410224075976153,77.9754842175802,544.4604077282671,130789.34067836516,2.8290388500840353
6.506789355193283,0.1886025900056024,10.478383636425088,78.66178817074949,550.3505641519672,131774.2421952643,2.7347375550812347
6.601090650196085,0.1886025900056024,10.577310631220094,79.6069888973457,573.3178994694113,139024.16993345055,2.6404362600784332
6.695391945198886,0.1886025900056024,10.648647633066922,80.18487096115801,603.0588848181549,149687.92943195926,2.5461349650756318
6.789693240201688,0.1886025900056024,10.740048251864954,81.1129934450803,590.2257322428135,142584.0224336943,2.4518336700728303
6.883994535204488,0.1886025900056024,10.808223717079636,81.65423051171953,601.6789994388321,145959.2269466945,2.3575323750700297
6.97829583020729,0.1886025900056024,10.905623963281968,82.61066489187237,610.2735234220187,147430.80080984763,2.263231080067228
7.072597125210091,0.1886025900056024,10.99379815660357,83.4421325482246,627.1178774012126,152428.35837971853,2.1689297850644267
7.166898420212892,0.1886025900056024,11.077394128358693,84.05243895016608,640.7296595241725,156335.57507312688,2.074628490061626
7.261199715215693,0.1886025900056024,11.157716245105382,84.83974436194802,645.0076894239234,156252.1243628548,1.9803271950588248
7.355501010218495,0.1886025900056024,11.281465316364192,86.1881592822313,687.9488496468575,170837.78596735545,1.8860259000560233
7.449802305221295,0.1886025900056024,11.351589492920995,86.70136014562509,673.0851270650408,163623.19842746455,1.7917246050532227
7.544103600224097,0.1886025900056024,11.466690631308236,87.74813218901082,701.7970078301994,172644.0097057595,1.6974233100504212
7.638404895226898,0.1886025900056024,11.572085766442576,88.88841753392228,732.5780458380403,182594.1158847976,1.6031220150476198
7.732706190229699,0.1886025900056024,11.668318140537751,89.76267328602447,759.0595754147333,191150.56278203803,1.5088207200448192
7.8270074852325004,0.1886025900056024,11.745399006811551,90.30213838218606,756.2179414720541,188522.77364700285,1.4145194250420177
7.921308780235302,0.1886025900056024,11.867089847477516,91.46895916600629,793.2423654666553,200568.11315244692,1.3202181300392162
8.015610075238103,0.1886025900056024,11.954993609814933,92.27024531252296,800.8551562499074,201707.12398055295,1.2259168350364156
8.109911370240905,0.1886025900056024,12.060371630208492,93.16310275303252,793.5063556230016,196521.65073434723,1.1316155400336132
8.204212665243706,0.1886025900056024,12.153011082506076,93.99287793281226,817.0943803579394,203883.492566316,1.0373142450308126
8.298513960246506,0.1886025900056024,12.2784877444885,95.18225809313472,869.2312699948877,221939.3556812966,0.9430129500280119
8.392815255249308,0.1886025900056024,12.379987364569685,96.03575011964894,857.7498114668101,214971.5626742287,0.8487116550252095
8.487116550252109,0.1886025900056024,12.474048113112955,96.77304464755198,880.9409817381157,222180.7068170681,0.7544103600224089
8.58141784525491,0.1886025900056024,12.581242856215209,97.84995941943822,890.0854543520761,223323.21271114887,0.6601090650196083
8.675719140257712,0.1886025900056024,12.687064599824144,98.66436025958316,891.8494554940739,221782.75476635832,0.5658077700168059
8.770020435260513,0.1886025900056024,12.821100434501986,99.95039984505352,933.8056412829912,235378.84120153397,0.47150647501400533
8.864321730263313,0.1886025900056024,12.918872955636088,100.74298887856936,971.703004532738,248154.450957754,0.37720518001120473
8.958623025266116,0.1886025900056024,13.012768112018517,101.57688556799616,972.9278875262888,246575.38071240392,0.28290388500840236
9.052924320268916,0.1886025900056024,13.1422651665342,102.76495792151373,1007.5447496752377,257100.471933615,0.18860259000560178
9.147225615271717,0.1886025900056024,13.254178454817955,103.62131109251408,1027.281679181771,262263.7553848415,0.09430129500280118
9.24152691027452,0.1886025900056024,13.380155050545518,104.85281522576048,1026.1214158781752,258779.50801251773,-1.1934897514720433e-15
5.092269930151265,1.1316155400336143,10.816610087618052,68.95401849857228,382.99532230104097,83013.35482089497,3.206244030095241
5.186571225154067,1.1316155400336143,10.889166840203638,69.5895481860182,398.38233181298256,88182.72637049812,3.1119427350924393
5.280872520156867,1.1316155400336143,10.969576042078462,70.32506188383528,408.84775263159065,90968.63986584952,3.0176414400896387
5.375173815159669,1.1316155400336143,11.035834611465472,70.9225067563606,422.12890270464254,95242.53983439357,2.9233401450868373
5.46947511016247,1.1316155400336143,11.122715512099074,71.67358331602719,425.6319752053834,95281.13956419588,2.8290388500840358
5.563776405165272,1.1316155400336143,11.19683571327719,72.29014303157206,430.3234634215795,95899.69201511751,2.7347375550812343
5.658077700168072,1.1316155400336143,11.288398558229687,73.1367976906649,447.7599300559794,101300.31005968558,2.6404362600784337
5.752378995170874,1.1316155400336143,11.369988520405965,73.7645191106412,453.2998524323269,102265.72589022123,2.546134965075632
5.846680290173675,1.1316155400336143,11.450640889531575,74.53755467152574,474.1361109654293,109155.75948558692,2.4518336700728307
5.940981585176476,1.1316155400336143,11.522018716189317,75.07101173109793,472.98012718309946,107581.51690195556,2.35753237507003
6.0352828801792775,1.1316155400336143,11.617921895951913,75.95462867877188,487.258296460154,111573.97416802443,2.2632310800672286
6.129584175182079,1.1316155400336143,11.71263846869354,76.92558540472994,505.51591818009535,117072.1950350434,2.168929785064427
6.22388547018488,1.1316155400336143,11.793756660482964,77.56969832290484,511.0897806144439,118007.07678939032,2.0746284900616265
6.318186765187681,1.1316155400336143,11.89788568108188,78.4983684615749,541.157601568732,128220.56744415085,1.980327195058825
6.412488060190483,1.1316155400336143,11.99161954657503,79.32927165475125,541.0263191884285,126471.77256422954,1.8860259000560236
6.506789355193283,1.1316155400336143,12.06862910804843,79.95366021094131,545.329975694074,126841.0103404044,1.791724605053223
6.601090650196085,1.1316155400336143,12.178569158489069,80.96252143979748,564.8641039739006,132500.2743156388,1.6974233100504215
6.695391945198886,1.1316155400336143,12.27069249761793,81.6869253555713,583.5777320282072,138429.442974664,1.60312201504762
6.789693240201688,1.1316155400336143,12.36531490414498,82.55545279167619,584.6536460169683,136929.35696933293,1.5088207200448185
6.883994535204488,1.1316155400336143,12.468650305500285,83.37818590006367,595.4807740975342,139438.0185548968,1.4145194250420179
6.97829583020729,1.1316155400336143,12.567781053608158,84.33115286245263,622.3133823511222,148270.1005369763,1.3202181300392164
7.072597125210091,1.1316155400336143,12.669053040820147,85.10851538963729,627.2236212558194,148290.5982518116,1.225916835036415
7.166898420212892,1.1316155400336143,12.77392990464513,86.1446977579842,661.5454373408713,160087.04483393702,1.1316155400336143
7.261199715215693,1.1316155400336143,12.87983603821967,87.04159646316529,666.6294479384741,160000.15900689657,1.0373142450308128
7.355501010218495,1.1316155400336143,12.962715914008657,87.6515919762536,677.8203049520625,162900.64968852449,0.9430129500280113
7.449802305221295,1.1316155400336143,13.08962791840086,88.81491167342418,700.9434126148236,169585.7423582018,0.8487116550252107
7.544103600224097,1.1316155400336143,13.180019906538618,89.48200055269038,701.0267872559228,167768.75346602147,0.7544103600224092
7.638404895226898,1.1316155400336143,13.321397685992276,90.96677052336464,739.4776767148109,179950.04236671975,0.6601090650196078
7.732706190229699,1.1316155400336143,13.41261280174249,91.60051257666905,738.3172897253406,177827.6544055125,0.5658077700168072
7.8270074852325004,1.1316155400336143,13.514639030209285,92.39887457765396,740.1465197230619,176498.99608492228,0.47150647501400567
7.921308780235302,1.1316155400336143,13.631705375354665,93.52046518759758,781.8200713811739,190693.8068595995,0.3772051800112042
8.015610075238103,1.1316155400336143,13.753501462107184,94.70425731932,803.7742739715476,196757.1893427313,0.2829038850084036
8.109911370240905,1.1316155400336143,13.845232650815024,95.35146529904802,806.773028321847,196017.3310682565,0.1886025900056012
8.204212665243706,1.1316155400336143,13.95433287341974,96.22310706586838,818.409754396172,198433.69523216836,0.0943012950028006
8.298513960246506,1.1316155400336143,14.061418588794274,97.02697183080782,828.8975087699472,200472.5062508814,0.0
0.0,1.2259168350364158,11.928990032774484,74.31235313903855,397.98635212412506,71602.80659507021,8.204212665243706
0.0943012950028012,1.2259168350364158,11.783398231894914,73.28229771097368,387.8490069575466,70303.58753123457,8.109911370240905
0.1886025900056024,1.2259168350364158,11.657984552596576,72.47520505455344,380.71949410821367,69568.08739083514,8.0156100752381
0.2829038850084036,1.2259168350364158,11.520713881694697,71.4194050826421,369.3149240744123,67454.37184568845,7.921308780235301
0.3772051800112048,1.2259168350364158,11.394477417761443,70.49998952890734,361.30280322213576,66435.86273062485,7.8270074852325004
0.471506475014006,1.2259168350364158,11.27402595113167,69.62122897664716,352.1294130738107,64760.220685010005,7.732706190229698
0.5658077700168073,1.2259168350364158,11.157779254654328,68.67774351466787,340.31824528624645,62070.96031122864,7.6384048952268975
0.6601090650196084,1.2259168350364158,11.060310345212772,68.13909099598888,337.35858573584596,62226.756042717345,7.544103600224097
0.7544103600224097,1.2259168350364158,10.933855672652813,67.00891882246326,328.3781040069285,60842.49059707129,7.4498023052212945
0.848711655025211,1.2259168350364158,10.842308255278615,66.41022647893237,319.3648445622678,58554.71263816615,7.355501010218494
0.943012950028012,1.2259168350364158,10.756742997115593,65.6740312971502,309.92323418449087,56174.975810090975,7.261199715215693
1.0373142450308133,1.2259168350364158,10.662981368319976,65.06143300286624,306.91197479066454,56354.67977778401,7.166898420212891
1.1316155400336143,1.2259168350364158,10.58306473290078,64.3983699487368,299.51167132957335,54599.93900265311,7.07259712521009
1.2259168350364158,1.2259168350364158,10.497024802565354,63.71643933074215,294.6279861152867,53984.516132096745,6.97829583020729
1.3202181300392168,1.2259168350364158,10.43413966528873,63.29939139300024,291.61499226906295,53660.475298378806,6.883994535204487
1.414519425042018,1.2259168350364158,10.370848475222084,62.85375812913162,286.85652829866217,52690.42955424781,6.789693240201687
1.5088207200448194,1.2259168350364158,10.304493686727596,62.270303075630665,279.3904495274221,50644.54681354728,6.695391945198885
1.6031220150476206,1.2259168350364158,10.242720849550665,61.8310048714136,277.14275701947673,50654.52118394247,6.601090650196084
1.697423310050422,1.2259168350364158,10.19873908391287,61.52231417141474,274.8652505008032,50325.05678856335,6.506789355193283
1.791724605053223,1.2259168350364158,10.146135811117183,61.11772369305157,269.7838453986406,49059.185446939846,6.412488060190482
1.886025900056024,1.2259168350364158,10.10301212003264,60.79721654878003,266.99218745570346,48544.816757535154,6.31818676518768
1.9803271950588257,1.2259168350364158,10.065020902349442,60.5838732149093,265.62169575060335,48544.593474882466,6.223885470184879
2.0746284900616265,1.2259168350364158,10.04061065713687,60.41713604295434,263.6095801960919,48037.62796687705,6.129584175182078
2.168929785064428,1.2259168350364158,10.01370954513444,60.16888155802313,263.548147385938,48494.810635807065,6.035282880179277
2.263231080067229,1.2259168350364158,9.991812483958816,60.05593893504566,263.41363621377445,48714.62358660263,5.940981585176476
2.35753237507003,1.2259168350364158,9.964702732859823,59.80938344637418,258.23988843968186,47048.39393805953,5.8466802901736745
2.4518336700728316,1.2259168350364158,9.95624362164588,59.82851014134749,262.8948859337869,49037.192617430475,5.752378995170873
2.5461349650756326,1.2259168350364158,9.936335689650662,59.63590593012241,257.2391827078881,47047.447940115366,5.658077700168072
2.6404362600784337,1.2259168350364158,9.939070043974183,59.75319441756135,261.46036768628323,48662.86374840446,5.563776405165271
2.734737555081235,1.2259168350364158,9.938157879339062,59.756277399714975,263.3914949824566,49481.34578563003,5.4694751101624695
2.829038850084036,1.2259168350364158,9.937559399638529,59.81581594574448,260.72903466961355,48360.86595214151,5.375173815159669
2.9233401450868377,1.2259168350364158,9.94333419851398,59.83166073394655,263.3678198783143,49454.645608226114,5.2808725201568665
3.0176414400896387,1.2259168350364158,9.954381977241267,59.93266307471065,263.5690393349859,49407.251015407885,5.186571225154066
3.11194273509244,1.2259168350364158,9.96704501283034,60.142237878071015,268.3272048549184,51083.25224383909,5.092269930151265
3.2062440300952413,1.2259168350364158,9.98168229757456,60.227351587629855,269.13426903637543,51264.7529602651,4.997968635148463
3.3005453250980423,1.2259168350364158,10.012172629600643,60.5721241626285,278.9587576694022,54719.12389493578,4.903667340145662
3.394846620100844,1.2259168350364158,10.037963607422297,60.75303988408463,278.6326188239627,54373.229463035335,4.809366045142861
3.489147915103645,1.2259168350364158,10.055646588496153,60.929201701175145,277.1231179815806,53464.87004973648,4.715064750140059
3.583449210106446,1.2259168350364158,10.09093331432357,61.28363672026153,285.86764129843425,56532.804867673905,4.620763455137259
3.6777505051092474,1.2259168350364158,10.125947838714689,61.67460375765756,289.7405108552422,57492.8141651107,4.526462160134457
3.772051800112048,1.2259168350364158,10.157702260614268,61.93801860344543,289.5446864028826,57016.154087392555,4.432160865131657
3.8663530951148495,1.2259168350364158,10.209322021548306,62.43256992641494,299.1865325001609,60102.97092612974,4.337859570128855
3.960654390117651,1.2259168350364158,10.248553589269823,62.807341058495304,306.3077296583265,62394.74032423192,4.243558275126054
4.0549556851204525,1.2259168350364158,10.28395851636126,63.03255150111587,309.5042480498162,63264.00357445501,4.149256980123252
4.149256980123253,1.2259168350364158,10.334686428562012,63.52538085007417,314.7727362845995,64671.12217197622,4.054955685120452
4.2435582751260545,1.2259168350364158,10.389794631457498,63.93066081401605,316.43567691483713,64500.76942979352,3.96065439011765
4.337859570128856,1.2259168350364158,10.445872769500468,64.50505261095284,324.2257138908224,66820.12186529896,3.8663530951148486
4.432160865131657,1.2259168350364158,10.499885051775893,64.94702738503649,326.3977676505337,66914.20682532829,3.772051800112048
4.526462160134458,1.2259168350364158,10.561866845148838,65.54083215985264,345.5200454044394,73611.12069235825,3.6777505051092465
4.62076345513726,1.2259168350364158,10.62683076470974,66.110009473003,344.24924539087306,72176.5874053371,3.583449210106445
4.71506475014006,1.2259168350364158,10.680604412861276,66.62615308090977,357.5622533961314,76644.68438701113,3.4891479151036444
4.809366045142862,1.2259168350364158,10.74984051419651,67.22133657942236,360.41852851635304,76705.22286017146,3.394846620100843
4.903667340145663,1.2259168350364158,10.834231855943528,68.08702535400349,375.52835605245207,81427.85656354182,3.3005453250980414
4.997968635148464,1.2259168350364158,10.889924309789668,68.49322319670405,382.7861666660803,83558.4156843761,3.206244030095241
5.092269930151265,1.2259168350364158,10.971960347494498,69.242997598805,388.85740516473993,84580.7843178683,3.1119427350924393
5.186571225154067,1.2259168350364158,11.03387596570084,69.80322333538385,399.46291079241513,87869.54465632595,3.017641440089638
5.280872520156867,1.2259168350364158,11.106909191343767,70.41177090734341,410.9217626115867,91409.1002604228,2.9233401450868373
5.375173815159669,1.2259168350364158,11.194320385581417,71.25798999474378,416.2240070859893,92002.44041895017,2.8290388500840358
5.46947511016247,1.2259168350364158,11.269405057196904,71.85993004812111,421.2031558312113,92778.4625461872,2.7347375550812343
5.563776405165272,1.2259168350364158,11.352541050966924,72.5993321299245,432.0318038683763,95745.43300468264,2.640436260078433
5.658077700168072,1.2259168350364158,11.4263361019402,73.19365726413477,442.45925858167703,98800.99292230532,2.546134965075632
5.752378995170874,1.2259168350364158,11.52005532852641,74.02117604652744,456.28890214245536,102749.62655877256,2.4518336700728307
5.846680290173675,1.2259168350364158,11.602421311368806,74.76466251658957,467.8124985122603,105967.99950659646,2.357532375070029
5.940981585176476,1.2259168350364158,11.692153240437069,75.57697603327651,489.257236374413,112959.0718662519,2.2632310800672286
6.0352828801792775,1.2259168350364158,11.777244797282972,76.25813777850516,490.5409132504502,112051.41952108404,2.168929785064427
6.129584175182079,1.2259168350364158,11.865090095644517,77.0168733709377,501.0826703019708,114779.03309250664,2.0746284900616256
6.22388547018488,1.2259168350364158,11.961268155414231,77.96083195189546,521.4054480718792,121164.08859434236,1.980327195058825
6.318186765187681,1.2259168350364158,12.052697534978996,78.64313369244167,517.3118521364694,117956.74534438764,1.8860259000560236
6.412488060190483,1.2259168350364158,12.157410276479578,79.70218340801078,549.8143217425941,129015.17460876844,1.791724605053222
6.506789355193283,1.2259168350364158,12.248570636334648,80.42802063392023,545.4976784686413,125667.12607993351,1.6974233100504215
6.601090650196085,1.2259168350364158,12.350900734497865,81.38713707622838,579.5874956464382,137334.98909798393,1.60312201504762
6.695391945198886,1.2259168350364158,12.448721225632193,82.182216622837,579.4351045918226,135449.5652960045,1.5088207200448185
6.789693240201688,1.2259168350364158,12.54077632393506,82.9539488549208,592.2598926699835,138991.95626164493,1.414519425042017
6.883994535204488,1.2259168350364158,12.640938087487234,83.7932859725093,612.3408792455118,145172.6996578553,1.3202181300392164
6.97829583020729,1.2259168350364158,12.71873176439331,84.33913045358085,606.4669782944442,141368.5360805789,1.225916835036415
7.072597125210091,1.2259168350364158,12.84373987754486,85.54515197836099,631.9195529195871,149143.0808970822,1.1316155400336134
7.166898420212892,1.2259168350364158,12.948040274379457,86.37290037580843,645.149025478671,152416.67392837105,1.0373142450308128
7.261199715215693,1.2259168350364158,13.05558533729899,87.30953922039481,696.0427773640417,170644.89706896138,0.9430129500280113
7.355501010218495,1.2259168350364158,13.158884672316372,88.37251254972949,699.6005679382976,169817.9189585666,0.8487116550252098
7.449802305221295,1.2259168350364158,13.267322148665444,89.27657227977346,699.0261699285066,167532.62549664543,0.7544103600224092
7.544103600224097,1.2259168350364158,13.38570670071649,90.33507373128148,724.0404475753085,175045.7968707453,0.6601090650196078
7.638404895226898,1.2259168350364158,13.48849090848998,91.22381750463992,730.8378021194895,175694.55977432162,0.5658077700168063
7.732706190229699,1.2259168350364158,13.587881194255472,91.98202539206312,741.2999544921576,178016.60560382268,0.47150647501400567
7.8270074852325004,1.2259168350364158,13.711138514411966,93.07959801728856,768.5542213077824,186081.9996913485,0.3772051800112042
7.921308780235302,1.2259168350364158,13.81658648771642,93.9006486592006,787.1779695830211,191563.42024716735,0.2829038850084027
8.015610075238103,1.2259168350364158,13.92748821123126,94.84605386333736,813.9209823434379,199910.2798100994,0.1886025900056021
8.109911370240905,1.2259168350364158,14.030279914035807,95.60008995182412,793.8337975418481,189538.88857184167,0.09430129500279971
8.204212665243706,1.2259168350364158,14.136672642491472,96.6253924909627,830.8299538370934,202144.0739102832,-8.881784197001252e-16
0.0,1.3202181300392168,11.856111591644764,73.74155418342636,390.10792515220584,69719.84055569393,8.109911370240903
0.0943012950028012,1.3202181300392168,11.72096219450372,72.68843828094728,380.1026130224336,68368.1895470452,8.015610075238103
0.1886025900056024,1.3202181300392168,11.600882329936889,71.84295423334248,373.58756066460927,67864.95689884815,7.9213087802353
0.2829038850084036,1.3202181300392168,11.471332350501292,70.94275757855019,363.12936463960375,65966.06953588354,7.8270074852325
0.3772051800112048,1.3202181300392168,11.340917755384504,69.80656897769752,351.98933483031766,63874.44781694798,7.732706190229699
0.471506475014006,1.3202181300392168,11.234145606050497,69.12855431724812,345.9129635666716,63250.409978482254,7.638404895226897
0.5658077700168073,1.3202181300392168,11.131972431072546,68.39129528851734,339.11627569786793,62135.655323840394,7.544103600224096
0.6601090650196084,1.3202181300392168,11.023909465394729,67.58436350685642,331.32606054505663,60782.78570782825,7.449802305221295
0.7544103600224097,1.3202181300392168,10.918158892882644,66.72359873563047,323.2625647047551,59332.05977436566,7.355501010218493
0.848711655025211,1.3202181300392168,10.826190328078017,65.95751427517675,315.23375629487657,57653.42245613142,7.261199715215692
0.943012950028012,1.3202181300392168,10.74572373454129,65.35114377159698,309.122493549987,56511.787319149335,7.166898420212892
1.0373142450308133,1.3202181300392168,10.653827070100478,64.58530515900202,307.31860942304064,57225.81005029689,7.072597125210089
1.1316155400336143,1.3202181300392168,10.579732818259304,64.0858027411141,297.1826127378004,54290.86281342403,6.978295830207289
1.2259168350364158,1.3202181300392168,10.498723960890278,63.43209272601398,289.51138705977206,52448.74132423366,6.883994535204488
1.3202181300392168,1.3202181300392168,10.44066997447576,62.99419143109683,285.8694286417943,51850.96117251204,6.789693240201686
1.414519425042018,1.3202181300392168,10.37945084570128,62.523097261158256,281.9109720433931,51268.657369473294,6.695391945198885
1.5088207200448194,1.3202181300392168,10.318579347701895,62.03503477749741,278.63139368737,50806.82805610749,6.601090650196085
1.6031220150476206,1.3202181300392168,10.263082559355851,61.61472895537818,276.26081415107933,50676.65985003534,6.506789355193282
1.697423310050422,1.3202181300392168,10.219458389417868,61.28634126924473,271.5510039097924,49421.758052064106,6.412488060190482
1.791724605053223,1.3202181300392168,10.178353492986725,60.91709672555042,268.5920203980217,48934.015513508595,6.318186765187681
1.886025900056024,1.3202181300392168,10.140196266209458,60.58542282626418,264.70036390910354,47924.982266635285,6.223885470184879
1.9803271950588257,1.3202181300392168,10.110943187721809,60.359835959279835,260.1531278597818,46522.96277302311,6.129584175182078
2.0746284900616265,1.3202181300392168,10.081145777543805,60.20017686360656,266.39556099754293,49472.955186757434,6.0352828801792775
2.168929785064428,1.3202181300392168,10.05274322343038,59.85893952413525,259.3532532915294,47148.285176730256,5.940981585176475
2.263231080067229,1.3202181300392168,10.04043483887902,59.886726665478015,259.1882298627738,47195.05251996938,5.8466802901736745
2.35753237507003,1.3202181300392168,10.023888421583903,59.7258173268442,257.5405856987715,46827.66001413648,5.752378995170874
2.4518336700728316,1.3202181300392168,10.016624078681184,59.59540095706944,255.84035076418328,46353.81610151586,5.6580777001680715
2.5461349650756326,1.3202181300392168,10.012777513122977,59.666519362501575,257.76990332326307,47137.46273408688,5.563776405165271
2.6404362600784337,1.3202181300392168,10.01564260172469,59.7503323343004,260.4514375417543,48182.597110551906,5.46947511016247
2.734737555081235,1.3202181300392168,10.008953660239928,59.618759025455475,258.44079273508214,47552.47117978364,5.375173815159668
2.829038850084036,1.3202181300392168,10.015188629308309,59.747693843009195,260.6686776102446,48369.22323357899,5.280872520156867
2.9233401450868377,1.3202181300392168,10.017337827086696,59.74541038902568,260.63889169553397,48428.76497829857,5.186571225154065
3.0176414400896387,1.3202181300392168,10.032664070152396,59.86503277582508,264.95533226868315,49951.66756299589,5.092269930151264
3.11194273509244,1.3202181300392168,10.059217158077749,60.14826057532185,266.6428696069147,50270.37382036243,4.997968635148464
3.2062440300952413,1.3202181300392168,10.070921993095723,60.198604476607535,266.53393955380574,50103.74122323299,4.903667340145661
3.3005453250980423,1.3202181300392168,10.103287608291955,60.5798599010017,270.5753787837101,51226.662411244935,4.809366045142861
3.394846620100844,1.3202181300392168,10.11726645034486,60.663662577769,272.3362633683866,51812.7359477108,4.71506475014006
3.489147915103645,1.3202181300392168,10.147034068864311,60.908234450404024,276.7945480206331,53241.65456499733,4.620763455137258
3.583449210106446,1.3202181300392168,10.196509288860584,61.430556693094246,285.15652131992243,55888.89140703247,4.526462160134457
3.6777505051092474,1.3202181300392168,10.226575536243796,61.61069590741393,282.4744783008673,54437.51120721239,4.432160865131657
3.772051800112048,1.3202181300392168,10.280457659120696,62.201362062322985,296.2632622354798,59133.90654336201,4.337859570128856
3.8663530951148495,1.3202181300392168,10.314144434103378,62.43789657566273,305.9614604483378,62616.52188083599,4.243558275126054
3.960654390117651,1.3202181300392168,10.364380337838917,62.87107122491493,303.5772259407511,60970.35281859656,4.149256980123253
4.0549556851204525,1.3202181300392168,10.409850466527978,63.29308147804133,305.4131847176619,61035.952545240216,4.054955685120451
4.149256980123253,1.3202181300392168,10.461056068135663,63.72170470832011,320.8516010523905,66540.43904791029,3.9606543901176505
4.2435582751260545,1.3202181300392168,10.515685300485089,64.24464861726199,321.85336435936904,66114.73793368576,3.866353095114849
4.337859570128856,1.3202181300392168,10.574091869945438,64.72267095420952,326.49842579888025,67143.88752401456,3.7720518001120475
4.432160865131657,1.3202181300392168,10.637240714332089,65.26175472280161,363.21194197283296,80882.09394224254,3.677750505109247
4.526462160134458,1.3202181300392168,10.689034302365322,65.752072741245,342.86342906731653,72020.50684542002,3.5834492101064455
4.62076345513726,1.3202181300392168,10.757549901382935,66.37047924596897,350.7028755514238,74095.87575417102,3.489147915103644
4.71506475014006,1.3202181300392168,10.817957813824233,66.88534730398396,355.5816229619128,75187.8030676098,3.3948466201008434
4.809366045142862,1.3202181300392168,10.879532800120597,67.42181198064586,362.5758592326426,77068.71447277984,3.300545325098042
4.903667340145663,1.3202181300392168,10.962232507036862,68.15118458537407,374.00495665478593,80393.61954040492,3.2062440300952404
4.997968635148464,1.3202181300392168,11.034310261232138,68.7272445660291,378.24217705995727,80967.69845140997,3.11194273509244
5.092269930151265,1.3202181300392168,11.11803676137624,69.51137586069794,388.6285991168148,83717.69734510446,3.0176414400896383
5.186571225154067,1.3202181300392168,11.178737161193387,70.01765845188679,402.8553937499687,88564.94794935663,2.923340145086837
5.280872520156867,1.3202181300392168,11.259400109308611,70.6797233744266,410.08280698809693,90241.05914019012,2.829038850084036
5.375173815159669,1.3202181300392168,11.351452392341969,71.62838449508838,419.118533217956,92131.63066695356,2.7347375550812347
5.46947511016247,1.3202181300392168,11.42211771549816,72.13732341569664,425.2074055571733,93665.29639643214,2.6404362600784332
5.563776405165272,1.3202181300392168,11.4990582874449,72.83228073654323,441.1272706766427,98723.08089229515,2.5461349650756318
5.658077700168072,1.3202181300392168,11.596170913073284,73.7219838402469,450.23467991108976,100669.89512339064,2.451833670072831
5.752378995170874,1.3202181300392168,11.67450036322181,74.43481599673873,462.55934375343185,104298.92662074752,2.3575323750700297
5.846680290173675,1.3202181300392168,11.76502233840413,75.04510473271355,463.04981717540903,103110.50134370812,2.263231080067228
5.940981585176476,1.3202181300392168,11.852349303388005,75.88674541594861,480.18892637842606,108494.18699611952,2.1689297850644276
6.0352828801792775,1.3202181300392168,11.932372392778325,76.49607248596607,492.98223821726555,112178.24217058028,2.074628490061626
6.129584175182079,1.3202181300392168,12.036698206553224,77.46614728926937,506.0987693644604,115549.8668606849,1.9803271950588246
6.22388547018488,1.3202181300392168,12.140101553943442,78.45763968981439,520.2945105844434,119300.22281093402,1.886025900056024
6.318186765187681,1.3202181300392168,12.225064297788304,79.1430900278392,534.7901671839544,123734.60925740543,1.7917246050532225
6.412488060190483,1.3202181300392168,12.32503770451558,79.97173204024418,552.4428370966937,128991.91178086663,1.697423310050421
6.506789355193283,1.3202181300392168,12.404953501357229,80.65906364221573,551.4602343598846,127224.62110484464,1.6031220150476204
6.601090650196085,1.3202181300392168,12.502876700912038,81.42274970424198,572.1368535833234,133762.79604027438,1.508820720044819
6.695391945198886,1.3202181300392168,12.6099937969143,82.45992565911499,581.1939692462308,135230.9835523759,1.4145194250420174
6.789693240201688,1.3202181300392168,12.718669002638116,83.37267728231126,597.6893707229818,139849.34164872213,1.320218130039216
6.883994535204488,1.3202181300392168,12.824737241649428,84.31208658013219,633.0775974750846,152006.77537174756,1.2259168350364154
6.97829583020729,1.3202181300392168,12.929172591021755,85.24052104807619,650.4616387878392,156973.80218868263,1.1316155400336139
7.072597125210091,1.3202181300392168,13.029157866009625,86.11018649863063,645.1230390086406,152900.97166784946,1.0373142450308124
7.166898420212892,1.3202181300392168,13.124281961099824,86.81357978571113,651.7021558783022,153812.65196547718,0.9430129500280118
7.261199715215693,1.3202181300392168,13.2442423693458,87.85677568680293,669.3356817172178,158493.95036489313,0.8487116550252103
7.355501010218495,1.3202181300392168,13.347003947120308,88.77282018207939,677.5214849167368,159506.85090067622,0.7544103600224088
7.449802305221295,1.3202181300392168,13.445663798309678,89.545831918095,696.4176998337176,165227.91817643677,0.6601090650196082
7.544103600224097,1.3202181300392168,13.547002260906794,90.37291224128457,706.9777879302035,167462.2007807304,0.5658077700168067
7.638404895226898,1.3202181300392168,13.662348985404623,91.3716046702753,726.7580708642358,172995.52794860312,0.4715064750140052
7.732706190229699,1.3202181300392168,13.769326250088442,92.27687320070623,735.7332094548253,174489.07198770248,0.3772051800112046
7.8270074852325004,1.3202181300392168,13.888665891427738,93.31048788240936,787.9031797513948,192877.5138266186,0.28290388500840313
7.921308780235302,1.3202181300392168,13.991759064386605,94.21704683959024,783.0106321426647,188678.4106335404,0.18860259000560164
8.015610075238103,1.3202181300392168,14.097977530390638,95.03088372375636,810.2151092916797,197418.6528097962,0.09430129500280104
8.109911370240905,1.3202181300392168,14.215775630652862,96.14480144692874,814.217744463999,196328.22065547408,-1.3322676295501878e-15
0.0,1.414519425042018,11.79406653626025,73.11194191297979,384.41622582138626,68545.6569254699,8.015610075238103
0.0943012950028012,1.414519425042018,11.662824043805694,72.21631178647075,379.22525424933184,68963.87826798786,7.921308780235302
0.1886025900056024,1.414519425042018,11.538022646814952,71.26055187048833,364.9076500390995,65507.7036883081,7.8270074852325
0.2829038850084036,1.414519425042018,11.415283681605482,70.37521562113731,356.8153077317517,64445.57266448337,7.732706190229699
0.3772051800112048,1.414519425042018,11.309759915830757,69.49644480995232,348.3109546210086,63090.857766130495,7.638404895226898
0.471506475014006,1.414519425042018,11.199462925299898,68.73708395762482,340.15941364996576,61654.235642977146,7.544103600224096
0.5658077700168073,1.414519425042018,11.087847588554302,67.70890247113212,331.2053474404821,60152.77896393416,7.449802305221295
0.6601090650196084,1.414519425042018,10.996665276331838,67.04587330839881,322.15172217507603,57965.887164658714,7.355501010218495
0.7544103600224097,1.414519425042018,10.900388895983546,66.33291445579206,317.0624139687831,57529.172258068254,7.261199715215692
0.848711655025211,1.414519425042018,10.806435353265693,65.56471117932716,310.1588058686593,56295.15572370829,7.166898420212892
0.943012950028012,1.414519425042018,10.72237635724871,64.88780719925977,303.80565366569397,55182.22289179609,7.072597125210091
1.0373142450308133,1.414519425042018,10.63973139447347,64.21030806829822,295.3105236046345,53101.297623234925,6.978295830207289
1.1316155400336143,1.414519425042018,10.566977386420149,63.54499449508046,290.9525343561154,52550.06275080179,6.883994535204488
1.2259168350364158,1.414519425042018,10.514046143936335,63.26049919246211,288.2076957031448,52199.919864123454,6.789693240201688
1.3202181300392168,1.414519425042018,10.449372841280931,62.71758515062524,283.3737741326926,51267.711015468296,6.695391945198885
1.414519425042018,1.414519425042018,10.398375115639196,62.28740708867144,281.07221433892477,51171.11942297125,6.601090650196085
1.5088207200448194,1.414519425042018,10.338342198856438,61.76300212290733,275.6574621700557,49958.12050067752,6.506789355193283
1.6031220150476206,1.414519425042018,10.291827409939325,61.3482126830845,271.3953261468842,49022.99299509067,6.412488060190482
1.697423310050422,1.414519425042018,10.249888140288444,61.0360738377508,267.6827075935237,48166.91267563063,6.318186765187681
1.791724605053223,1.414519425042018,10.21498813799395,60.73563712295281,265.41153831731344,47883.562411552426,6.22388547018488
1.886025900056024,1.414519425042018,10.17465429074939,60.394708266198535,261.79101832553334,47024.48475052704,6.129584175182078
1.9803271950588257,1.414519425042018,10.150011827406423,60.18715385959853,265.22151672819814,48805.98685179254,6.035282880179277
2.0746284900616265,1.414519425042018,10.137811399379013,60.10973422165636,259.06206061002416,46536.68720674834,5.940981585176476
2.168929785064428,1.414519425042018,10.114703547001753,59.91639559027068,259.9320673002213,47265.63875480892,5.8466802901736745
2.263231080067229,1.414519425042018,10.090116946707,59.64534272763001,255.89323653064727,46102.21012232509,5.752378995170874
2.35753237507003,1.414519425042018,10.084584687585387,59.60525450245187,256.1048598974578,46311.79374788127,5.658077700168072
2.4518336700728316,1.414519425042018,10.08178808278233,59.63909233423989,257.5603515507205,46907.94614666499,5.563776405165271
2.5461349650756326,1.414519425042018,10.07767429785717,59.52854293355938,254.51477129732783,45891.35451898768,5.46947511016247
2.6404362600784337,1.414519425042018,10.076709742620222,59.54014028743573,257.26132504354223,47072.3330943082,5.375173815159669
2.734737555081235,1.414519425042018,10.085613847889237,59.56952279838136,255.6535349235252,46355.06827260567,5.280872520156867
2.829038850084036,1.414519425042018,10.097934967219828,59.69224608812829,258.0774882809353,47224.99676510628,5.186571225154067
2.9233401450868377,1.414519425042018,10.108954854404711,59.87062701613751,261.21725817025657,48311.6664194301,5.092269930151264
3.0176414400896387,1.414519425042018,10.1252496263554,59.95372397835227,262.6111480924355,48740.73178762784,4.997968635148464
3.11194273509244,1.414519425042018,10.15809094383264,60.26428352432555,268.45196984185424,50607.823494745055,4.903667340145663
3.2062440300952413,1.414519425042018,10.172654760611977,60.37444583462386,270.6057645163227,51352.68239214848,4.809366045142861
3.3005453250980423,1.414519425042018,10.200816584373046,60.632253443564124,270.1018264257101,50821.55087342728,4.71506475014006
3.394846620100844,1.414519425042018,10.230180541947371,60.78988527967711,271.98398794610273,51246.93095215217,4.620763455137259
3.489147915103645,1.414519425042018,10.262959178258845,61.14758330455602,277.7203787446302,53090.80857030406,4.526462160134457
3.583449210106446,1.414519425042018,10.299543082267885,61.418187271584664,281.6576486541419,54230.056994180275,4.432160865131657
3.6777505051092474,1.414519425042018,10.341320126214043,61.82949176662096,284.39053287523296,54723.19010709328,4.337859570128855
3.772051800112048,1.414519425042018,10.38402253916846,62.1329281090423,291.33713491244987,56964.314548450966,4.2435582751260545
3.8663530951148495,1.414519425042018,10.423332295928732,62.50236069654463,290.7997842792745,56228.60988387601,4.149256980123253
3.960654390117651,1.414519425042018,10.481902548155333,62.97037720461716,300.65595486351083,59399.04592358851,4.054955685120452
4.0549556851204525,1.414519425042018,10.534818884335897,63.48798398514187,308.9161949965115,61892.305860836976,3.96065439011765
4.149256980123253,1.414519425042018,10.59067827802226,64.00135682980657,320.12848519179,65563.40438808892,3.8663530951148495
4.2435582751260545,1.414519425042018,10.63814476112848,64.38359957907917,320.03976383038,64908.81284670251,3.772051800112048
4.337859570128856,1.414519425042018,10.703834001616302,64.97195534989167,329.56741201321455,67742.8247703303,3.6777505051092465
4.432160865131657,1.414519425042018,10.756391825902988,65.42918273152921,332.6826285007114,68263.12870728663,3.583449210106446
4.526462160134458,1.414519425042018,10.826219117998424,66.09383880351606,341.5914017746963,70740.77022265382,3.4891479151036444
4.62076345513726,1.414519425042018,10.89383306324134,66.65927792644833,355.10219410750847,75160.90513034383,3.394846620100843
4.71506475014006,1.414519425042018,10.965306442203149,67.30712072977259,358.87855911607824,75559.3093259195,3.3005453250980423
4.809366045142862,1.414519425042018,11.03247078460946,67.83335991097893,369.1121877100206,78759.08773475331,3.206244030095241
4.903667340145663,1.414519425042018,11.100116421418027,68.42377794076847,369.2261262652165,77718.80964162445,3.1119427350924393
4.997968635148464,1.414519425042018,11.179123022370494,69.03435756984743,383.4823699722759,82301.52597928556,3.0176414400896387
5.092269930151265,1.414519425042018,11.252550193078886,69.63723406702982,386.6159571696044,82416.49561306147,2.9233401450868373
5.186571225154067,1.414519425042018,11.327652170758338,70.2401193827971,394.5194965179368,84364.95977771928,2.8290388500840358
5.280872520156867,1.414519425042018,11.415134482914311,71.0995934986677,409.7573293635596,89050.93994883184,2.734737555081235
5.375173815159669,1.414519425042018,11.500114603268262,71.87688230409671,418.8939307886356,91332.49671303184,2.6404362600784337
5.46947511016247,1.414519425042018,11.579791121441149,72.50444463941373,435.9241127515823,96905.04859885176,2.546134965075632
5.563776405165272,1.414519425042018,11.652255407299778,73.12634478055125,438.7444963192414,96829.4647674871,2.4518336700728307
5.658077700168072,1.414519425042018,11.731124094656789,73.71817635144228,446.0476313528421,98580.10553828588,2.35753237507003
5.752378995170874,1.414519425042018,11.8299565203659,74.70486857433738,456.6577057839872,101078.77429639852,2.2632310800672286
5.846680290173675,1.414519425042018,11.922867855127638,75.4367525364643,472.8971898541677,106024.02206137836,2.168929785064427
5.940981585176476,1.414519425042018,12.01641273039126,76.27581610322659,484.9207132238071,109242.8982066256,2.0746284900616265
6.0352828801792775,1.414519425042018,12.11846765590469,77.2218473047879,497.6714228832602,112515.41866407028,1.9803271950588248
6.129584175182079,1.414519425042018,12.202223773000725,77.89336774107409,515.0201171001289,118118.49552707064,1.8860259000560233
6.22388547018488,1.414519425042018,12.292984288871017,78.69295690263476,523.5261068050503,119916.93173645872,1.7917246050532227
6.318186765187681,1.414519425042018,12.399020893304789,79.58475534974474,535.7412342523008,122780.29033388008,1.6974233100504212
6.412488060190483,1.414519425042018,12.494717880298944,80.39860043826272,546.2589002391493,125225.34319746438,1.6031220150476198
6.506789355193283,1.414519425042018,12.596274855942688,81.32100773010765,561.3278752960962,129473.5386591914,1.5088207200448192
6.601090650196085,1.414519425042018,12.679628077804182,81.95640617537032,577.2735237033077,134331.53552595514,1.4145194250420177
6.695391945198886,1.414519425042018,12.80074913997978,83.04147424798106,589.9307043193508,137183.41118032008,1.3202181300392162
6.789693240201688,1.414519425042018,12.89313000340166,83.82884441350708,595.2854905960519,137676.50642470314,1.2259168350364147
6.883994535204488,1.414519425042018,12.991711705529196,84.62789638884081,635.2567965585232,151880.63542480182,1.131615540033614
6.97829583020729,1.414519425042018,13.094390673169285,85.43971000312551,622.5324927079284,144761.43511800267,1.0373142450308126
7.072597125210091,1.414519425042018,13.205974609176666,86.50065482666925,647.2011383427006,152445.24551460645,0.9430129500280111
7.166898420212892,1.414519425042018,13.298781170658588,87.18554874676184,656.5491485523337,154383.3128465065,0.8487116550252105
7.261199715215693,1.414519425042018,13.394304178280294,87.92255505664772,652.5051617960381,151021.44091481343,0.754410360022409
7.355501010218495,1.414519425042018,13.516832685916,89.0519541684062,689.4114298801942,163348.37302526983,0.6601090650196075
7.449802305221295,1.414519425042018,13.62709992324086,90.01430133027964,709.0608223267798,168922.25577366745,0.5658077700168069
7.544103600224097,1.414519425042018,13.7259313442691,90.74974693123974,724.4000507656586,173165.44533349018,0.47150647501400544
7.638404895226898,1.414519425042018,13.85157634785771,92.00159512242304,741.873806442966,177449.53219908362,0.37720518001120396
7.732706190229699,1.414519425042018,13.955218013707327,92.84984364267667,750.8137000126346,178810.7819375819,0.28290388500840336
7.8270074852325004,1.414519425042018,14.06110012517393,93.62520275688146,767.8531609643348,183555.0046770129,0.18860259000560187
7.921308780235302,1.414519425042018,14.167071140503358,94.6139713416212,779.9793272512859,186132.1435205888,0.09430129500280038
8.015610075238103,1.414519425042018,14.273291664968818,95.2889104065671,799.9302867169496,192015.48376265884,-2.220446049250313e-16
0.0,1.5088207200448194,11.73335921350346,72.59383503079356,378.56348412526063,67272.69872635485,7.921308780235301
0.0943012950028012,1.5088207200448194,11.62620352241587,71.854959130422,371.5242575275355,66436.4221222596,7.8270074852325004
0.1886025900056024,1.5088207200448194,11.491555495745684,70.73957394574037,360.9165567299949,64840.39759816505,7.732706190229698
0.2829038850084036,1.5088207200448194,11.366763337130486,69.70142046017553,350.23258712719434,62955.13244715203,7.6384048952268975
0.3772051800112048,1.5088207200448194,11.251605128739444,68.81329609356449,342.6378812909235,62032.753431849625,7.544103600224097
0.471506475014006,1.5088207200448194,11.162859722926392,68.12962978840574,333.3645207946376,59878.73842724682,7.4498023052212945
0.5658077700168073,1.5088207200448194,11.058235905364572,67.37061266890373,327.95974891316763,59527.09351990491,7.355501010218494
0.6601090650196084,1.5088207200448194,10.968358562727996,66.60521452397141,319.18760358034376,57541.40369195285,7.261199715215693
0.7544103600224097,1.5088207200448194,10.886669596281331,65.96372552251184,313.8418423281783,56851.071644535274,7.166898420212891
0.848711655025211,1.5088207200448194,10.784518555415806,65.08365550073586,304.67790988826863,54925.80930397775,7.07259712521009
0.943012950028012,1.5088207200448194,10.706669830007298,64.46657553182948,299.59250158526805,54182.854385088904,6.97829583020729
1.0373142450308133,1.5088207200448194,10.658944599562576,64.12717139440213,297.4408062518611,54058.00961377334,6.883994535204487
1.1316155400336143,1.5088207200448194,10.581053276725118,63.38159873986214,287.1513636159574,51312.11817673395,6.789693240201687
1.2259168350364158,1.5088207200448194,10.514437058175291,62.83249129721462,282.60063384975894,50596.131235285306,6.695391945198886
1.3202181300392168,1.5088207200448194,10.454458773326747,62.37421786457705,280.1492524231677,50540.24087365445,6.601090650196084
1.414519425042018,1.5088207200448194,10.418862639609427,62.019138339599635,276.00729483091845,49500.2207854145,6.506789355193283
1.5088207200448194,1.5088207200448194,10.357140357768923,61.43589067316775,268.6126249121124,47554.686867373515,6.412488060190482
1.6031220150476206,1.5088207200448194,10.320437399260374,61.186416917238155,267.4989846050215,47714.75740087598,6.31818676518768
1.697423310050422,1.5088207200448194,10.278448880001749,60.81657943353248,266.32161093287397,47935.41094380596,6.22388547018488
1.791724605053223,1.5088207200448194,10.24480231047385,60.45967461026294,261.827107543425,46742.1923186299,6.129584175182078
1.886025900056024,1.5088207200448194,10.221005078296171,60.26649471252172,259.84629578517206,46359.17728213289,6.035282880179277
1.9803271950588257,1.5088207200448194,10.195098601774758,59.9986393613427,257.76585132968387,46003.864081391876,5.940981585176475
2.0746284900616265,1.5088207200448194,10.177491307306305,59.84570429496793,256.24081275397975,45727.61555943845,5.8466802901736745
2.168929785064428,1.5088207200448194,10.168438695726492,59.84769609077651,258.08358085148814,46592.546967802205,5.752378995170873
2.263231080067229,1.5088207200448194,10.15855475182667,59.75834426019914,256.3656615177839,46106.64470371433,5.658077700168072
2.35753237507003,1.5088207200448194,10.147177978834192,59.53057677621533,253.14915865336124,45124.303320480605,5.563776405165271
2.4518336700728316,1.5088207200448194,10.158697393622496,59.731274096904286,256.3016951897206,46225.956349348315,5.4694751101624695
2.5461349650756326,1.5088207200448194,10.146883264355258,59.516946320667955,257.1086290773927,46898.53285012834,5.375173815159669
2.6404362600784337,1.5088207200448194,10.157810769064335,59.54837266102411,256.3183167527043,46479.68911799738,5.280872520156867
2.734737555081235,1.5088207200448194,10.163165818837845,59.63227411875093,258.3648924544466,47263.042586321855,5.186571225154066
2.829038850084036,1.5088207200448194,10.179324099118045,59.72198354132187,257.356719927421,46770.67624573416,5.092269930151265
2.9233401450868377,1.5088207200448194,10.195361147452092,59.873664640277255,259.2751743372655,47393.33006426956,4.997968635148463
3.0176414400896387,1.5088207200448194,10.212097588635933,59.95984587449269,258.68074799004484,46966.137907719494,4.903667340145662
3.11194273509244,1.5088207200448194,10.245357948465642,60.331194931388495,268.7770378792889,50524.84433197721,4.809366045142862
3.2062440300952413,1.5088207200448194,10.265525197488513,60.412839768611235,271.7584325038193,51586.783547201376,4.715064750140059
3.3005453250980423,1.5088207200448194,10.306294575132128,60.7979549456699,272.8908967349444,51477.1082093907,4.620763455137259
3.394846620100844,1.5088207200448194,10.34504315352663,61.173957186147945,277.7541149618946,52885.02461866676,4.526462160134457
3.489147915103645,1.5088207200448194,10.376935262965135,61.390966553728234,279.9182923930115,53399.93062511733,4.432160865131656
3.583449210106446,1.5088207200448194,10.415058195385033,61.69702796548019,285.7192488600606,55246.0750582143,4.337859570128855
3.6777505051092474,1.5088207200448194,10.464595050897888,62.125826645674856,286.9624210984715,55026.99964685028,4.243558275126054
3.772051800112048,1.5088207200448194,10.504556504902196,62.466817424160254,294.10185612784835,57335.37600012882,4.149256980123253
3.8663530951148495,1.5088207200448194,10.547137502998993,62.80144624470148,298.84412219833433,58796.98973146802,4.054955685120452
3.960654390117651,1.5088207200448194,10.606919028370315,63.35303425659782,307.3517237466896,61285.1182119503,3.96065439011765
4.0549556851204525,1.5088207200448194,10.655718008021028,63.72822007047684,313.0691229545656,62973.35645206825,3.8663530951148486
4.149256980123253,1.5088207200448194,10.7087015120773,64.15519304806874,314.13238780857336,62731.84385336806,3.772051800112048
4.2435582751260545,1.5088207200448194,10.771290832367145,64.62929115070784,322.2056019328009,65052.250812640545,3.6777505051092465
4.337859570128856,1.5088207200448194,10.82803530517758,65.16367148257399,325.9982981655506,65741.2284932735,3.583449210106445
4.432160865131657,1.5088207200448194,10.89503480989619,65.67727653983646,332.4697593841329,67459.75360539861,3.4891479151036444
4.526462160134458,1.5088207200448194,10.95841601485824,66.21559369862891,339.25828741207783,69206.23377330117,3.394846620100843
4.62076345513726,1.5088207200448194,11.034222213416257,66.91208107235128,351.00779652040706,72763.91655895305,3.3005453250980414
4.71506475014006,1.5088207200448194,11.09381371867658,67.35989727482794,356.42189735607565,74050.14754678436,3.206244030095241
4.809366045142862,1.5088207200448194,11.182182806666068,68.25053145800321,369.8105194735482,78038.24887137866,3.1119427350924393
4.903667340145663,1.5088207200448194,11.248781132262694,68.71247433574942,375.1055048685196,79214.43041447752,3.017641440089638
4.997968635148464,1.5088207200448194,11.330182949164405,69.56891779284385,399.151125339417,87452.98196890911,2.9233401450868373
5.092269930151265,1.5088207200448194,11.40578005649587,70.11029810967226,393.4093724104799,84087.1657972002,2.8290388500840358
5.186571225154067,1.5088207200448194,11.482882370923114,70.8199563017148,409.4898936688905,89291.50596820716,2.7347375550812343
5.280872520156867,1.5088207200448194,11.561570700692304,71.38022941986935,411.45257205589456,88960.45319444081,2.6404362600784337
5.375173815159669,1.5088207200448194,11.6427311798683,72.11430257185978,425.2269206513169,93106.76956436718,2.546134965075632
5.46947511016247,1.5088207200448194,11.725548932216752,72.76167906383372,427.2997725692334,92645.46866210128,2.4518336700728307
5.563776405165272,1.5088207200448194,11.816225940758258,73.61232810522421,448.8768835352109,99721.62646477728,2.357532375070029
5.658077700168072,1.5088207200448194,11.92690044264386,74.68409768223725,467.13385100762616,105064.13187715285,2.2632310800672286
5.752378995170874,1.5088207200448194,12.003356822072028,75.21293344428636,461.1603775823915,101515.78355351723,2.168929785064427
5.846680290173675,1.5088207200448194,12.084025176671544,75.84386694717051,476.5956343697685,106337.7747054001,2.0746284900616256
5.940981585176476,1.5088207200448194,12.163774297632544,76.50407081464698,489.4020053724001,110192.50506326776,1.980327195058825
6.0352828801792775,1.5088207200448194,12.2762283731166,77.47957723527624,502.5319790874078,113512.02026989912,1.8860259000560236
6.129584175182079,1.5088207200448194,12.372142588909066,78.34123855880604,511.5801942496862,115413.67790418785,1.791724605053222
6.22388547018488,1.5088207200448194,12.468181280422185,79.1264662718769,531.5950424150839,121745.52190557428,1.6974233100504215
6.318186765187681,1.5088207200448194,12.547491550193076,79.7457953266863,528.1603749117038,118998.15619555477,1.60312201504762
6.412488060190483,1.5088207200448194,12.657461110198737,80.65240608437088,552.5588403271212,126946.63393787248,1.5088207200448185
6.506789355193283,1.5088207200448194,12.765767997378893,81.69324116601926,563.8455779150911,129196.0926597851,1.4145194250420179
6.601090650196085,1.5088207200448194,12.851141792825729,82.4087407172457,581.4795586948816,134837.8621215371,1.3202181300392164
6.695391945198886,1.5088207200448194,12.951521799529822,83.17163122621339,580.0384871516399,132485.60986186555,1.225916835036415
6.789693240201688,1.5088207200448194,13.053253595654851,84.07972309036396,606.8751508739498,141191.29403199148,1.1316155400336134
6.883994535204488,1.5088207200448194,13.15563303826598,84.88657586309719,610.7184639454917,141001.42634114876,1.0373142450308128
6.97829583020729,1.5088207200448194,13.259957586947738,85.70948253296598,620.5900307711133,142989.2339331591,0.9430129500280113
7.072597125210091,1.5088207200448194,13.381823749479162,86.93201730340755,649.8874756807903,152091.26620639773,0.8487116550252098
7.166898420212892,1.5088207200448194,13.476967385615382,87.63074519309659,667.44734911559,157497.03363764798,0.7544103600224092
7.261199715215693,1.5088207200448194,13.608067380714733,88.84764782594856,696.7203556845291,166430.8836517162,0.6601090650196078
7.355501010218495,1.5088207200448194,13.705860312012575,89.62480072797769,690.8591842420816,162205.84017419984,0.5658077700168063
7.449802305221295,1.5088207200448194,13.802001301852489,90.44022503195812,728.0431217333265,175220.42031563277,0.47150647501400567
7.544103600224097,1.5088207200448194,13.921366406869382,91.40078479352748,733.7572070087637,175022.03172147437,0.3772051800112042
7.638404895226898,1.5088207200448194,14.024768106894934,92.24352625549388,742.1079086361924,176347.33037030097,0.2829038850084027
7.732706190229699,1.5088207200448194,14.12208186867962,92.91636501926293,773.1324271070233,186860.66883904248,0.1886025900056021
7.8270074852325004,1.5088207200448194,14.253250338597349,94.24227733612442,782.5590940352623,187579.20800596985,0.0943012950028006
7.921308780235302,1.5088207200448194,14.345305961718932,94.89314909569732,778.9278146244566,184485.656720816,-8.881784197001252e-16
0.0,1.6031220150476206,11.68735933036351,72.17430812351513,376.87805501085086,67363.06437165399,7.8270074852325
0.0943012950028012,1.6031220150476206,11.55970470727159,71.11374623988667,362.03298930654927,64015.02306439638,7.732706190229699
0.1886025900056024,1.6031220150476206,11.447397453733227,70.34051619470848,358.61153601314027,64710.57838637631,7.638404895226897
0.2829038850084036,1.6031220150476206,11.332181008861628,69.31176034325235,343.625126777909,60973.37981339912,7.544103600224096
0.3772051800112048,1.6031220150476206,11.2367075647687,68.69141350818208,342.037814813899,62008.291302513026,7.449802305221295
0.471506475014006,1.6031220150476206,11.134414990624482,67.71187748263672,329.8864575100522,59151.90378342656,7.355501010218493
0.5658077700168073,1.6031220150476206,11.04025831522855,67.00669636213492,324.5128678530295,58711.362368195056,7.261199715215692
0.6601090650196084,1.6031220150476206,10.942230483566028,66.17160266187197,314.78696409038133,56579.81519026045,7.166898420212892
0.7544103600224097,1.6031220150476206,10.870944882864643,65.54510969205363,308.11436016706233,55211.933695407315,7.072597125210089
0.848711655025211,1.6031220150476206,10.801718579816686,65.05299353316828,305.57703067469015,55321.67518607609,6.978295830207289
0.943012950028012,1.6031220150476206,10.715796253943871,64.26474321998651,296.51090344780624,53267.65244507545,6.883994535204488
1.0373142450308133,1.6031220150476206,10.645333066695107,63.59548577060276,289.5055919699627,51690.47331196222,6.789693240201686
1.1316155400336143,1.6031220150476206,10.597791244333145,63.3345289134143,290.21785644088925,52707.99571802147,6.695391945198885
1.2259168350364158,1.6031220150476206,10.535153861780728,62.6454953770696,281.8569375804959,50460.2168655598,6.601090650196085
1.3202181300392168,1.6031220150476206,10.480624745254593,62.20503068629506,276.7799700630464,49308.02817997801,6.506789355193282
1.414519425042018,1.6031220150476206,10.428950822499294,61.67608132537822,270.63429289361807,47827.23446248193,6.412488060190482
1.5088207200448194,1.6031220150476206,10.38783171818016,61.28542916903831,268.1445395358291,47555.37677644112,6.31818676518768
1.6031220150476206,1.6031220150476206,10.35614150933789,61.03535942687087,267.7736069791122,47943.381948036294,6.223885470184879
1.697423310050422,1.6031220150476206,10.320644132142515,60.6687707984515,263.26465476267975,46766.37661191485,6.129584175182078
1.791724605053223,1.6031220150476206,10.298794901147325,60.50188445005091,262.44245863617834,46852.289703778006,6.035282880179277
1.886025900056024,1.6031220150476206,10.270981698835977,60.197459620034905,259.2481379571977,46091.22472056351,5.940981585176475
1.9803271950588257,1.6031220150476206,10.26054412621045,60.09762881464851,258.85554022499844,46200.46870862861,5.846680290173674
2.0746284900616265,1.6031220150476206,10.236196451820865,59.880311163581794,255.9822047828552,45470.65723148153,5.752378995170873
2.168929785064428,1.6031220150476206,10.227301498969457,59.7961561368483,254.61981404493991,45099.85237050048,5.6580777001680715
2.263231080067229,1.6031220150476206,10.224878267245636,59.71398903649089,257.66735109956403,46519.738019237295,5.563776405165271
2.35753237507003,1.6031220150476206,10.224432883384551,59.66555689011365,260.2772318264262,47666.58598588399,5.4694751101624695
2.4518336700728316,1.6031220150476206,10.232707127431487,59.6648999685886,255.5465335166306,45788.82290222314,5.375173815159668
2.5461349650756326,1.6031220150476206,10.230537194100298,59.58852253009173,255.06446446356037,45761.30791748503,5.280872520156867
2.6404362600784337,1.6031220150476206,10.234661159441584,59.68061361119804,256.1032163801774,46177.71896210499,5.186571225154066
2.734737555081235,1.6031220150476206,10.24280623006804,59.67173440651926,254.04435167815615,45343.50420908826,5.092269930151264
2.829038850084036,1.6031220150476206,10.265902579157268,59.839641173456826,258.39865410716607,46810.03557401041,4.997968635148464
2.9233401450868377,1.6031220150476206,10.290898499250527,60.06031710343605,261.93204111990553,47947.7049807117,4.903667340145661
3.0176414400896387,1.6031220150476206,10.314406158096816,60.27519880629645,262.6398999135072,47975.81245078629,4.809366045142861
3.11194273509244,1.6031220150476206,10.344086783898902,60.46297004612579,265.26042951555485,48735.64486204892,4.71506475014006
3.2062440300952413,1.6031220150476206,10.37704968518794,60.6703382358574,267.2577995872212,49148.63485927671,4.620763455137258
3.3005453250980423,1.6031220150476206,10.406489925806492,60.92773072808515,274.1612059771257,51570.03941488161,4.526462160134457
3.394846620100844,1.6031220150476206,10.461196099322503,61.4524490481567,282.0083964371234,53953.07496647398,4.432160865131656
3.489147915103645,1.6031220150476206,10.479925103903732,61.5285615431478,280.287856404629,53139.56997768631,4.337859570128854
3.583449210106446,1.6031220150476206,10.522226284036645,61.83528443467739,282.8054750924369,53593.17013651142,4.243558275126054
3.6777505051092474,1.6031220150476206,10.579292161432072,62.38365115406352,291.086698072889,56169.374535783245,4.149256980123252
3.772051800112048,1.6031220150476206,10.614170955760551,62.57988228256268,290.755130302289,55620.59742979092,4.054955685120452
3.8663530951148495,1.6031220150476206,10.672974129928855,63.12967206579221,302.4266963046121,59493.27474836692,3.96065439011765
3.960654390117651,1.6031220150476206,10.723650323229656,63.44216937617122,302.25181576794813,58843.44548911167,3.8663530951148486
4.0549556851204525,1.6031220150476206,10.77715978018668,63.90104903815464,309.01174812064045,60826.13209680564,3.772051800112047
4.149256980123253,1.6031220150476206,10.838431064709862,64.41334229615723,314.0314370656748,61946.83897152186,3.6777505051092465
4.2435582751260545,1.6031220150476206,10.911824995994955,65.10053772481345,321.3870278162954,63769.15929707793,3.583449210106445
4.337859570128856,1.6031220150476206,10.965942974343506,65.44624387508799,324.9942406842246,64459.314413785,3.4891479151036435
4.432160865131657,1.6031220150476206,11.030870080542291,66.07156470148738,333.63632934466136,66971.41928455546,3.394846620100843
4.526462160134458,1.6031220150476206,11.10897150577367,66.73490289610157,348.2158689559995,71687.97790675901,3.3005453250980414
4.62076345513726,1.6031220150476206,11.179189312584844,67.26640017720442,349.9555232761223,71427.04248938507,3.20624403009524
4.71506475014006,1.6031220150476206,11.250091909958565,67.90222839254587,365.9287467749893,76776.87701471368,3.1119427350924393
4.809366045142862,1.6031220150476206,11.325574602414273,68.56978208186446,375.1441819963962,79293.3054595554,3.017641440089638
4.903667340145663,1.6031220150476206,11.404999556464531,69.27072219263998,379.442888746052,79733.45769984741,2.9233401450868364
4.997968635148464,1.6031220150476206,11.478248951487618,69.77107944786498,383.1593243208515,80274.11501919047,2.8290388500840358
5.092269930151265,1.6031220150476206,11.558099657518513,70.52741741122904,392.7666037636562,82759.77171666903,2.7347375550812343
5.186571225154067,1.6031220150476206,11.642340582943016,71.21417758519674,411.36966848019415,88891.01195353483,2.640436260078433
5.280872520156867,1.6031220150476206,11.71603593717373,71.84716476623228,407.85067646765174,86322.31471766265,2.546134965075632
5.375173815159669,1.6031220150476206,11.791611470631585,72.34603951683084,419.8835869961128,90112.5689263344,2.4518336700728307
5.46947511016247,1.6031220150476206,11.891754615970523,73.24411035565404,431.331216136341,92980.88068128686,2.357532375070029
5.563776405165272,1.6031220150476206,11.980473732897764,74.0687326215439,449.8873718441817,98929.54401971826,2.2632310800672277
5.658077700168072,1.6031220150476206,12.073412325182572,74.84790112528638,463.73545621992463,102925.90662379128,2.168929785064427
5.752378995170874,1.6031220150476206,12.141873102533651,75.2908844444591,454.68609900737073,98241.20495232473,2.0746284900616256
5.846680290173675,1.6031220150476206,12.24886525548946,76.22699061520476,470.7462643266966,102798.8049874978,1.9803271950588244
5.940981585176476,1.6031220150476206,12.34429922415972,77.0984242700869,489.9259030187206,108908.89613733965,1.8860259000560238
6.0352828801792775,1.6031220150476206,12.446376369421776,78.07004260547188,519.4277880132763,118827.23251489484,1.7917246050532223
6.129584175182079,1.6031220150476206,12.541203503901947,78.76561441075063,516.6693234480606,116167.10267224642,1.6974233100504208
6.22388547018488,1.6031220150476206,12.620294531065964,79.34273318448908,520.1593231775174,116303.59540499796,1.6031220150476202
6.318186765187681,1.6031220150476206,12.735844265444868,80.43602058547208,537.9098124403,121177.98349245964,1.5088207200448187
6.412488060190483,1.6031220150476206,12.842888421481987,81.34167837294379,553.7275442585885,125660.32093435209,1.4145194250420172
6.506789355193283,1.6031220150476206,12.929153610688909,82.06575728624591,568.3397348712837,129923.23202531147,1.3202181300392166
6.601090650196085,1.6031220150476206,13.035531009996914,82.99956019692651,580.8199111505015,132961.84362944984,1.2259168350364151
6.695391945198886,1.6031220150476206,13.125140279446862,83.66194108236837,588.5906944119665,134508.2300265997,1.1316155400336136
6.789693240201688,1.6031220150476206,13.247624864702354,84.6773721723914,612.8463212030758,141874.54455128883,1.0373142450308122
6.883994535204488,1.6031220150476206,13.330115762547091,85.33329850921196,614.3277347648002,140947.4493411345,0.9430129500280116
6.97829583020729,1.6031220150476206,13.44977222001534,86.35571741863004,638.8096949712542,148333.48592443744,0.8487116550252101
7.072597125210091,1.6031220150476206,13.545272935227564,87.1602994649821,648.0617973210594,150386.73920257803,0.7544103600224086
7.166898420212892,1.6031220150476206,13.659918846317176,88.09446418144279,653.7774931565558,150376.2538026585,0.660109065019608
7.261199715215693,1.6031220150476206,13.780908531981355,89.14270363594744,678.2727298944757,157834.48552053605,0.5658077700168065
7.355501010218495,1.6031220150476206,13.882709138130858,90.0240006657677,708.7763875940839,167984.35307127808,0.471506475014005
7.449802305221295,1.6031220150476206,13.988597369805092,90.94121128941596,731.3973228677052,175070.69951339002,0.3772051800112044
7.544103600224097,1.6031220150476206,14.101907909607384,91.89080738521965,733.4746836420234,173359.54660702657,0.2829038850084029
7.638404895226898,1.6031220150476206,14.18726804128428,92.38887451851474,719.1793385422403,166042.4855183662,0.18860259000560142
7.732706190229699,1.6031220150476206,14.313677844325747,93.55876892625152,755.4259886592489,177918.43636413806,0.09430129500280082
7.8270074852325004,1.6031220150476206,14.43513647778393,94.62608999555567,778.9631711576724,184691.90972855783,-6.661338147750939e-16
0.0,1.697423310050422,11.632856033965393,71.63843547618156,370.01606840536607,65565.96295478419,7.732706190229699
0.0943012950028012,1.697423310050422,11.523162892341992,70.84664828543242,362.4592600211387,64722.138325298205,7.638404895226898
0.1886025900056024,1.697423310050422,11.420060024693331,70.08133463372661,354.203697088196,63437.030669454354,7.544103600224096
0.2829038850084036,1.697423310050422,11.307459825189865,69.07144265969055,341.6366810791227,60700.39548520628,7.449802305221295
0.3772051800112048,1.697423310050422,11.212978996500434,68.32604678586118,337.1238325878903,60669.46244393466,7.355501010218495
0.471506475014006,1.697423310050422,11.121894468215528,67.60199330414812,331.05122586608445,59939.02228064787,7.261199715215692
0.5658077700168073,1.697423310050422,11.025544403164664,66.66320630883746,318.12880225808584,56660.71790764373,7.166898420212892
0.6601090650196084,1.697423310050422,10.954403436948592,66.10282310707449,315.4647169927548,56885.30631486874,7.072597125210091
0.7544103600224097,1.697423310050422,10.859360986005887,65.31478404139543,307.09209099376807,55229.952342247074,6.978295830207289
0.848711655025211,1.697423310050422,10.788528981751094,64.57904901621025,299.3022786882024,53504.183510245326,6.883994535204488
0.943012950028012,1.697423310050422,10.725154308872796,64.0952947952916,295.952882219437,53214.527776859446,6.789693240201688
1.0373142450308133,1.697423310050422,10.659402044413492,63.41463045774534,287.28824849176857,50981.00267849733,6.695391945198885
1.1316155400336143,1.697423310050422,10.609497995969884,63.03227939033977,284.5410615706944,50762.30076637246,6.601090650196085
1.2259168350364158,1.697423310050422,10.54734127895653,62.41613930103291,278.7964348484675,49600.733992359426,6.506789355193284
1.3202181300392168,1.697423310050422,10.49966235072185,61.95564951099418,274.8040982150602,48890.50933646643,6.412488060190482
1.414519425042018,1.697423310050422,10.457453935711971,61.600077745255184,269.5370692884879,47473.75982204852,6.318186765187681
1.5088207200448194,1.697423310050422,10.421033331193156,61.19919971243674,266.56251657567356,47010.6342165486,6.223885470184879
1.6031220150476206,1.697423310050422,10.392381214600746,60.912207438773834,263.2933249670778,46271.16884699746,6.129584175182078
1.697423310050422,1.697423310050422,10.367837742179413,60.618942123762515,261.6183880809238,46133.384336244875,6.0352828801792775
1.791724605053223,1.697423310050422,10.3380566680934,60.38982809956602,260.80015388464653,46248.43944261685,5.940981585176475
1.886025900056024,1.697423310050422,10.328103619068392,60.32615852676954,261.80077875308484,46945.16487977935,5.8466802901736745
1.9803271950588257,1.697423310050422,10.30919223940066,60.05235672113822,258.23199359162896,45897.3701262045,5.752378995170872
2.0746284900616265,1.697423310050422,10.298930667036492,59.865200367343704,256.6782460419119,45611.713567639905,5.6580777001680715
2.168929785064428,1.697423310050422,10.296251275199335,59.77471978092154,253.4160006155282,44487.79592695069,5.563776405165271
2.263231080067229,1.697423310050422,10.295016375093738,59.75787146451443,255.33103939515792,45379.438869871985,5.46947511016247
2.35753237507003,1.697423310050422,10.294000689479006,59.71321261588574,256.5958735889632,45984.37531581504,5.375173815159668
2.4518336700728316,1.697423310050422,10.29869011221067,59.63531105054369,254.2714976032148,45195.87425787426,5.280872520156867
2.5461349650756326,1.697423310050422,10.311617910179573,59.75480210328098,255.67132769131484,45622.20458233468,5.186571225154067
2.6404362600784337,1.697423310050422,10.319943951096006,59.731316083217266,255.57237633506136,45645.02653950994,5.092269930151264
2.734737555081235,1.697423310050422,10.344207256875892,59.95330538880519,258.53290299214655,46487.11014491292,4.997968635148464
2.829038850084036,1.697423310050422,10.358935383320912,60.018513418170784,260.96847473366586,47433.29760792143,4.903667340145663
2.9233401450868377,1.697423310050422,10.38231582898776,60.143098635869336,259.6153777270095,46708.342751764205,4.809366045142861
3.0176414400896387,1.697423310050422,10.410091424701752,60.37663083324978,263.30653194008664,47852.26354590066,4.71506475014006
3.11194273509244,1.697423310050422,10.44577273343947,60.58042005449251,270.89893866904856,50517.10580683111,4.62076345513726
3.2062440300952413,1.697423310050422,10.473766947554248,60.875547873937194,273.79354061856867,51298.765379353914,4.526462160134457
3.3005453250980423,1.697423310050422,10.519789468746788,61.260324844626226,279.84156892009713,53182.23078635386,4.432160865131657
3.394846620100844,1.697423310050422,10.56149849465743,61.5272170177427,278.62823460744323,52237.80801159055,4.337859570128854
3.489147915103645,1.697423310050422,10.598568378227023,61.90365249619116,286.6617684262686,54882.67160674723,4.243558275126054
3.583449210106446,1.697423310050422,10.64722271571842,62.17437170586995,283.64547400089486,53165.743207550506,4.149256980123253
3.6777505051092474,1.697423310050422,10.701223007198772,62.61168377891925,293.2065729271541,56346.61245192603,4.054955685120451
3.772051800112048,1.697423310050422,10.755522561602346,63.1103748711341,301.65606167036736,58932.953169415225,3.9606543901176505
3.8663530951148495,1.697423310050422,10.813689445328809,63.64294382078286,307.8482592715002,60573.2904764228,3.866353095114849
3.960654390117651,1.697423310050422,10.849542694117869,63.76776444742043,310.5531283472661,61359.552774765914,3.7720518001120475
4.0549556851204525,1.697423310050422,10.917532730485616,64.37687257035444,312.6690572704003,61233.03228384988,3.677750505109246
4.149256980123253,1.697423310050422,10.980995721655017,64.99824340237893,322.57640694965124,64275.30434777988,3.5834492101064455
4.2435582751260545,1.697423310050422,11.02956336537708,65.25676182529824,319.65673176225323,62530.40479427881,3.489147915103644
4.337859570128856,1.697423310050422,11.106772749045144,65.91601809050564,330.0818072583315,65513.92124943777,3.3948466201008425
4.432160865131657,1.697423310050422,11.175074129334574,66.46692521827967,336.39946985473694,67154.71905137243,3.300545325098042
4.526462160134458,1.697423310050422,11.254101550637854,67.1695422272514,350.88295393178936,71774.66647563929,3.2062440300952404
4.62076345513726,1.697423310050422,11.316052927689988,67.60114997107658,356.87043179793784,73368.6721489968,3.111942735092439
4.71506475014006,1.697423310050422,11.386031716386306,68.22250057870447,366.7115620909523,76198.6052277303,3.0176414400896383
4.809366045142862,1.697423310050422,11.469821555691428,68.93516617695505,375.46865860591646,78437.07881425036,2.923340145086837
4.903667340145663,1.697423310050422,11.545668560363325,69.44524276058468,379.80832937788506,79094.73387472954,2.8290388500840353
4.997968635148464,1.697423310050422,11.622487257031311,70.16602097727312,391.39660643007227,82543.5346924489,2.7347375550812347
5.092269930151265,1.697423310050422,11.708997744468297,70.91717898927254,397.26794218033933,83472.16762942022,2.6404362600784332
5.186571225154067,1.697423310050422,11.79357455523126,71.56720435486565,408.45900299728913,86783.37341766323,2.5461349650756318
5.280872520156867,1.697423310050422,11.882669707900272,72.36532176592846,423.7229950098806,91356.27758370175,2.451833670072831
5.375173815159669,1.697423310050422,11.950738910268916,72.78149363280443,429.1788868063571,92607.49404840107,2.3575323750700297
5.46947511016247,1.697423310050422,12.05232129889077,73.78739257410186,442.0736019078564,95968.40366745809,2.263231080067228
5.563776405165272,1.697423310050422,12.14215336496539,74.54313509217488,460.756751461723,102026.17719794092,2.1689297850644267
5.658077700168072,1.697423310050422,12.23738167931266,75.26740318549159,464.0154187797674,101852.60604400872,2.074628490061626
5.752378995170874,1.697423310050422,12.32442592092139,76.11872886878879,471.14385347873946,103165.38997826728,1.9803271950588246
5.846680290173675,1.697423310050422,12.411294701170872,76.67992366398767,489.25387993671967,108998.37072262616,1.886025900056023
5.940981585176476,1.697423310050422,12.51001521750934,77.53444987939285,498.22489422251795,110905.08973421472,1.7917246050532225
6.0352828801792775,1.697423310050422,12.6048145543217,78.32567259455695,502.1439229450771,110830.45487049244,1.697423310050421
6.129584175182079,1.697423310050422,12.692978483891991,79.0566960896412,516.796510514005,115270.65330191444,1.6031220150476195
6.22388547018488,1.697423310050422,12.79216574437963,79.86333493830043,528.0240326531497,118017.81402112264,1.508820720044819
6.318186765187681,1.697423310050422,12.903146953170756,80.85592254253632,539.2787194558805,120470.72296459557,1.4145194250420174
6.412488060190483,1.697423310050422,12.999421578291814,81.62845647173205,558.8917928583221,126673.06225035382,1.320218130039216
6.506789355193283,1.697423310050422,13.10306289060276,82.38178439420031,566.9902440303667,128081.68992034582,1.2259168350364154
6.601090650196085,1.697423310050422,13.206081522319009,83.39985701373705,586.0897057492458,133689.76264771764,1.1316155400336139
6.695391945198886,1.697423310050422,13.300982082751382,84.0262009392742,600.3998120301633,137826.9567061014,1.0373142450308124
6.789693240201688,1.697423310050422,13.404621650315908,84.97843228742752,602.2763853582493,136523.85685823392,0.9430129500280109
6.883994535204488,1.697423310050422,13.528731863761744,86.10209573287776,663.9294430297064,158828.02880054963,0.8487116550252103
6.97829583020729,1.697423310050422,13.62665393698453,86.91367570222232,647.8581635135605,150526.45459596292,0.7544103600224088
7.072597125210091,1.697423310050422,13.737281515452985,87.94043602008634,658.9315115397134,152701.0309188938,0.6601090650196073
7.166898420212892,1.697423310050422,13.850542218423548,88.74122253854935,682.7665940432965,160136.15853012635,0.5658077700168067
7.261199715215693,1.697423310050422,13.954176776521985,89.64234499638108,709.4760806701557,168796.60577661873,0.4715064750140052
7.355501010218495,1.697423310050422,14.058241793905392,90.45926948606972,702.8098852580314,164147.52567752617,0.37720518001120373
7.449802305221295,1.697423310050422,14.17165474927596,91.37202832524466,729.0571623367463,172433.3690823513,0.28290388500840313
7.544103600224097,1.697423310050422,14.285869768480062,92.44448921452384,739.3849809471544,173973.7648341149,0.18860259000560164
7.638404895226898,1.697423310050422,14.39706388077817,93.29971406742496,756.440163468453,178745.79204053263,0.09430129500280016
7.732706190229699,1.697423310050422,14.505042088380256,94.241529757063,780.0376867987608,185902.7273112632,-4.440892098500626e-16
0.0,1.791724605053223,11.596892025380948,71.45484227251053,368.83514964208786,65507.18411709101,7.6384048952268975
0.0943012950028012,1.791724605053223,11.489564659533809,70.54171901306508,358.4722941665981,63657.41360357468,7.544103600224097
0.1886025900056024,1.791724605053223,11.376215585004225,69.54297993492347,347.02466161292193,61385.554190711475,7.4498023052212945
0.2829038850084036,1.791724605053223,11.280629262899236,68.7520364350208,337.3201885969235,59474.66353729172,7.355501010218494
0.3772051800112048,1.791724605053223,11.176741479930646,67.83066985218285,330.6457458928581,58885.70212365637,7.261199715215693
0.471506475014006,1.791724605053223,11.096006512753872,67.10779644239578,320.1022105945282,56238.733272369216,7.166898420212891
0.5658077700168073,1.791724605053223,11.016945687845842,66.4713834280791,317.26774560211635,56630.57047171464,7.07259712521009
0.6601090650196084,1.791724605053223,10.917224413322666,65.55026844595349,306.5316153861916,54164.67667516842,6.97829583020729
0.7544103600224097,1.791724605053223,10.869540699834332,65.12842052484467,304.619238779541,54397.58556983744,6.883994535204487
0.848711655025211,1.791724605053223,10.800217057102234,64.45644532188054,296.9444231720235,52713.83563721258,6.789693240201687
0.943012950028012,1.791724605053223,10.729512403571295,63.80878207638363,290.41366549193964,51373.84217517663,6.695391945198886
1.0373142450308133,1.791724605053223,10.68295618104746,63.39170064065221,289.857371760562,52049.62627072469,6.601090650196084
1.1316155400336143,1.791724605053223,10.627627190461563,62.85882206685344,284.76945531091565,51086.14785285503,6.506789355193283
1.2259168350364158,1.791724605053223,10.57298844545517,62.272967764301946,276.8669091337597,48937.58897166027,6.412488060190483
1.3202181300392168,1.791724605053223,10.532900506227778,61.90147141107845,273.80077322352156,48499.746780637055,6.31818676518768
1.414519425042018,1.791724605053223,10.503220550444333,61.63999750702296,270.9153184204776,47876.505798171915,6.22388547018488
1.5088207200448194,1.791724605053223,10.462237589375222,61.18570683875909,265.5890258550546,46584.66599025893,6.129584175182078
1.6031220150476206,1.791724605053223,10.441572460019804,60.97508714919617,264.2440704870093,46482.31711650018,6.035282880179277
1.697423310050422,1.791724605053223,10.415874929708371,60.669851675357506,262.1129155596512,46181.559390625815,5.940981585176476
1.791724605053223,1.791724605053223,10.40405110224508,60.504715381594,257.7810144929058,44778.18862609882,5.8466802901736745
1.886025900056024,1.791724605053223,10.38006332417469,60.24156023695586,256.51983832381717,44781.960736937486,5.752378995170873
1.9803271950588257,1.791724605053223,10.367073398546886,59.96989377294166,255.20282803566067,44715.53419130574,5.6580777001680715
2.0746284900616265,1.791724605053223,10.364045813483262,59.97206248347382,255.0184110871241,44696.09749754596,5.563776405165271
2.168929785064428,1.791724605053223,10.363352038304797,59.88534274913373,254.6294184403032,44726.832694855715,5.4694751101624695
2.263231080067229,1.791724605053223,10.36672020483941,59.79292578377703,255.8756538238134,45376.88448688553,5.375173815159669
2.35753237507003,1.791724605053223,10.37279647866251,59.80875269470036,254.50212215661747,44897.29993938555,5.280872520156867
2.4518336700728316,1.791724605053223,10.384352606802493,59.863969696720325,254.55441085927353,44828.467682683055,5.186571225154066
2.5461349650756326,1.791724605053223,10.39194297075452,59.773070829193045,252.93160852343516,44237.53961082645,5.092269930151265
2.6404362600784337,1.791724605053223,10.413323915955155,59.95296840038288,257.3518685557558,45842.3062708572,4.997968635148464
2.734737555081235,1.791724605053223,10.435811732625211,60.189497280646336,259.30030921684767,46361.33829687827,4.903667340145662
2.829038850084036,1.791724605053223,10.459531022910408,60.30510630046986,260.4262999458315,46657.82416054374,4.809366045142862
2.9233401450868377,1.791724605053223,10.478425980327469,60.36687076911031,261.73982682421575,47048.5509508516,4.715064750140059
3.0176414400896387,1.791724605053223,10.520942597618172,60.71726812018174,265.06229918472764,47839.17803223348,4.620763455137259
3.11194273509244,1.791724605053223,10.545195520023604,60.8641091326886,269.6156862112394,49480.042095105,4.526462160134458
3.2062440300952413,1.791724605053223,10.59499991155792,61.211410699396595,271.1366553001494,49431.505373108,4.432160865131656
3.3005453250980423,1.791724605053223,10.62410704887952,61.43289227903734,272.95590294505047,49900.88829203214,4.337859570128855
3.394846620100844,1.791724605053223,10.665333039492191,61.73398147544961,277.3536374574035,51144.25901550694,4.243558275126054
3.489147915103645,1.791724605053223,10.713920645170578,62.10111825875184,279.40031554590905,51399.38422961004,4.149256980123252
3.583449210106446,1.791724605053223,10.777825477761136,62.679611925478746,289.92943967219793,54696.477360853154,4.054955685120452
3.6777505051092474,1.791724605053223,10.816749836212054,62.90224818061001,293.2063488010933,55666.8608273728,3.96065439011765
3.772051800112048,1.791724605053223,10.881836882920515,63.49309746709846,299.5177940827438,57232.806920730785,3.8663530951148495
3.8663530951148495,1.791724605053223,10.931978227464056,63.82003666225965,306.07076455019063,59292.60357984804,3.772051800112048
3.960654390117651,1.791724605053223,10.971266904172465,64.05775158547907,308.9258642682928,60046.16372993432,3.6777505051092465
4.0549556851204525,1.791724605053223,11.050482868212956,64.73690582599062,317.88399294196097,62372.979843206136,3.583449210106445
4.149256980123253,1.791724605053223,11.119084542038085,65.26882184319666,321.80891040956334,63113.160463228,3.4891479151036444
4.2435582751260545,1.791724605053223,11.189983128855951,65.8588273680518,330.0373784550455,65357.76205333047,3.394846620100843
4.337859570128856,1.791724605053223,11.245023807523577,66.32286940721451,335.71780445487894,66862.42348423279,3.3005453250980414
4.432160865131657,1.791724605053223,11.32431656988724,66.99668904437033,344.9016332448912,69428.6799714656,3.206244030095241
4.526462160134458,1.791724605053223,11.392297962918445,67.50501996536384,351.0736481837096,70937.03576918431,3.1119427350924393
4.62076345513726,1.791724605053223,11.458197944628113,68.04625938564348,356.9838624453988,72295.7409900993,3.017641440089638
4.71506475014006,1.791724605053223,11.52972922166345,68.51326605346571,364.4010903047904,74319.28127774216,2.9233401450868373
4.809366045142862,1.791724605053223,11.615023378198362,69.38585650687605,383.21506647008493,80476.07170958836,2.8290388500840358
4.903667340145663,1.791724605053223,11.696849856162885,69.98400810052806,384.126542370048,79683.68905040313,2.7347375550812343
4.997968635148464,1.791724605053223,11.79036627418244,70.74240789319013,394.274630812343,82322.11096649215,2.6404362600784337
5.092269930151265,1.791724605053223,11.867288402169924,71.41035024654236,408.0961099072267,86651.38493828819,2.546134965075632
5.186571225154067,1.791724605053223,11.94828154296125,72.0554799854097,412.2334523048945,86983.529233125,2.4518336700728307
5.280872520156867,1.791724605053223,12.03365804420569,72.76414272366654,421.3320420339571,89293.86606297005,2.35753237507003
5.375173815159669,1.791724605053223,12.11748508115258,73.4363678692471,426.36949722470695,90019.32069203959,2.2632310800672286
5.46947511016247,1.791724605053223,12.220971101670322,74.33515836564332,449.7528988918757,97704.7180987941,2.168929785064427
5.563776405165272,1.791724605053223,12.29595695745154,74.83240134894714,446.0260987155638,95006.15692366016,2.0746284900616256
5.658077700168072,1.791724605053223,12.407755986619522,75.88852209533746,466.4057447798286,101282.1381797688,1.980327195058825
5.752378995170874,1.791724605053223,12.486821374188786,76.47466727861408,475.48256999111095,103578.28268244784,1.8860259000560236
5.846680290173675,1.791724605053223,12.58639908003672,77.32198450306538,490.46426699359546,107964.47347061182,1.791724605053222
5.940981585176476,1.791724605053223,12.682635616036537,78.07646342647277,498.1406421343258,109391.4740290064,1.6974233100504215
6.0352828801792775,1.791724605053223,12.770386378235544,78.79957692338834,507.3574172054978,111597.19949951836,1.60312201504762
6.129584175182079,1.791724605053223,12.877906914735854,79.74419675537519,554.2823056660974,128397.88168312317,1.5088207200448185
6.22388547018488,1.791724605053223,12.966732858095488,80.42358080125271,539.077053817104,120803.21968232152,1.4145194250420179
6.318186765187681,1.791724605053223,13.069570391693585,81.30764463346526,557.5318915532608,126365.71816610928,1.3202181300392164
6.412488060190483,1.791724605053223,13.185440254449851,82.28840572722713,563.4311071102694,126623.17096721532,1.225916835036415
6.506789355193283,1.791724605053223,13.27520327871265,83.02995599145663,581.2717639734021,132247.32776404897,1.1316155400336143
6.601090650196085,1.791724605053223,13.376018477857672,83.77465444964666,596.2544495699372,136417.9017400129,1.0373142450308128
6.695391945198886,1.791724605053223,13.482717631908557,84.63019061954986,594.2691268146725,133747.7657605625,0.9430129500280113
6.789693240201688,1.791724605053223,13.590377658444073,85.58547694216693,611.7330316908876,138516.13144643442,0.8487116550252098
6.883994535204488,1.791724605053223,13.696069808577905,86.45405119310558,625.8643593567607,142207.25312928692,0.7544103600224092
6.97829583020729,1.791724605053223,13.793238780984057,87.30472151486228,654.1564012934583,151766.81297171445,0.6601090650196078
7.072597125210091,1.791724605053223,13.909335929324296,88.0877389947237,651.1337030720991,148332.69967659895,0.5658077700168063
7.166898420212892,1.791724605053223,14.025068164056323,89.17573370358122,689.7664029858945,161437.24079128384,0.47150647501400567
7.261199715215693,1.791724605053223,14.131898676395986,90.07804525558458,686.9761157404462,158182.98411759306,0.3772051800112042
7.355501010218495,1.791724605053223,14.234805565551362,90.8460559381558,710.9502121347333,165801.2500792904,0.2829038850084027
7.449802305221295,1.791724605053223,14.35972496154319,91.9902103273237,717.7995577071664,165903.48535075458,0.1886025900056021
7.544103600224097,1.791724605053223,14.46508102543224,92.7525058142963,751.2436418402845,177410.03066336756,0.0943012950028006
7.638404895226898,1.791724605053223,14.565449648050704,93.72295758008585,766.3227483205158,181069.98528470012,-8.881784197001252e-16
0.0,1.886025900056024,11.560347908638548,71.04064788608679,364.4459223712971,64389.76004138813,7.544103600224096
0.0943012950028012,1.886025900056024,11.435788656124616,69.98447997444453,350.05597284265986,61211.82942417857,7.449802305221295
0.1886025900056024,1.886025900056024,11.355399455167657,69.35721345416313,345.5122463764451,61122.655547435825,7.355501010218493
0.2829038850084036,1.886025900056024,11.254307824738948,68.43553915478708,335.64596241201014,59325.75945184532,7.261199715215692
0.3772051800112048,1.886025900056024,11.16138620486349,67.61463454353259,327.1121807366088,57776.54677592074,7.166898420212892
0.471506475014006,1.886025900056024,11.076396778088574,66.82321338926803,318.31447853611553,56025.89291781292,7.072597125210089
0.5658077700168073,1.886025900056024,11.014286006110265,66.27944672295207,313.2191080006633,55260.29366025736,6.978295830207289
0.6601090650196084,1.886025900056024,10.924241546606115,65.35579798626114,302.01701321917676,52598.101074552105,6.883994535204488
0.7544103600224097,1.886025900056024,10.865445918579912,64.93847973009056,302.31563030583635,53848.33790818693,6.789693240201686
0.848711655025211,1.886025900056024,10.80450879010891,64.28131109953031,293.1700060340804,51398.33873420605,6.695391945198885
0.943012950028012,1.886025900056024,10.74768054045715,63.786575526076206,291.18286087769764,51696.58004131105,6.601090650196085
1.0373142450308133,1.886025900056024,10.690074361373512,63.1567927283178,284.7840709545674,50325.067423968685,6.506789355193282
1.1316155400336143,1.886025900056024,10.63608091590032,62.64672074789017,279.549810985107,49256.88781661472,6.412488060190482
1.2259168350364158,1.886025900056024,10.605630429601824,62.323737988408325,277.6860809882712,49187.69664834396,6.318186765187681
1.3202181300392168,1.886025900056024,10.57231718432008,61.858637813839906,271.5109039746971,47504.57245524521,6.223885470184879
1.414519425042018,1.886025900056024,10.535764715643383,61.56497763121321,271.2410241923954,48052.714723139776,6.129584175182078
1.5088207200448194,1.886025900056024,10.520331463410535,61.3257660480009,269.60265814635216,47839.077500359395,6.0352828801792775
1.6031220150476206,1.886025900056024,10.484314557854766,60.89892897657397,262.09110303239623,45625.437852927134,5.940981585176475
1.697423310050422,1.886025900056024,10.468070998825416,60.71260770323096,259.79912116204207,45089.03468223736,5.8466802901736745
1.791724605053223,1.886025900056024,10.453141155718914,60.50498430540899,258.42268704832065,44970.12475034969,5.752378995170874
1.886025900056024,1.886025900056024,10.453484665289086,60.36419005466834,256.83594059904783,44490.129902600645,5.6580777001680715
1.9803271950588257,1.886025900056024,10.439637881073889,60.18629736050648,255.8696575149556,44484.3334795822,5.563776405165271
2.0746284900616265,1.886025900056024,10.445802613949008,60.167497830689726,258.552074399961,45662.12242647108,5.46947511016247
2.168929785064428,1.886025900056024,10.430254666891123,59.90357016730315,254.38123636791445,44440.10898221016,5.375173815159668
2.263231080067229,1.886025900056024,10.441990375156088,59.96466558847328,254.78416507298985,44516.13314490946,5.280872520156867
2.35753237507003,1.886025900056024,10.451564811229794,59.96603266352571,254.11556306148856,44289.55322832174,5.186571225154067
2.4518336700728316,1.886025900056024,10.471850878831203,60.0915562046318,255.65381864320412,44776.90568992128,5.092269930151264
2.5461349650756326,1.886025900056024,10.4878806157538,60.156058956115814,258.82322931466024,46006.78390918892,4.997968635148464
2.6404362600784337,1.886025900056024,10.499772406213337,60.17106366458449,256.06065821681767,44862.586179339945,4.903667340145663
2.734737555081235,1.886025900056024,10.535917988914766,60.40416975320835,259.0559682517878,45696.16966945844,4.809366045142861
2.829038850084036,1.886025900056024,10.55463555370953,60.49293587386447,260.4431203937742,46114.92965830905,4.71506475014006
2.9233401450868377,1.886025900056024,10.584047210334171,60.657580803497424,262.60286610023127,46702.30452401084,4.620763455137258
3.0176414400896387,1.886025900056024,10.625508027995648,60.9990377656738,267.5743813654064,48211.95404714511,4.526462160134457
3.11194273509244,1.886025900056024,10.660468428218874,61.18252233991443,268.49246204977237,48227.44548152347,4.432160865131657
3.2062440300952413,1.886025900056024,10.70822375425023,61.60919756137045,277.7516436845516,51348.32865215232,4.337859570128854
3.3005453250980423,1.886025900056024,10.744402055945615,61.843403520599225,276.71235221894483,50510.359186522575,4.243558275126054
3.394846620100844,1.886025900056024,10.791269649536028,62.06880772502641,278.996143985638,51028.97666251159,4.149256980123253
3.489147915103645,1.886025900056024,10.829543654180434,62.382182152534725,280.22939525996264,50959.90563360123,4.054955685120451
3.583449210106446,1.886025900056024,10.893297667829463,62.927887605317174,291.9818316503154,54864.095624893154,3.9606543901176505
3.6777505051092474,1.886025900056024,10.945084044352006,63.339968200930706,299.85445022685684,57347.530014659606,3.866353095114849
3.772051800112048,1.886025900056024,11.00166787998448,63.73088286682268,301.5409207565447,57318.97988929514,3.7720518001120484
3.8663530951148495,1.886025900056024,11.051844506321,64.0723834281298,303.6433087820149,57572.0468200267,3.677750505109247
3.960654390117651,1.886025900056024,11.123379567871735,64.7577531032618,319.3581229055899,62799.12773327773,3.5834492101064455
4.0549556851204525,1.886025900056024,11.191614061304932,65.3021183305365,316.7854084420328,60759.45162271769,3.489147915103644
4.149256980123253,1.886025900056024,11.249779636220492,65.6913312465584,326.1289894120032,63858.52127105702,3.3948466201008434
4.2435582751260545,1.886025900056024,11.320818188320835,66.19012079153217,328.9521525296827,64037.08348348531,3.300545325098042
4.337859570128856,1.886025900056024,11.39098771973017,66.76762553835502,340.83332445126905,67839.93509659378,3.2062440300952404
4.432160865131657,1.886025900056024,11.462531664087305,67.29478939117837,345.2591803671266,68628.90550630348,3.11194273509244
4.526462160134458,1.886025900056024,11.53306196097834,67.8739062163733,359.1013922350443,73148.53950484472,3.0176414400896383
4.62076345513726,1.886025900056024,11.61770056211397,68.67521067418666,361.6563740860882,72826.04435819008,2.923340145086837
4.71506475014006,1.886025900056024,11.691511568871976,69.16026667221874,367.7205387180628,74259.88585816127,2.829038850084036
4.809366045142862,1.886025900056024,11.777191376260085,69.94222079262049,387.5452227519244,80893.45002375368,2.7347375550812347
4.903667340145663,1.886025900056024,11.85459099096024,70.44050758374001,383.90814698152695,78368.69473047624,2.6404362600784332
4.997968635148464,1.886025900056024,11.93362227064019,71.14915303976582,393.8261480530948,81017.10700849051,2.5461349650756326
5.092269930151265,1.886025900056024,12.02238091516694,71.97184515880033,408.9932878634284,85609.18120706729,2.451833670072831
5.186571225154067,1.886025900056024,12.100261174944997,72.48353220977097,417.6415692023215,88053.8841550617,2.3575323750700297
5.280872520156867,1.886025900056024,12.191082674126978,73.29242930805987,428.22557492947,90765.24230684174,2.263231080067229
5.375173815159669,1.886025900056024,12.287824319614144,74.0047450229973,437.7964857042133,93114.34128932106,2.1689297850644276
5.46947511016247,1.886025900056024,12.376911896040108,74.7600162936971,448.3435809698038,95803.66263276878,2.074628490061626
5.563776405165272,1.886025900056024,12.46324256985286,75.46465277786845,463.4392856033026,100544.71772256272,1.9803271950588246
5.658077700168072,1.886025900056024,12.552705355896084,76.18341373977422,469.5664866448405,101496.60355268624,1.886025900056024
5.752378995170874,1.886025900056024,12.64613448823862,76.93866098729443,474.0447903085746,101777.65323027768,1.7917246050532225
5.846680290173675,1.886025900056024,12.743906283921572,77.64541938064056,484.4174883225896,104282.02696517808,1.697423310050421
5.940981585176476,1.886025900056024,12.8419452375446,78.46297312518523,506.88204023218265,111676.55725105232,1.6031220150476204
6.0352828801792775,1.886025900056024,12.947241787217536,79.34317943794153,524.0715464347078,116735.8953728156,1.508820720044819
6.129584175182079,1.886025900056024,13.041226332151936,80.12823532060058,530.3899905728508,117617.05673245613,1.4145194250420174
6.22388547018488,1.886025900056024,13.147333725203197,81.01956017443729,544.7531686111935,121432.00386121322,1.3202181300392168
6.318186765187681,1.886025900056024,13.25546500986166,81.92261660172875,546.8908388827997,120444.29872717784,1.2259168350364154
6.412488060190483,1.886025900056024,13.344054618014509,82.69410758482495,567.6810358110253,127069.13900493494,1.1316155400336139
6.506789355193283,1.886025900056024,13.445236858683634,83.47729702817753,580.9580522247948,130629.62552895084,1.0373142450308133
6.601090650196085,1.886025900056024,13.537829377448302,84.09434687525479,579.4584730454623,128408.659379353,0.9430129500280118
6.695391945198886,1.886025900056024,13.658920670356578,85.2282474092865,599.6327457118034,134130.99909577993,0.8487116550252103
6.789693240201688,1.886025900056024,13.748012814375052,85.88760306934192,610.9051858597002,137034.59930368818,0.7544103600224088
6.883994535204488,1.886025900056024,13.867657759059211,86.90688543731767,625.4106691407538,140523.59025923317,0.6601090650196082
6.97829583020729,1.886025900056024,13.960986456195023,87.54738668686552,633.0956794680951,142051.61327930872,0.5658077700168067
7.072597125210091,1.886025900056024,14.077670463316334,88.53712481120604,657.2359938133155,149292.03441655714,0.4715064750140052
7.166898420212892,1.886025900056024,14.208062104105956,89.87584318790068,690.4572845148667,159874.59408634316,0.3772051800112046
7.261199715215693,1.886025900056024,14.325218404718962,90.82565845611668,707.9998505539035,164581.11270785847,0.28290388500840313
7.355501010218495,1.886025900056024,14.414161617520056,91.44794932161574,729.3483529623301,171446.53138505857,0.18860259000560164
7.449802305221295,1.886025900056024,14.53319401855948,92.39436935299514,726.5097841655034,167910.62039866188,0.09430129500280104
7.544103600224097,1.886025900056024,14.62296224401957,92.98210565860116,727.8250975475898,166924.08719033055,-4.440892098500626e-16
0.0,1.9803271950588257,11.51620101178748,70.68183819801821,357.86362888900334,62376.45172558046,7.4498023052212945
0.0943012950028012,1.9803271950588257,11.421479645552854,69.82260499931697,349.0232677511972,61058.36395049323,7.355501010218494
0.1886025900056024,1.9803271950588257,11.329687854569206,69.08252080336949,341.0546907314345,59787.281313201114,7.2611997152156915
0.2829038850084036,1.9803271950588257,11.231387038967537,68.22930060384766,336.01952986670284,59892.31033963603,7.166898420212891
0.3772051800112048,1.9803271950588257,11.15338966073856,67.40421242445436,323.0626088578028,56395.081056560986,7.07259712521009
0.471506475014006,1.9803271950588257,11.067642574941408,66.5389105648846,312.5382492192547,54025.67903031679,6.978295830207288
0.5658077700168073,1.9803271950588257,11.004813740627014,65.97535184822173,309.6735780892412,54271.81598044269,6.883994535204487
0.6601090650196084,1.9803271950588257,10.934064955523752,65.30025016092569,303.54516831093053,53321.351411624775,6.789693240201687
0.7544103600224097,1.9803271950588257,10.88047254343878,64.88074206535603,299.8089738286514,52791.78606145691,6.695391945198884
0.848711655025211,1.9803271950588257,10.818950668565911,64.19369348755902,296.96887304230626,53013.918522872744,6.601090650196084
0.943012950028012,1.9803271950588257,10.76992195366809,63.638997654003994,285.26027791773487,49341.06917422981,6.506789355193283
1.0373142450308133,1.9803271950588257,10.713794167225153,63.15221816198287,283.0720340649469,49624.51973937768,6.412488060190481
1.1316155400336143,1.9803271950588257,10.681128563698818,62.69644209361182,279.5311584661533,49006.5203842664,6.31818676518768
1.2259168350364158,1.9803271950588257,10.644397266776028,62.273895098653824,272.8084753312464,47122.64754671443,6.22388547018488
1.3202181300392168,1.9803271950588257,10.60665748334328,61.90797960995016,271.26976281884964,47330.299014061646,6.129584175182077
1.414519425042018,1.9803271950588257,10.58542926413651,61.58881464548157,269.2838001730292,47081.81612930153,6.035282880179277
1.5088207200448194,1.9803271950588257,10.562809178269893,61.32270527310755,266.8691030338057,46634.88262991483,5.940981585176475
1.6031220150476206,1.9803271950588257,10.540309394379756,60.989439323402735,263.7244302683475,45981.97578793144,5.846680290173674
1.697423310050422,1.9803271950588257,10.531971392604998,60.83472869180868,262.9567903965998,46021.81299728948,5.752378995170873
1.791724605053223,1.9803271950588257,10.508807946343854,60.45839828268675,257.3079254697189,44416.53106268807,5.6580777001680715
1.886025900056024,1.9803271950588257,10.499923926076848,60.37825761296399,255.52148505497715,43907.246669183805,5.56377640516527
1.9803271950588257,1.9803271950588257,10.504797658476967,60.27922590366891,256.98731236592033,44639.68513205617,5.469475110162469
2.0746284900616265,1.9803271950588257,10.516647413528322,60.351370458597614,257.12724401739126,44745.39308375832,5.375173815159668
2.168929785064428,1.9803271950588257,10.5078023926619,60.137176531228675,254.7150732834648,44090.148106453984,5.2808725201568665
2.263231080067229,1.9803271950588257,10.519590788691618,60.13271492216174,254.79511372417736,44090.719830764385,5.186571225154066
2.35753237507003,1.9803271950588257,10.544965631119748,60.28922687391116,256.48501638142744,44556.62483485823,5.092269930151264
2.4518336700728316,1.9803271950588257,10.556120127706146,60.21754664455336,258.176613301881,45352.56567506621,4.997968635148463
2.5461349650756326,1.9803271950588257,10.578746497965062,60.31493807909898,258.2757865863368,45244.82598934096,4.903667340145662
2.6404362600784337,1.9803271950588257,10.601581977864154,60.43813663708329,257.249160440645,44668.016140137945,4.809366045142861
2.734737555081235,1.9803271950588257,10.633787847771554,60.66410722193984,262.01063108232313,46246.571518243334,4.715064750140059
2.829038850084036,1.9803271950588257,10.657924506478729,60.768964877345866,264.11255392131244,46940.60590755603,4.620763455137259
2.9233401450868377,1.9803271950588257,10.698029341043604,61.0740007990908,266.3425078207225,47398.5902636316,4.526462160134456
3.0176414400896387,1.9803271950588257,10.73512141496666,61.260147178467605,267.2612165639645,47433.53238226841,4.432160865131656
3.11194273509244,1.9803271950588257,10.773973823367925,61.63801002181109,273.4895169401726,49345.86262804045,4.337859570128855
3.2062440300952413,1.9803271950588257,10.817979238416802,61.95609374091384,279.1605962026997,51184.910538810866,4.243558275126053
3.3005453250980423,1.9803271950588257,10.86627009391066,62.27372606870584,281.57825209714827,51545.75666126093,4.149256980123252
3.394846620100844,1.9803271950588257,10.908349637352956,62.43385692702387,279.7932339019342,50477.52324774045,4.054955685120451
3.489147915103645,1.9803271950588257,10.962033845636777,62.869098439438744,287.1792889748711,52814.23989329399,3.960654390117649
3.583449210106446,1.9803271950588257,11.011131484615872,63.24546838891904,289.76668517958274,53224.21783642335,3.8663530951148486
3.6777505051092474,1.9803271950588257,11.077809848044687,63.74708136465571,296.7477694023063,55101.20410338662,3.772051800112047
3.772051800112048,1.9803271950588257,11.138319634434463,64.22080697213458,304.48548080334547,57433.44269866898,3.6777505051092465
3.8663530951148495,1.9803271950588257,11.192034069426482,64.58235854678304,310.5266568651308,59237.24972097472,3.583449210106445
3.960654390117651,1.9803271950588257,11.25329062519768,65.00655309415536,312.1305119948157,59122.68810988994,3.4891479151036435
4.0549556851204525,1.9803271950588257,11.312119616714655,65.51492838708637,318.92968805403444,61010.81862363956,3.394846620100842
4.149256980123253,1.9803271950588257,11.394464455600598,66.11998964718322,328.1654170836749,63599.32323523068,3.3005453250980414
4.2435582751260545,1.9803271950588257,11.453187198288132,66.588300114194,331.04464636237435,63940.41995810441,3.20624403009524
4.337859570128856,1.9803271950588257,11.526526038446086,67.12273369820798,340.6647904161805,66784.15097901544,3.1119427350924385
4.432160865131657,1.9803271950588257,11.611962407309468,67.9094963619732,348.4318450071665,68597.65302971101,3.017641440089638
4.526462160134458,1.9803271950588257,11.680874039307849,68.3641796520579,353.33514369144825,69630.46882763114,2.9233401450868364
4.62076345513726,1.9803271950588257,11.764895168710408,69.11168974359045,367.6016781042141,74035.01460252774,2.829038850084035
4.71506475014006,1.9803271950588257,11.84599253828272,69.67201260211193,374.8493851962631,75833.01369745024,2.7347375550812343
4.809366045142862,1.9803271950588257,11.929487748641591,70.33402629088107,383.6928924716128,78125.57788301092,2.640436260078433
4.903667340145663,1.9803271950588257,12.007942688496174,70.97474503327865,387.4992666927676,78468.33092522307,2.5461349650756313
4.997968635148464,1.9803271950588257,12.090407808351532,71.6495818549089,401.9624482230679,83002.67403807907,2.4518336700728307
5.092269930151265,1.9803271950588257,12.179095194824733,72.33525353603761,409.6192117280904,84718.82533422089,2.357532375070029
5.186571225154067,1.9803271950588257,12.2700404648711,73.18493911035148,427.6108427976203,90413.04717181178,2.2632310800672277
5.280872520156867,1.9803271950588257,12.363310291495509,73.893222556771,435.3930094014161,92076.30106211126,2.168929785064427
5.375173815159669,1.9803271950588257,12.442914208733724,74.42803343232356,443.94496342731486,94317.28452376816,2.0746284900616256
5.46947511016247,1.9803271950588257,12.53651780759888,75.27147183107562,449.1388133092538,94807.24161081202,1.9803271950588244
5.563776405165272,1.9803271950588257,12.62152518492296,75.83822498062389,458.4511826592917,97343.35792561102,1.8860259000560229
5.658077700168072,1.9803271950588257,12.72984329949892,76.83217377525584,475.7116904651768,102358.03579877652,1.7917246050532223
5.752378995170874,1.9803271950588257,12.831630460092706,77.67707408293487,484.2936768623161,103990.426131531,1.6974233100504208
5.846680290173675,1.9803271950588257,12.90025839120186,78.03394519485211,490.8012203608076,105593.20789459496,1.6031220150476193
5.940981585176476,1.9803271950588257,13.009136219465338,78.97232730558851,496.2148452623804,105977.2830797047,1.5088207200448187
6.0352828801792775,1.9803271950588257,13.117261921998091,79.8669205450636,527.0826001128728,116420.58819336964,1.4145194250420172
6.129584175182079,1.9803271950588257,13.206538893410109,80.59626428587598,523.1788741251404,113177.91972280428,1.3202181300392157
6.22388547018488,1.9803271950588257,13.32637323001955,81.71391474163352,544.9863234991025,119741.41737472262,1.2259168350364151
6.318186765187681,1.9803271950588257,13.419243083379436,82.37365584231384,552.4715498910126,121189.64418580396,1.1316155400336136
6.412488060190483,1.9803271950588257,13.524978630724805,83.25597362146044,565.9376744539819,124478.14781890248,1.0373142450308122
6.506789355193283,1.9803271950588257,13.630735147136951,84.18184714220038,581.975784227551,129002.66170006468,0.9430129500280116
6.601090650196085,1.9803271950588257,13.73977830585986,85.0917357895757,595.05737548551,132227.60692912657,0.8487116550252101
6.695391945198886,1.9803271950588257,13.842466705971036,85.79749978378908,618.6705108499472,140065.26329538325,0.7544103600224086
6.789693240201688,1.9803271950588257,13.943123327736393,86.68884276764754,629.9340841554878,142508.5034729885,0.6601090650196071
6.883994535204488,1.9803271950588257,14.063265186287133,87.65107298417593,633.2880954701823,141648.30857267493,0.5658077700168065
6.97829583020729,1.9803271950588257,14.16447348957239,88.45752672722317,661.4865187700536,150977.63397443807,0.471506475014005
7.072597125210091,1.9803271950588257,14.257330256397251,89.10379459272995,665.3170687779743,150916.708893297,0.3772051800112035
7.166898420212892,1.9803271950588257,14.389421573376053,90.3693533767863,751.7098923004639,182590.231990206,0.2829038850084029
7.261199715215693,1.9803271950588257,14.49277746291034,91.09276725880572,696.6433549198118,158744.84854149472,0.18860259000560142
7.355501010218495,1.9803271950588257,14.606259563889749,92.21319938252648,723.6141689756437,167033.99744574938,0.09430129500279993
7.449802305221295,1.9803271950588257,14.712760019974812,92.85208122663065,733.1654147778687,168895.95343640618,-6.661338147750939e-16
0.0,2.0746284900616265,11.491107876523849,70.46495738494527,356.82946650239097,62353.305839741624,7.355501010218494
0.0943012950028012,2.0746284900616265,11.39264939433088,69.51226412716633,345.77212508836874,60162.03495495727,7.261199715215693
0.1886025900056024,2.0746284900616265,11.302504682573026,68.74726269202044,336.2107453238581,58398.378027544655,7.166898420212891
0.2829038850084036,2.0746284900616265,11.222699292964387,68.0181385099882,331.46677478171614,58274.81247400893,7.07259712521009
0.3772051800112048,2.0746284900616265,11.154206320073488,67.31566311388974,322.88625139249075,56490.76718398343,6.97829583020729
0.471506475014006,2.0746284900616265,11.076749503330984,66.58545011074014,317.76107497505046,56127.28925847239,6.883994535204487
0.5658077700168073,2.0746284900616265,11.004484663485773,65.86586986851252,307.61721876982057,53573.675227796535,6.789693240201687
0.6601090650196084,2.0746284900616265,10.945555621358167,65.22513397447548,302.9016849611417,53076.90085671099,6.695391945198886
0.7544103600224097,2.0746284900616265,10.882962660118478,64.58319220762017,294.56388783175237,51072.26880104129,6.601090650196084
0.848711655025211,2.0746284900616265,10.838122985059638,64.13305541741998,290.3816575069675,50409.19419668083,6.506789355193283
0.943012950028012,2.0746284900616265,10.789493411837142,63.63511085851779,289.9204194824348,51230.21434838015,6.412488060190483
1.0373142450308133,2.0746284900616265,10.753488940307696,63.18630417212616,282.50171451477735,49144.00526204518,6.31818676518768
1.1316155400336143,2.0746284900616265,10.71856203332094,62.745078385337585,279.0257753939132,48666.79786873144,6.22388547018488
1.2259168350364158,2.0746284900616265,10.675685712530624,62.261665664558635,273.14466284972985,47235.21130880539,6.129584175182079
1.3202181300392168,2.0746284900616265,10.660367774474556,62.030604585050135,272.05313322331676,47297.459118122,6.035282880179277
1.414519425042018,2.0746284900616265,10.63501793516228,61.66078916746343,267.54430731469563,46135.466495769135,5.940981585176476
1.5088207200448194,2.0746284900616265,10.602570809792896,61.18096399382968,261.32266695824956,44430.04672181325,5.8466802901736745
1.6031220150476206,2.0746284900616265,10.595982795756356,61.14008881133681,265.2919026651676,46334.56561658368,5.752378995170873
1.697423310050422,2.0746284900616265,10.586878692282657,60.968688529438104,264.1118682755835,46172.39314803353,5.658077700168072
1.791724605053223,2.0746284900616265,10.575546414531978,60.62213284094278,258.11736092491316,44337.28406153001,5.563776405165271
1.886025900056024,2.0746284900616265,10.580379239850515,60.60271954712721,258.21028637587267,44485.79495965842,5.4694751101624695
1.9803271950588257,2.0746284900616265,10.580256177419116,60.49414108167609,257.12579786355406,44243.83936447423,5.375173815159668
2.0746284900616265,2.0746284900616265,10.589194505654588,60.49695132136787,258.7770565762173,44934.29370296163,5.280872520156867
2.168929785064428,2.0746284900616265,10.603747795246525,60.52014872427834,258.1207957488769,44693.24280992195,5.186571225154066
2.263231080067229,2.0746284900616265,10.615452332968836,60.50155374970456,258.30938238657205,44769.38715585928,5.092269930151265
2.35753237507003,2.0746284900616265,10.630350467675491,60.484880564392185,257.972084322565,44687.69769878303,4.997968635148464
2.4518336700728316,2.0746284900616265,10.649745542010915,60.5309782324405,260.98664006026587,45810.077347196064,4.903667340145662
2.5461349650756326,2.0746284900616265,10.676284972795727,60.6659752125613,261.3190060822117,45795.6144084683,4.809366045142862
2.6404362600784337,2.0746284900616265,10.70286642209806,60.802828394352346,262.98183729627823,46244.00085792879,4.71506475014006
2.734737555081235,2.0746284900616265,10.732391229713448,60.972888236315946,263.95176020814705,46357.42087092702,4.620763455137259
2.829038850084036,2.0746284900616265,10.757710435337042,61.09892481783197,265.04524658120096,46615.982387264456,4.526462160134458
2.9233401450868377,2.0746284900616265,10.79646748133342,61.24852439673288,268.8331606044862,47840.586587730584,4.432160865131656
3.0176414400896387,2.0746284900616265,10.844966037650492,61.62116537954208,273.30382378878164,49088.37713324282,4.337859570128855
3.11194273509244,2.0746284900616265,10.883531154171544,61.9451446828611,275.074058632257,49298.18725689077,4.2435582751260545
3.2062440300952413,2.0746284900616265,10.926117127150722,62.17251798990398,274.864789371626,48814.14886677044,4.149256980123252
3.3005453250980423,2.0746284900616265,10.989783022025383,62.68019283015164,284.57433488686763,51876.457759865545,4.054955685120452
3.394846620100844,2.0746284900616265,11.036891550123478,62.929996777982495,285.51889272653585,51742.70535341409,3.96065439011765
3.489147915103645,2.0746284900616265,11.08126824844659,63.25335422501048,290.73837264908866,53329.4617737988,3.8663530951148486
3.583449210106446,2.0746284900616265,11.1507967334794,63.758552942146935,297.11741456059787,54996.82320680891,3.772051800112048
3.6777505051092474,2.0746284900616265,11.199402460698536,64.07889223615507,300.75184301943295,55964.46513693551,3.6777505051092465
3.772051800112048,2.0746284900616265,11.263080362854234,64.62133475166516,309.80295331086353,58702.22119150096,3.583449210106446
3.8663530951148495,2.0746284900616265,11.32493534261436,65.05513285825722,309.5503936435206,57810.80517668876,3.4891479151036444
3.960654390117651,2.0746284900616265,11.390550781503809,65.47696619672138,313.03362054152194,58376.3446140367,3.394846620100843
4.0549556851204525,2.0746284900616265,11.467130222345542,66.17976203107371,327.6243408644029,63081.49277267121,3.3005453250980414
4.149256980123253,2.0746284900616265,11.5169897473283,66.41582845123709,328.6960878978402,63013.95366389656,3.206244030095241
4.2435582751260545,2.0746284900616265,11.603077765397895,67.1883190920254,338.0472690735293,65458.58414442183,3.1119427350924393
4.337859570128856,2.0746284900616265,11.67633903896025,67.75362920591077,345.11864535936564,67209.87704491183,3.017641440089638
4.432160865131657,2.0746284900616265,11.751150405996876,68.35838989548228,350.29739530986376,68291.43274776888,2.9233401450868373
4.526462160134458,2.0746284900616265,11.827616584612096,68.85213793969756,357.0572098835084,69880.56542018105,2.8290388500840358
4.62076345513726,2.0746284900616265,11.915744449256884,69.5886329085738,374.1811481769429,75389.47269045601,2.7347375550812343
4.71506475014006,2.0746284900616265,11.988399840302234,70.1215705066314,374.83106233561114,74699.98370899366,2.6404362600784337
4.809366045142862,2.0746284900616265,12.065722165672812,70.59360683830862,379.79465901856406,75734.6281107644,2.546134965075632
4.903667340145663,2.0746284900616265,12.166061003707323,71.610045594697,399.4671754620018,81830.20222010188,2.4518336700728307
4.997968635148464,2.0746284900616265,12.24357847058463,72.202081870585,404.1931564431806,82548.32164982156,2.35753237507003
5.092269930151265,2.0746284900616265,12.334938769242813,72.92927615270133,410.85018176456856,83811.9432187684,2.2632310800672286
5.186571225154067,2.0746284900616265,12.422216701347484,73.56009982887005,418.0576923007293,85301.0743836611,2.168929785064427
5.280872520156867,2.0746284900616265,12.517139073657829,74.32655866297596,425.5043143481102,86880.23193546946,2.0746284900616265
5.375173815159669,2.0746284900616265,12.61313093407837,75.02424667787992,435.8823377678122,89503.97153990074,1.980327195058825
5.46947511016247,2.0746284900616265,12.706491193882512,75.81439017956365,460.02844497488906,97580.95849451906,1.8860259000560236
5.563776405165272,2.0746284900616265,12.7890419183002,76.44527618970676,467.0941679308575,99167.34290989676,1.791724605053222
5.658077700168072,2.0746284900616265,12.896781070791883,77.38119168195527,481.2340597728399,102990.11447511952,1.6974233100504215
5.752378995170874,2.0746284900616265,12.993606079529638,78.16767591231047,495.90720136167886,107208.48435535694,1.60312201504762
5.846680290173675,2.0746284900616265,13.088629240555797,78.9676422603272,499.56667074579013,107066.74137918196,1.5088207200448185
5.940981585176476,2.0746284900616265,13.17335414680434,79.49176701952459,508.25021496084224,109162.27090138828,1.4145194250420179
6.0352828801792775,2.0746284900616265,13.284849884587729,80.42598749768581,520.0236970288942,111953.27103504098,1.3202181300392164
6.129584175182079,2.0746284900616265,13.372410756041774,81.13604631205055,554.2906847486107,124209.47418369543,1.225916835036415
6.22388547018488,2.0746284900616265,13.501042252066313,82.33031307406918,562.0162326770562,124759.04257626408,1.1316155400336143
6.318186765187681,2.0746284900616265,13.598695468127165,82.93405549792676,561.3878343971186,122974.8844954653,1.0373142450308128
6.412488060190483,2.0746284900616265,13.69607820166752,83.85614243576566,576.9541238572938,127454.3450056504,0.9430129500280113
6.506789355193283,2.0746284900616265,13.805734067101032,84.65894383710574,591.7029338327812,131419.72612346287,0.8487116550252107
6.601090650196085,2.0746284900616265,13.911258796325445,85.5535169803158,611.6003315840037,137345.01809057186,0.7544103600224092
6.695391945198886,2.0746284900616265,14.017101116466597,86.27848269336097,640.8201444581956,147215.16070019978,0.6601090650196078
6.789693240201688,2.0746284900616265,14.130986239602905,87.26600031239884,632.6759926269108,141622.4497939923,0.5658077700168063
6.883994535204488,2.0746284900616265,14.22206816479646,87.95213138100561,636.9946701124194,141804.91158899432,0.47150647501400567
6.97829583020729,2.0746284900616265,14.339490702828398,88.91294073252286,664.9554045964128,150750.77195231977,0.3772051800112042
7.072597125210091,2.0746284900616265,14.439886738376044,89.65578494261219,672.1915987705221,151792.88561449313,0.2829038850084027
7.166898420212892,2.0746284900616265,14.559789944782445,90.76096251862936,690.9824050586093,156858.58121451014,0.1886025900056021
7.261199715215693,2.0746284900616265,14.679362932123906,91.7555052354011,717.3254084764849,164918.99447189533,0.0943012950028006
7.355501010218495,2.0746284900616265,14.785118426249827,92.47821350675356,716.5358564629987,162583.529372487,-8.881784197001252e-16
0.0,2.168929785064428,11.476513907385302,70.31775332987056,353.77170593820216,61256.08825434093,7.261199715215692
0.0943012950028012,2.168929785064428,11.378809104926754,69.42899657685271,346.2614481566233,60545.74642142742,7.166898420212892
0.1886025900056024,2.168929785064428,11.297461447327528,68.64366019618822,336.99365722965825,58763.52000879876,7.072597125210089
0.2829038850084036,2.168929785064428,11.22588363882636,67.97519279479238,328.84639884339975,57239.07761023005,6.978295830207289
0.3772051800112048,2.168929785064428,11.152729004496274,67.29877868778237,324.90142485505373,57346.87630428477,6.883994535204488
0.471506475014006,2.168929785064428,11.080607060473186,66.50541157516031,314.31525590814726,54818.13121448108,6.789693240201686
0.5658077700168073,2.168929785064428,11.00239520937958,65.69538758390807,304.917103182927,52748.82581906095,6.695391945198885
0.6601090650196084,2.168929785064428,10.963762336623898,65.31023170240496,303.87564329149495,53282.3603536145,6.601090650196085
0.7544103600224097,2.168929785064428,10.905171746278954,64.59522707424655,294.3858266697324,50898.0249421038,6.506789355193282
0.848711655025211,2.168929785064428,10.859650186861082,64.02229603318146,289.42632825516046,50100.064500737106,6.412488060190482
0.943012950028012,2.168929785064428,10.830578609706334,63.74250549042861,289.52878465748336,50839.599807623395,6.318186765187681
1.0373142450308133,2.168929785064428,10.792422103483553,63.32815879366561,285.17041834281724,49969.01957161752,6.223885470184879
1.1316155400336143,2.168929785064428,10.759038993213077,62.77154323519345,276.92061023625865,47576.211782631144,6.129584175182078
1.2259168350364158,2.168929785064428,10.73421315869474,62.5391588075107,277.4229152472262,48395.28261614503,6.0352828801792775
1.3202181300392168,2.168929785064428,10.701852362183493,62.021469965426405,271.63539324654204,47006.34908341729,5.940981585176475
1.414519425042018,2.168929785064428,10.685851242298892,61.73579709856145,268.42524982475015,46242.37682305365,5.8466802901736745
1.5088207200448194,2.168929785064428,10.667062956107404,61.415491205584225,265.6493052776902,45737.92296878547,5.752378995170873
1.6031220150476206,2.168929785064428,10.662601995416694,61.284724954136976,263.5568101900735,45149.46332405269,5.6580777001680715
1.697423310050422,2.168929785064428,10.649195343848689,61.02094088113434,260.6949058012857,44466.140596292345,5.563776405165271
1.791724605053223,2.168929785064428,10.656096798074511,61.06984914668344,264.599043127745,46152.389200890975,5.4694751101624695
1.886025900056024,2.168929785064428,10.654819782495816,60.80533741787943,259.6359562294867,44558.26078934898,5.375173815159668
1.9803271950588257,2.168929785064428,10.659800816867168,60.738616565968,258.40811742104347,44231.17884645223,5.2808725201568665
2.0746284900616265,2.168929785064428,10.665440029607874,60.58491462680603,256.9467556306518,43833.54237561992,5.186571225154066
2.168929785064428,2.168929785064428,10.680751731130446,60.659260466127506,256.2996803599484,43515.34223937481,5.092269930151264
2.263231080067229,2.168929785064428,10.703429934976404,60.754521737023424,259.3631464391044,44626.2025974048,4.997968635148464
2.35753237507003,2.168929785064428,10.720860526835637,60.76138669360277,258.7550559107923,44362.31277638593,4.903667340145662
2.4518336700728316,2.168929785064428,10.743197724206452,60.82733672504929,261.7428690701619,45512.284480285,4.809366045142861
2.5461349650756326,2.168929785064428,10.765518237143477,60.92264816140876,259.6600593024113,44561.6299889361,4.71506475014006
2.6404362600784337,2.168929785064428,10.80899960663609,61.19945812124181,265.0759461409636,46279.60527443516,4.620763455137259
2.734737555081235,2.168929785064428,10.83935303638717,61.30707022107684,266.26313820321167,46581.6213117766,4.526462160134457
2.829038850084036,2.168929785064428,10.871908886083524,61.48368753621443,267.67917303563434,46795.63476474664,4.432160865131657
2.9233401450868377,2.168929785064428,10.916477570144885,61.75435801088186,271.0195023730396,47695.94768875789,4.337859570128854
3.0176414400896387,2.168929785064428,10.962534621607,62.08390423935582,275.89237723452914,49120.823707167496,4.243558275126054
3.11194273509244,2.168929785064428,11.002241708428429,62.26788019567407,276.66478933758924,49116.57951840277,4.149256980123253
3.2062440300952413,2.168929785064428,11.050487990684717,62.61087546558684,280.9746160161372,50295.99147022801,4.054955685120451
3.3005453250980423,2.168929785064428,11.105614931594268,62.99726754606913,283.30363881920954,50584.17541419245,3.96065439011765
3.394846620100844,2.168929785064428,11.15719592268056,63.3496156019019,291.6276284884536,53263.54829348232,3.8663530951148486
3.489147915103645,2.168929785064428,11.208851335626136,63.64269321673446,291.143005332949,52579.37279375656,3.772051800112047
3.583449210106446,2.168929785064428,11.271173322121564,64.19524486177734,300.5153725754066,55419.388581223546,3.6777505051092465
3.6777505051092474,2.168929785064428,11.339365012635142,64.6360295001862,304.389314414039,56203.158872767024,3.583449210106445
3.772051800112048,2.168929785064428,11.389950118167045,64.93905929615254,307.0518899027771,56669.312923352576,3.4891479151036444
3.8663530951148495,2.168929785064428,11.45895459349789,65.4737868078846,315.3450540677158,59084.94292103976,3.394846620100843
3.960654390117651,2.168929785064428,11.534365459740918,66.06852928443391,321.70852638251205,60542.19956585593,3.3005453250980414
4.0549556851204525,2.168929785064428,11.603089059971914,66.61386235810926,335.5679908417071,65168.14322055393,3.20624403009524
4.149256980123253,2.168929785064428,11.67115838673373,67.14233344496708,336.79998294479486,64710.46239453452,3.1119427350924393
4.2435582751260545,2.168929785064428,11.745709771703092,67.67689923001026,340.76846989808735,65337.13266702888,3.017641440089638
4.337859570128856,2.168929785064428,11.82990763343138,68.3574524802958,352.2416524072097,68739.75846425502,2.9233401450868364
4.432160865131657,2.168929785064428,11.89156124440611,68.73446726063865,353.6679213972059,68542.8351351999,2.8290388500840358
4.526462160134458,2.168929785064428,11.979466058531708,69.42612248731007,363.67692545760576,71216.00700293807,2.7347375550812343
4.62076345513726,2.168929785064428,12.074141152907956,70.21787975979439,378.4071452178149,75715.43423762689,2.640436260078433
4.71506475014006,2.168929785064428,12.153777289172751,70.80790907568549,385.95799840014325,77510.47922785736,2.546134965075632
4.809366045142862,2.168929785064428,12.22348248575516,71.34195720981577,386.7725977501419,76932.19056038697,2.4518336700728307
4.903667340145663,2.168929785064428,12.325296524213831,72.13146703256811,399.5112320422086,80430.79482864785,2.357532375070029
4.997968635148464,2.168929785064428,12.40878794688458,72.77335131877018,406.9400996152027,82128.8442284725,2.2632310800672286
5.092269930151265,2.168929785064428,12.490175751955666,73.31311381472686,423.8583838210824,87820.60211017705,2.168929785064427
5.186571225154067,2.168929785064428,12.58889686833007,74.05986430256608,423.8981612902888,86258.87480152857,2.0746284900616256
5.280872520156867,2.168929785064428,12.687189658766874,74.9444462251267,444.7183557946228,92928.81298254634,1.980327195058825
5.375173815159669,2.168929785064428,12.771658267774905,75.54946476302854,440.8154849495134,90035.75756353379,1.8860259000560236
5.46947511016247,2.168929785064428,12.8750531934139,76.55138465656569,461.5047394243624,96469.0741189452,1.791724605053222
5.563776405165272,2.168929785064428,12.958965951790676,77.13839830872733,471.1338058747873,99084.35706047692,1.6974233100504206
5.658077700168072,2.168929785064428,13.05904196827534,77.9174278803877,486.02800113965543,103402.74091171048,1.60312201504762
5.752378995170874,2.168929785064428,13.150306030486792,78.57353122770758,492.1223005641397,104429.5605887456,1.5088207200448185
5.846680290173675,2.168929785064428,13.252639259882317,79.32617999968599,495.131325320378,103953.2134354632,1.414519425042017
5.940981585176476,2.168929785064428,13.355028833151769,80.1581130170002,514.8988494490324,110098.25140968992,1.3202181300392164
6.0352828801792775,2.168929785064428,13.465324636252264,81.18195444488885,528.9019448790292,113691.86082003888,1.225916835036415
6.129584175182079,2.168929785064428,13.55598735133252,81.90541204851374,548.7341934229771,120083.43697371623,1.1316155400336134
6.22388547018488,2.168929785064428,13.660237990318208,82.6413802192325,551.5552557595304,119327.32699081804,1.0373142450308128
6.318186765187681,2.168929785064428,13.774865846683944,83.58280382180862,561.2869871715534,121227.97703868644,0.9430129500280113
6.412488060190483,2.168929785064428,13.88115573146,84.4649241719136,586.2698857658129,129203.75096995506,0.8487116550252098
6.506789355193283,2.168929785064428,13.985318986540488,85.19790801248223,594.4369778077356,130705.91513270252,0.7544103600224092
6.601090650196085,2.168929785064428,14.092606962854411,86.20941391802882,610.814508831224,135111.90552482917,0.6601090650196078
6.695391945198886,2.168929785064428,14.207775204322775,87.20988195203525,632.6412938247229,141760.63981107305,0.5658077700168063
6.789693240201688,2.168929785064428,14.312006502523287,87.8537289195229,632.1790299863828,139606.35515839222,0.4715064750140048
6.883994535204488,2.168929785064428,14.408732867118609,88.62969786461139,658.6417410483581,148592.819761074,0.3772051800112042
6.97829583020729,2.168929785064428,14.522118058461874,89.63409956713403,660.2071681727152,146740.02145423825,0.2829038850084027
7.072597125210091,2.168929785064428,14.637880564518516,90.47125478144427,679.998975767591,152447.7825944131,0.1886025900056012
7.166898420212892,2.168929785064428,14.75011328645839,91.41260477089662,704.239641308855,160088.27642224706,0.0943012950028006
7.261199715215693,2.168929785064428,14.846903919826666,92.0890171410602,709.2139727682573,160226.76696301537,-8.881784197001252e-16
0.0,2.263231080067229,11.449663597947074,70.03303547102455,351.27853443751314,60738.33248139574,7.166898420212892
0.0943012950028012,2.263231080067229,11.366740193439352,69.2042934726921,339.6044037094476,58205.05289255224,7.072597125210091
0.1886025900056024,2.263231080067229,11.288283575188672,68.54417711507793,333.4742752477933,57506.698846847874,6.978295830207289
0.2829038850084036,2.263231080067229,11.21607342575492,67.71666530129141,325.23822811314545,56091.85557392425,6.883994535204488
0.3772051800112048,2.263231080067229,11.15510789782262,67.09381445314203,319.6785665947122,55380.70748533896,6.789693240201688
0.471506475014006,2.263231080067229,11.090553245286364,66.37661555537251,311.80202084005055,53794.75503772972,6.695391945198885
0.5658077700168073,2.263231080067229,11.0346758243258,65.77294216182045,306.7707133971428,53193.17826551362,6.601090650196085
0.6601090650196084,2.263231080067229,10.97380321537985,65.0972561719162,299.42776703691914,51712.60816149402,6.506789355193284
0.7544103600224097,2.263231080067229,10.944890470561836,64.81322522885657,297.57557249140945,51790.02608220465,6.412488060190482
0.848711655025211,2.263231080067229,10.893940125727958,64.14236981712865,291.71595651417005,50753.07642015451,6.318186765187681
0.943012950028012,2.263231080067229,10.85439508803739,63.63647826290432,286.2010149876781,49551.38400983294,6.2238854701848805
1.0373142450308133,2.263231080067229,10.819172302563178,63.17767614862356,282.80180560502,49085.018368558114,6.129584175182078
1.1316155400336143,2.263231080067229,10.803146284455034,62.91182706472334,278.6974240494945,48034.68782709748,6.0352828801792775
1.2259168350364158,2.263231080067229,10.766289278275758,62.40070412008552,274.96141479381055,47496.10448370372,5.940981585176477
1.3202181300392168,2.263231080067229,10.761366474254958,62.23625732555995,270.9220827555787,46162.27421588337,5.8466802901736745
1.414519425042018,2.263231080067229,10.745789320194714,62.007576007993435,270.64174683885074,46639.772581497615,5.752378995170874
1.5088207200448194,2.263231080067229,10.72983577996432,61.56074817700723,263.7728854843797,44527.74623271792,5.6580777001680715
1.6031220150476206,2.263231080067229,10.72150194317822,61.43286279828712,264.843829646398,45387.81433891117,5.563776405165271
1.697423310050422,2.263231080067229,10.727970310526231,61.357987135241345,264.2177849666426,45274.5360274822,5.46947511016247
1.791724605053223,2.263231080067229,10.724368286345936,61.161367537513144,261.5790044865339,44567.29499782129,5.375173815159668
1.886025900056024,2.263231080067229,10.73180468324519,61.1719155533974,264.3707256116155,45740.70490141544,5.280872520156867
1.9803271950588257,2.263231080067229,10.734374152162298,60.962604566786325,260.46389186230596,44505.5281370341,5.186571225154065
2.0746284900616265,2.263231080067229,10.752191450158534,60.989054751418976,263.07288053505465,45577.81277260674,5.092269930151264
2.168929785064428,2.263231080067229,10.776864654018455,61.0532743264895,263.66155805369596,45731.07803256099,4.997968635148464
2.263231080067229,2.263231080067229,10.788027780421318,60.97813540797729,261.3959225783345,44912.55173542354,4.903667340145663
2.35753237507003,2.263231080067229,10.823423138393473,61.20874330151421,262.0185389653045,44850.53456982442,4.809366045142861
2.4518336700728316,2.263231080067229,10.8404478808141,61.161577125601326,263.67254870830214,45565.43595527105,4.71506475014006
2.5461349650756326,2.263231080067229,10.875720520098907,61.40025409716773,265.5532612374699,45981.892394604496,4.62076345513726
2.6404362600784337,2.263231080067229,10.912166525968484,61.546460394034774,269.67751382488353,47350.21809998317,4.526462160134457
2.734737555081235,2.263231080067229,10.943640509499115,61.60222785356517,267.69520763657124,46409.167419669946,4.432160865131657
2.829038850084036,2.263231080067229,10.98001071667268,61.874532435154194,270.3469297955217,47114.000251452555,4.337859570128856
2.9233401450868377,2.263231080067229,11.031786885712783,62.21796062779313,276.5609857483904,48964.91720045567,4.243558275126054
3.0176414400896387,2.263231080067229,11.073539172821295,62.51725972895289,278.67954121506983,49397.1205177834,4.149256980123253
3.11194273509244,2.263231080067229,11.129064658677434,62.82702985872835,281.44254161482075,49905.544126424786,4.0549556851204525
3.2062440300952413,2.263231080067229,11.163798098891474,62.951453520523486,282.49108157680115,50039.8314882293,3.9606543901176496
3.3005453250980423,2.263231080067229,11.227918388805048,63.49615270942173,289.56088127577465,52021.55918701755,3.866353095114849
3.394846620100844,2.263231080067229,11.274616781366545,63.71685580538041,287.4345827134009,50746.39116260943,3.7720518001120475
3.489147915103645,2.263231080067229,11.34788022129024,64.33074470450067,296.44136096974006,53374.43846523151,3.677750505109246
3.583449210106446,2.263231080067229,11.401752410400311,64.66602530250262,298.8455515313776,53667.33736294005,3.5834492101064455
3.6777505051092474,2.263231080067229,11.473224848545746,65.2284656713567,310.3660379622242,57402.24474636038,3.489147915103644
3.772051800112048,2.263231080067229,11.5298155502558,65.44177071799798,310.547103333063,56887.99535506782,3.3948466201008434
3.8663530951148495,2.263231080067229,11.596056772349597,66.03420989510418,321.13779056323176,60212.427606858495,3.300545325098042
3.960654390117651,2.263231080067229,11.682259926023706,66.66104057138055,329.8479802278333,62498.4130553445,3.2062440300952404
4.0549556851204525,2.263231080067229,11.736409684601686,67.00700238215126,335.401811020309,64060.596761607245,3.111942735092439
4.149256980123253,2.263231080067229,11.817804255052703,67.60431303143305,337.2336748208858,63691.631564100615,3.0176414400896383
4.2435582751260545,2.263231080067229,11.893607137435977,68.19918761332158,347.1322724849276,66646.29489150041,2.923340145086837
4.337859570128856,2.263231080067229,11.97018365991092,68.84561465274246,357.0988037543541,69463.57229836922,2.8290388500840353
4.432160865131657,2.263231080067229,12.055770547390974,69.42758365888128,370.343036849426,73599.80687310958,2.7347375550812347
4.526462160134458,2.263231080067229,12.148073386778773,70.19900743954247,371.1198808938469,72463.96765446173,2.6404362600784332
4.62076345513726,2.263231080067229,12.219474677898956,70.64312957455846,374.8051843444791,72985.75086244395,2.5461349650756318
4.71506475014006,2.263231080067229,12.309487195680044,71.38405134239954,384.2000565859888,75399.81585138963,2.451833670072831
4.809366045142862,2.263231080067229,12.390725917855583,71.96639107243045,394.2158268615435,78342.13387314431,2.3575323750700297
4.903667340145663,2.263231080067229,12.470990863066012,72.67282418493045,404.58538348303347,81149.69795136852,2.263231080067228
4.997968635148464,2.263231080067229,12.566994437236152,73.36279686495902,408.1264676410474,81185.32417988408,2.1689297850644276
5.092269930151265,2.263231080067229,12.666802559782589,74.14945904130587,431.47213144514245,88881.23779009489,2.074628490061626
5.186571225154067,2.263231080067229,12.751128033255686,74.87180464384886,434.8222281864139,88837.0520077587,1.9803271950588246
5.280872520156867,2.263231080067229,12.834837597093095,75.41420585991867,441.368842423235,90209.29116470311,1.886025900056024
5.375173815159669,2.263231080067229,12.944594668053591,76.26136784832069,450.5797050536393,92154.96518185498,1.7917246050532225
5.46947511016247,2.263231080067229,13.0382062572887,76.97197989536586,467.7501702398087,97559.9232684909,1.697423310050421
5.563776405165272,2.263231080067229,13.131049691973892,77.772309746877,471.6232986533077,97584.0166261247,1.6031220150476195
5.658077700168072,2.263231080067229,13.22908043748184,78.44098800281898,483.5757485438504,100847.90757158549,1.508820720044819
5.752378995170874,2.263231080067229,13.335468540450112,79.34487391078216,507.984718199396,108695.41892119856,1.4145194250420174
5.846680290173675,2.263231080067229,13.437543458184326,80.10919573898768,511.5709288143227,108497.13878705908,1.320218130039216
5.940981585176476,2.263231080067229,13.51684028314989,80.7127452074656,509.96693414357054,106408.24770151037,1.2259168350364154
6.0352828801792775,2.263231080067229,13.636756711344352,81.767138368286,545.4494539916412,118569.21667913372,1.1316155400336139
6.129584175182079,2.263231080067229,13.726958720904094,82.41206317506283,551.1359358487438,119266.8898047997,1.0373142450308124
6.22388547018488,2.263231080067229,13.841996094235483,83.41588910493758,563.2146146460419,121988.98848426194,0.9430129500280118
6.318186765187681,2.263231080067229,13.95108747441128,84.30904793720006,577.067632210047,125494.8306215614,0.8487116550252103
6.412488060190483,2.263231080067229,14.056496971932408,85.02308633187499,586.7979541115923,127727.2058786928,0.7544103600224088
6.506789355193283,2.263231080067229,14.171649735262648,85.92632568919582,596.0757173185666,129346.03505110972,0.6601090650196082
6.601090650196085,2.263231080067229,14.257152050849998,86.65562509353481,607.1539762033998,132180.9364898962,0.5658077700168067
6.695391945198886,2.263231080067229,14.37400042520682,87.36432748574822,624.9140372793727,137259.92907824743,0.4715064750140052
6.789693240201688,2.263231080067229,14.476795823673005,88.22360896881219,642.6703172911775,142376.43840073983,0.37720518001120373
6.883994535204488,2.263231080067229,14.592620339708,89.14443433818485,641.5371741947653,139653.1880127963,0.28290388500840313
6.97829583020729,2.263231080067229,14.719591015426603,90.41201406065557,699.8048416042762,160310.84736192095,0.18860259000560164
7.072597125210091,2.263231080067229,14.82268555039884,91.23611971104854,693.6852433421404,155864.67784100396,0.09430129500280016
7.166898420212892,2.263231080067229,14.9258527188243,91.89165734016213,699.791965572365,156371.75657579163,-4.440892098500626e-16
0.0,2.35753237507003,11.447804981004456,70.02090887253134,348.18297473981374,59457.87987712708,7.07259712521009
0.0943012950028012,2.35753237507003,11.35675958000337,69.07606278760531,338.093497780937,57699.51669177838,6.97829583020729
0.1886025900056024,2.35753237507003,11.291103612146662,68.44577995247367,332.96015061786176,57356.33587382836,6.883994535204487
0.2829038850084036,2.35753237507003,11.223473941394714,67.68693662237432,323.43614976316877,55314.316045465144,6.789693240201687
0.3772051800112048,2.35753237507003,11.146919975533365,66.9538792110491,317.90296967764925,54921.24568541784,6.695391945198886
0.471506475014006,2.35753237507003,11.092571175768631,66.29895547215673,311.5283394569864,53849.9340912152,6.601090650196084
0.5658077700168073,2.35753237507003,11.060768995636506,65.86315826046474,307.7540832730719,53413.370663121415,6.506789355193283
0.6601090650196084,2.35753237507003,10.998773307305742,65.19168805866197,300.1371742151954,51812.727407785766,6.412488060190483
0.7544103600224097,2.35753237507003,10.962255418921089,64.63542687767846,294.48070135235383,50641.804782301915,6.31818676518768
0.848711655025211,2.35753237507003,10.932988970050388,64.27041672144995,293.34074445124065,51031.69612238687,6.22388547018488
0.943012950028012,2.35753237507003,10.895021303417211,63.744197925132525,285.3798189664343,48887.94603284436,6.129584175182079
1.0373142450308133,2.35753237507003,10.8689589699948,63.37229242808801,281.4777848558143,48086.73695667137,6.035282880179277
1.1316155400336143,2.35753237507003,10.838544130552336,62.8811446438193,277.6787656357414,47465.754141363584,5.940981585176476
1.2259168350364158,2.35753237507003,10.833001021275033,62.7116854094504,275.3865410737849,46970.12044348389,5.846680290173675
1.3202181300392168,2.35753237507003,10.809216576857118,62.33059705491945,273.22845311145994,46896.999486989094,5.752378995170873
1.414519425042018,2.35753237507003,10.793636672139073,62.030028630729966,270.3010729967709,46266.592337167975,5.658077700168072
1.5088207200448194,2.35753237507003,10.802505428308937,61.99756384257142,271.78625897691467,47044.29524177526,5.563776405165271
1.6031220150476206,2.35753237507003,10.797326948610692,61.75247445105758,267.68688093901744,45833.18037546133,5.4694751101624695
1.697423310050422,2.35753237507003,10.791126370760162,61.43647390274646,263.5270477632598,44663.001212967945,5.375173815159669
1.791724605053223,2.35753237507003,10.803966026198005,61.434194320906904,263.708296443096,44837.590461765205,5.280872520156867
1.886025900056024,2.35753237507003,10.80484401856243,61.289584744899585,261.6494471597532,44242.98546235124,5.186571225154066
1.9803271950588257,2.35753237507003,10.82581967241006,61.371269273863845,264.22415714468127,45210.79075757567,5.092269930151264
2.0746284900616265,2.35753237507003,10.84704889607068,61.35098838943805,264.89686875751454,45512.81296465705,4.997968635148464
2.168929785064428,2.35753237507003,10.868663158296632,61.451622024231106,265.0005380611245,45456.45821182091,4.903667340145662
2.263231080067229,2.35753237507003,10.892404143154854,61.406638805396035,262.69194308816657,44523.15282288516,4.809366045142862
2.35753237507003,2.35753237507003,10.91678301077464,61.525025619780266,264.9751331870765,45302.93209599762,4.71506475014006
2.4518336700728316,2.35753237507003,10.94947186611439,61.73274645485836,269.7380532893194,46920.27895067115,4.620763455137259
2.5461349650756326,2.35753237507003,10.985100421149818,61.839850333269425,270.2987685025935,46951.1134657988,4.526462160134458
2.6404362600784337,2.35753237507003,11.01640727460286,61.94090356225172,269.27949243327754,46391.35219634371,4.432160865131657
2.734737555081235,2.35753237507003,11.063636160898044,62.22979221606766,276.8512654555739,48873.32719770195,4.337859570128855
2.829038850084036,2.35753237507003,11.10338671452069,62.37730813680295,275.7234303044104,48138.73249760414,4.2435582751260545
2.9233401450868377,2.35753237507003,11.155742829690045,62.76160280261044,278.0677846851036,48493.222383529115,4.149256980123252
3.0176414400896387,2.35753237507003,11.194019158091484,62.915680611347184,281.3840142439246,49474.90565835476,4.054955685120452
3.11194273509244,2.35753237507003,11.262565900034236,63.43217587556654,288.07083151837884,51324.66011764111,3.960654390117651
3.2062440300952413,2.35753237507003,11.301593362519982,63.572646375255005,285.35805291841655,49905.27752598083,3.8663530951148486
3.3005453250980423,2.35753237507003,11.357491120054156,63.97398096841941,290.0354507930702,51073.792271065,3.772051800112048
3.394846620100844,2.35753237507003,11.411092460568604,64.19949209874596,295.2099255837998,52743.55394654944,3.6777505051092465
3.489147915103645,2.35753237507003,11.4777250985927,64.78186079492592,302.1576652982328,54538.16635131383,3.583449210106445
3.583449210106446,2.35753237507003,11.538198770726016,65.16025610476471,303.22141812346257,54320.842012674926,3.4891479151036444
3.6777505051092474,2.35753237507003,11.599302157897986,65.63907570488124,312.3051368643525,57178.24499716133,3.394846620100843
3.772051800112048,2.35753237507003,11.680852517427976,66.17608815056356,316.48108851662556,57726.18269191088,3.3005453250980423
3.8663530951148495,2.35753237507003,11.754731928928608,66.76714960989548,326.6657504248112,60822.12241204539,3.206244030095241
3.960654390117651,2.35753237507003,11.81861385847009,67.14972630194848,328.468989418385,60799.003215771874,3.1119427350924393
4.0549556851204525,2.35753237507003,11.892378138948136,67.74348231232514,336.5376934890855,62960.70602856646,3.017641440089638
4.149256980123253,2.35753237507003,11.974254097895898,68.35680317642986,348.4632956617666,66668.82472949877,2.9233401450868373
4.2435582751260545,2.35753237507003,12.058051161158165,68.93505387225595,357.18441984140975,68985.08151115428,2.8290388500840358
4.337859570128856,2.35753237507003,12.13079885944633,69.4438250816082,358.39287154373733,68496.0282605308,2.7347375550812343
4.432160865131657,2.35753237507003,12.206766865963315,70.0410119089097,367.44781495504645,71001.69086976847,2.6404362600784337
4.526462160134458,2.35753237507003,12.286784776575931,70.60610973882828,376.8403427044556,73701.46646439793,2.546134965075632
4.62076345513726,2.35753237507003,12.385275978462465,71.37659507730028,382.74383249180767,74579.4569480738,2.4518336700728307
4.71506475014006,2.35753237507003,12.46993029012154,72.02239445956806,396.31398406427235,78662.53117048765,2.35753237507003
4.809366045142862,2.35753237507003,12.539569005637432,72.55516705228952,400.28608878347336,79302.05473987081,2.2632310800672286
4.903667340145663,2.35753237507003,12.64234372296608,73.39812187881003,416.6255868043363,84277.40348213507,2.168929785064427
4.997968635148464,2.35753237507003,12.728432146798657,74.0244293985345,422.1500137826639,85134.84416446723,2.0746284900616265
5.092269930151265,2.35753237507003,12.825577627763666,74.7234617009876,435.2750344919993,88957.73854823808,1.980327195058825
5.186571225154067,2.35753237507003,12.90273373236898,75.24815439339253,431.7992721205941,86429.75038850297,1.8860259000560236
5.280872520156867,2.35753237507003,13.005813671655876,75.9788048180591,457.4600072629173,95080.92952858392,1.791724605053223
5.375173815159669,2.35753237507003,13.102233465723122,76.80596029435355,458.30218686292216,93803.14086480328,1.6974233100504215
5.46947511016247,2.35753237507003,13.19913438291006,77.51128159585045,474.9561111663516,99009.77262898418,1.60312201504762
5.563776405165272,2.35753237507003,13.307234603831462,78.44538946574129,480.08871399114526,99065.06505805296,1.5088207200448185
5.658077700168072,2.35753237507003,13.408116261547116,79.26734429232053,504.55053144870647,107137.88262239331,1.4145194250420179
5.752378995170874,2.35753237507003,13.50283800943242,79.9393407225987,502.021142573,104694.19922145992,1.3202181300392164
5.846680290173675,2.35753237507003,13.587451717351868,80.48344005693711,513.8163526556167,108080.0925318306,1.225916835036415
5.940981585176476,2.35753237507003,13.705204427056412,81.56779770638738,533.2959017123575,113715.59561484616,1.1316155400336143
6.0352828801792775,2.35753237507003,13.805493637207633,82.32771084542387,541.5926456305641,115249.5588299338,1.0373142450308128
6.129584175182079,2.35753237507003,13.915769524343643,83.15587722678782,559.7129302353638,120626.3019636852,0.9430129500280113
6.22388547018488,2.35753237507003,14.030361042371032,84.07809807702705,577.2395785506488,125569.62222787151,0.8487116550252107
6.318186765187681,2.35753237507003,14.123731032872112,84.78447896348479,581.8908915409859,125826.86901831352,0.7544103600224092
6.412488060190483,2.35753237507003,14.219120706674314,85.47225491582313,582.5049015917658,124407.42479980516,0.6601090650196078
6.506789355193283,2.35753237507003,14.34029737563649,86.46432323282147,594.2047931358123,126756.532814413,0.5658077700168072
6.601090650196085,2.35753237507003,14.45396849689455,87.46216094178322,621.7967168952914,135627.80311964944,0.47150647501400567
6.695391945198886,2.35753237507003,14.547370629775935,88.16087125651046,640.4303371219693,141404.50262928888,0.3772051800112042
6.789693240201688,2.35753237507003,14.66173021414507,89.0171637493795,648.5740954020473,142631.82499698803,0.2829038850084027
6.883994535204488,2.35753237507003,14.773505964821515,89.86098377105058,659.9230539702787,145006.64150056467,0.1886025900056021
6.97829583020729,2.35753237507003,14.887397243404209,90.79193812100009,672.7366049629886,147817.79029105496,0.0943012950028006
7.072597125210091,2.35753237507003,14.986570641470324,91.5703752201367,683.3583257799676,150223.90974016752,-8.881784197001252e-16
0.0,2.4518336700728316,11.42985719751326,69.95642085518276,349.3624643688018,60090.04168623892,6.978295830207289
0.0943012950028012,2.4518336700728316,11.354591357987992,69.05479250310576,341.24694666328594,58934.02687889908,6.883994535204488
0.1886025900056024,2.4518336700728316,11.294311192870223,68.39198740893437,330.9114836888615,56496.18547374017,6.789693240201686
0.2829038850084036,2.4518336700728316,11.232256383257488,67.75351522574988,327.51134389134734,56814.15715292035,6.695391945198885
0.3772051800112048,2.4518336700728316,11.171167209752996,67.03568781822008,318.70105206883795,54991.92470795019,6.601090650196085
0.471506475014006,2.4518336700728316,11.119854576773305,66.42399653975518,311.6256296515131,53551.55921493792,6.506789355193282
0.5658077700168073,2.4518336700728316,11.075768556528736,65.84568764743696,307.3527425914754,53098.60915059589,6.412488060190482
0.6601090650196084,2.4518336700728316,11.037647656802145,65.37136222244919,300.988609392066,51687.896351423646,6.318186765187681
0.7544103600224097,2.4518336700728316,10.999225466182684,64.84239775235461,295.35322814485073,50602.80830915569,6.223885470184879
0.848711655025211,2.4518336700728316,10.97294664024646,64.36749735507554,291.5554224665024,49981.31467170068,6.129584175182078
0.943012950028012,2.4518336700728316,10.940473997327086,63.979388096032345,290.66077498506115,50605.86785180265,6.0352828801792775
1.0373142450308133,2.4518336700728316,10.919649822164027,63.5461815280584,283.02335202703995,48317.1503988149,5.940981585176475
1.1316155400336143,2.4518336700728316,10.89243309572143,63.10085385517948,278.8819294088135,47555.930892220946,5.8466802901736745
1.2259168350364158,2.4518336700728316,10.88205753072813,62.8057732042777,279.0730244220158,48203.12432949209,5.752378995170874
1.3202181300392168,2.4518336700728316,10.875358031143076,62.56112642708905,275.78482050872697,47386.54317942255,5.6580777001680715
1.414519425042018,2.4518336700728316,10.862861306299768,62.29904512932247,272.7172661889929,46750.09272407507,5.563776405165271
1.5088207200448194,2.4518336700728316,10.865960958814808,62.14433639394855,270.0237879624297,45898.04545076537,5.4694751101624695
1.6031220150476206,2.4518336700728316,10.862709709335942,61.90522309900642,267.11577675398325,45159.63831995653,5.375173815159668
1.697423310050422,2.4518336700728316,10.866243038759317,61.70567443891864,264.03773036058925,44254.63302618497,5.280872520156867
1.791724605053223,2.4518336700728316,10.894403628808837,61.8522199666953,269.86105724015624,46425.085426262565,5.186571225154066
1.886025900056024,2.4518336700728316,10.902181943761118,61.74904563702174,266.66503760786753,45377.060007013264,5.092269930151264
1.9803271950588257,2.4518336700728316,10.90307210268838,61.50093554319146,263.5140781649128,44482.56671202168,4.997968635148463
2.0746284900616265,2.4518336700728316,10.93163249324399,61.63403228519215,264.60336063432567,44717.28951083079,4.903667340145662
2.168929785064428,2.4518336700728316,10.958648573302003,61.72893218516988,266.7421878306211,45505.989199129785,4.809366045142861
2.263231080067229,2.4518336700728316,10.995296860928708,61.89146614718497,268.2078327735866,45781.074601460685,4.71506475014006
2.35753237507003,2.4518336700728316,11.00455160747995,61.724197873048794,266.31470136264096,45266.30777627876,4.620763455137259
2.4518336700728316,2.4518336700728316,11.050283892197609,61.995466448515515,268.4932508688865,45728.62678814028,4.526462160134457
2.5461349650756326,2.4518336700728316,11.081755734755143,62.08648430184533,269.0099508390065,45790.96605792879,4.432160865131657
2.6404362600784337,2.4518336700728316,11.126143276632412,62.37933472042947,272.45864553941976,46645.52022873527,4.337859570128855
2.734737555081235,2.4518336700728316,11.172247600504384,62.6570508164541,276.90163213850917,48026.92633283892,4.243558275126054
2.829038850084036,2.4518336700728316,11.218347834052256,62.880658772658705,279.51869483508244,48666.55358836157,4.149256980123253
2.9233401450868377,2.4518336700728316,11.269201769781638,63.20546391024739,280.78926420690425,48651.59511728822,4.054955685120451
3.0176414400896387,2.4518336700728316,11.320657367303156,63.470284369950534,287.1904276726601,50691.87564136433,3.96065439011765
3.11194273509244,2.4518336700728316,11.366081335313076,63.68125185485788,288.18483886116036,50673.8339371585,3.8663530951148495
3.2062440300952413,2.4518336700728316,11.419637588467705,64.0436588159842,290.824899105138,51113.506647756454,3.772051800112047
3.3005453250980423,2.4518336700728316,11.487747131114835,64.53828914789764,297.88574565000056,53171.90784581417,3.6777505051092465
3.394846620100844,2.4518336700728316,11.550975727072217,64.9715644072169,303.16943210427274,54445.29523440405,3.583449210106445
3.489147915103645,2.4518336700728316,11.60438958452361,65.26939503842047,309.96081535685107,56637.790916221005,3.4891479151036435
3.583449210106446,2.4518336700728316,11.6723772044015,65.75502532900393,312.3847574095374,56744.08307503352,3.394846620100843
3.6777505051092474,2.4518336700728316,11.752817026502116,66.3390827272214,316.49803499409273,57260.22276138025,3.3005453250980414
3.772051800112048,2.4518336700728316,11.817994748459489,66.67875327981503,324.7105545094347,59849.70100030498,3.206244030095241
3.8663530951148495,2.4518336700728316,11.890015332351036,67.20451089749658,328.8261445492727,60555.09749769702,3.1119427350924393
3.960654390117651,2.4518336700728316,11.969764396804573,67.91700068174323,341.20698749558176,64316.03829937994,3.017641440089638
4.0549556851204525,2.4518336700728316,12.039039498315104,68.32225837903897,342.387703362271,63942.34033258643,2.9233401450868364
4.149256980123253,2.4518336700728316,12.120982856775234,69.01708002715607,353.446006040412,67142.27432685377,2.8290388500840358
4.2435582751260545,2.4518336700728316,12.189121295510231,69.32268810592416,353.7777966146658,66550.93574880627,2.7347375550812343
4.337859570128856,2.4518336700728316,12.28345560522008,70.08000467121819,362.8701857038993,68793.26561837527,2.640436260078433
4.432160865131657,2.4518336700728316,12.359448972201609,70.6444137038271,372.2701683595001,71511.22089466368,2.546134965075632
4.526462160134458,2.4518336700728316,12.443074981726312,71.30992773226998,387.5581157999746,76379.67862380014,2.4518336700728307
4.62076345513726,2.4518336700728316,12.522753252099786,71.73547531724536,385.2557620695579,74494.13946273435,2.357532375070029
4.71506475014006,2.4518336700728316,12.618814789641135,72.57744462173895,402.1384622054827,79710.11131542406,2.2632310800672286
4.809366045142862,2.4518336700728316,12.714540480505834,73.3213683141131,403.4655023486366,78651.39858705486,2.168929785064427
4.903667340145663,2.4518336700728316,12.806965933113192,73.96062643480721,414.1968948037072,81719.31390326179,2.0746284900616256
4.997968635148464,2.4518336700728316,12.887761853922438,74.59162087772606,421.8657660255791,83488.0860641768,1.980327195058825
5.092269930151265,2.4518336700728316,12.992238039537092,75.36998774811528,434.9530217089934,87114.28073481204,1.8860259000560236
5.186571225154067,2.4518336700728316,13.093359271384704,76.22385654538915,448.0560755214232,90747.19662097673,1.791724605053222
5.280872520156867,2.4518336700728316,13.175160747601964,76.7487120381692,457.4211748798666,93269.8435739981,1.6974233100504215
5.375173815159669,2.4518336700728316,13.26236789886652,77.38643368865314,467.8942839315528,95967.54579129924,1.60312201504762
5.46947511016247,2.4518336700728316,13.374824403759291,78.35154792167312,476.9585784082905,97665.40609536468,1.5088207200448185
5.563776405165272,2.4518336700728316,13.46634994236284,79.09367730305809,484.8419702482767,99431.16750119178,1.414519425042017
5.658077700168072,2.4518336700728316,13.571444024319238,79.81256682195406,499.1115373637491,103449.66492519047,1.3202181300392164
5.752378995170874,2.4518336700728316,13.668868003449887,80.45561261502475,500.45804708919593,102364.97396316112,1.225916835036415
5.846680290173675,2.4518336700728316,13.779834878396189,81.46903652151974,523.658630026974,109676.51748559425,1.1316155400336134
5.940981585176476,2.4518336700728316,13.877327392985396,82.1487697500951,528.4828135896632,109970.8895964781,1.0373142450308128
6.0352828801792775,2.4518336700728316,13.981575670800591,82.8814068078449,540.4731275178467,113021.60874908644,0.9430129500280113
6.129584175182079,2.4518336700728316,14.095436422750998,83.87179945506549,558.8045153018179,118252.09410789398,0.8487116550252098
6.22388547018488,2.4518336700728316,14.190601003775042,84.57578434226733,564.3718742950916,118824.90576297892,0.7544103600224092
6.318186765187681,2.4518336700728316,14.312627630883604,85.53768631705262,605.2110955662781,133023.3271381976,0.6601090650196078
6.412488060190483,2.4518336700728316,14.39941418006633,86.22983857852677,604.6562958739296,131279.8613876051,0.5658077700168063
6.506789355193283,2.4518336700728316,14.514871766950575,87.09596212596603,603.5588345608136,128593.66305915092,0.47150647501400567
6.601090650196085,2.4518336700728316,14.637337702699265,88.14714752873527,627.9267494672052,136028.00210453363,0.3772051800112042
6.695391945198886,2.4518336700728316,14.741923397924378,88.85792540268525,641.7268025337999,139655.698930282,0.2829038850084027
6.789693240201688,2.4518336700728316,14.839678464082516,89.59104565338907,645.1899196958678,139233.30109268072,0.1886025900056012
6.883994535204488,2.4518336700728316,14.964028785270658,90.68263732771324,669.1294594176447,146276.88155831333,0.0943012950028006
6.97829583020729,2.4518336700728316,15.075474246176254,91.58788738397207,688.7732742021537,152121.4198129545,-8.881784197001252e-16
0.0,2.5461349650756326,11.441972849449987,69.95186937696499,347.9539109081083,59210.611424866234,6.883994535204488
0.0943012950028012,2.5461349650756326,11.365499750560769,69.12949415097916,342.0003080074715,59040.86884637675,6.789693240201688
0.1886025900056024,2.5461349650756326,11.310376196705493,68.54583033879466,335.5421184696004,58098.34093427176,6.695391945198885
0.2829038850084036,2.5461349650756326,11.247942196806626,67.78844214725241,327.3391315981148,56685.495250711494,6.601090650196085
0.3772051800112048,2.5461349650756326,11.18106137789477,67.03072406641485,319.3063281975665,55180.67827998148,6.506789355193284
0.471506475014006,2.5461349650756326,11.150705089105866,66.55057788385993,313.2926143771434,53926.77479937342,6.412488060190482
0.5658077700168073,2.5461349650756326,11.115680650067716,66.1044637181076,308.99700154978666,53364.56955478413,6.318186765187681
0.6601090650196084,2.5461349650756326,11.07566043799017,65.54833040527579,304.06174341921513,52539.3488344948,6.2238854701848805
0.7544103600224097,2.5461349650756326,11.033376054839632,64.93445208749506,297.1447504149964,51039.27012782461,6.129584175182078
0.848711655025211,2.5461349650756326,11.000021852975593,64.38038598525851,289.33161758440275,49003.13610060273,6.0352828801792775
0.943012950028012,2.5461349650756326,10.988209465781772,64.10417878346723,288.70505366478847,49403.05051867026,5.940981585176477
1.0373142450308133,2.5461349650756326,10.969956504073476,63.69243709143667,284.44551042194604,48459.879625641035,5.8466802901736745
1.1316155400336143,2.5461349650756326,10.958880582442363,63.43794066050957,282.4203472954739,48247.7578299737,5.752378995170874
1.2259168350364158,2.5461349650756326,10.941551632107252,63.066681566974864,279.40612223990905,47757.36167141434,5.658077700168073
1.3202181300392168,2.5461349650756326,10.93653628976951,62.94459819635543,277.29295847641134,47369.357678542,5.563776405165271
1.414519425042018,2.5461349650756326,10.934481029277832,62.550737204329906,273.4218062442908,46346.25383050122,5.46947511016247
1.5088207200448194,2.5461349650756326,10.936107490661692,62.4994659487747,275.6351861239012,47510.09962218384,5.375173815159668
1.6031220150476206,2.5461349650756326,10.936265921856492,62.22871474997971,270.89620433799195,46028.99463668253,5.280872520156867
1.697423310050422,2.5461349650756326,10.955657772573897,62.12506861671996,268.2227100755847,45098.2824083433,5.186571225154067
1.791724605053223,2.5461349650756326,10.969141716899298,62.125276763580175,269.0657620382531,45536.501082554416,5.092269930151264
1.886025900056024,2.5461349650756326,10.983832873893885,62.09271100436605,269.80193366472423,45951.30925410504,4.997968635148464
1.9803271950588257,2.5461349650756326,11.010631336170867,62.14878225714813,268.6258684959546,45416.704463592825,4.903667340145661
2.0746284900616265,2.5461349650756326,11.025453451138954,62.00642662062113,266.71722586116147,44830.830329271244,4.809366045142861
2.168929785064428,2.5461349650756326,11.062375148393146,62.2248685940891,271.6119889697827,46472.89414186621,4.71506475014006
2.263231080067229,2.5461349650756326,11.095968614849031,62.32317951486367,275.323526233863,47792.95843242126,4.62076345513726
2.35753237507003,2.5461349650756326,11.12885123858763,62.41681563625372,270.8551213605786,45769.87198624747,4.526462160134457
2.4518336700728316,2.5461349650756326,11.156063944907332,62.46075513458878,272.0940733527978,46201.71398923049,4.432160865131657
2.5461349650756326,2.5461349650756326,11.209035435832655,62.76163319208982,274.914780589479,46824.29620398314,4.337859570128856
2.6404362600784337,2.5461349650756326,11.247898154133075,62.938309714716965,275.9731599756535,46907.60573524161,4.243558275126054
2.734737555081235,2.5461349650756326,11.293649194804278,63.223839287743345,283.05382673064037,49304.3049765349,4.149256980123253
2.829038850084036,2.5461349650756326,11.33264799131221,63.340423674151005,280.7235322483759,48118.88681914299,4.0549556851204525
2.9233401450868377,2.5461349650756326,11.405043360616432,63.850948553519395,289.9805157961716,50971.72375216619,3.9606543901176496
3.0176414400896387,2.5461349650756326,11.44352483630536,63.99967528260301,289.3243077939765,50419.39647340298,3.866353095114849
3.11194273509244,2.5461349650756326,11.499584665245129,64.33066589696043,292.6192494840447,51159.407218601904,3.7720518001120484
3.2062440300952413,2.5461349650756326,11.5568007949172,64.66752899692281,297.220422560175,52365.94144019881,3.677750505109246
3.3005453250980423,2.5461349650756326,11.622025516081695,65.16088727631929,302.9973486815104,53850.87899338481,3.5834492101064455
3.394846620100844,2.5461349650756326,11.687333744506104,65.50228947295531,308.12204628651773,55221.43118154083,3.489147915103644
3.489147915103645,2.5461349650756326,11.753720986193237,66.03708840559945,313.36553857587336,56420.46254528023,3.3948466201008425
3.583449210106446,2.5461349650756326,11.821632973948688,66.40576071391729,317.44976869160047,57255.90538054803,3.300545325098042
3.6777505051092474,2.5461349650756326,11.892552158823962,66.88150147270689,326.0378935379122,59850.713643095776,3.2062440300952404
3.772051800112048,2.5461349650756326,11.961549363229947,67.27940758792234,328.284358767654,59843.464039182094,3.11194273509244
3.8663530951148495,2.5461349650756326,12.035323391988983,67.79307939708222,331.0243065244746,60003.443168456,3.0176414400896383
3.960654390117651,2.5461349650756326,12.099779164540749,68.26670566782073,338.02781172028045,61987.80432594317,2.923340145086837
4.0549556851204525,2.5461349650756326,12.192242276870786,68.93987247158825,343.4799447420727,62877.03889404801,2.8290388500840353
4.149256980123253,2.5461349650756326,12.270691884874534,69.46414830191658,353.54220740014466,65910.01987252102,2.7347375550812347
4.2435582751260545,2.5461349650756326,12.360535549635417,70.25498237793278,365.5681865674581,69381.39534462642,2.6404362600784332
4.337859570128856,2.5461349650756326,12.421787795180704,70.57064652740897,367.3530261784787,69336.5987495649,2.5461349650756318
4.432160865131657,2.5461349650756326,12.51447829703542,71.27814128992647,379.2555035352665,72767.06673365751,2.451833670072831
4.526462160134458,2.5461349650756326,12.604123543082478,71.97303761190629,384.40563268743966,73545.3989933048,2.3575323750700297
4.62076345513726,2.5461349650756326,12.690989320703675,72.64438272731388,395.1704432008246,76547.82702704826,2.263231080067228
4.71506475014006,2.5461349650756326,12.790799315583264,73.33038072356985,404.6336013620798,78866.14850142885,2.1689297850644276
4.809366045142862,2.5461349650756326,12.876223534049636,73.92295109382337,414.3840003990387,81578.68072880643,2.074628490061626
4.903667340145663,2.5461349650756326,12.961984274208824,74.56445701652761,418.95358820613114,82102.17355020372,1.9803271950588246
4.997968635148464,2.5461349650756326,13.059226903086174,75.24802386428738,427.4659970982799,83938.77248573469,1.886025900056024
5.092269930151265,2.5461349650756326,13.15489786765446,76.03775090385287,443.952314047868,89057.94237816341,1.7917246050532225
5.186571225154067,2.5461349650756326,13.251415747619133,76.73640208779504,464.0386614082131,95598.75165567652,1.697423310050421
5.280872520156867,2.5461349650756326,13.341009224621066,77.37187744977152,460.58312218660166,92821.33232599354,1.6031220150476204
5.375173815159669,2.5461349650756326,13.458033216393876,78.41808267452609,475.0105892100876,96461.31486486515,1.508820720044819
5.46947511016247,2.5461349650756326,13.542396812028134,78.96645412832177,486.5357376612666,99909.26864171604,1.4145194250420174
5.563776405165272,2.5461349650756326,13.639994026389733,79.64582710696476,488.3802544599339,99047.35243842375,1.320218130039216
5.658077700168072,2.5461349650756326,13.743203840463329,80.4777412394456,500.1904275646343,101968.24270766469,1.2259168350364154
5.752378995170874,2.5461349650756326,13.823636877244605,80.99996787872874,513.2971265910355,105969.6486686054,1.1316155400336139
5.846680290173675,2.5461349650756326,13.956502449939128,82.0762933245361,531.8184053781888,111023.50466224304,1.0373142450308124
5.940981585176476,2.5461349650756326,14.05765315593846,82.73400362720443,534.3581489518797,110359.97764983536,0.9430129500280118
6.0352828801792775,2.5461349650756326,14.1546752101465,83.54967760477741,543.8452816577105,112435.74771321396,0.8487116550252103
6.129584175182079,2.5461349650756326,14.267932881455735,84.50979318822276,563.107094990614,118013.94702336208,0.7544103600224088
6.22388547018488,2.5461349650756326,14.37221569000549,85.33812339918707,581.3407687357462,123504.00550772587,0.6601090650196082
6.318186765187681,2.5461349650756326,14.483895223239982,86.11020248202553,586.6420831069343,123706.01075427422,0.5658077700168067
6.412488060190483,2.5461349650756326,14.5815591083392,86.80935478692797,596.0957919654626,125858.70268973622,0.4715064750140052
6.506789355193283,2.5461349650756326,14.70327635577044,87.88532549070666,620.8251012045943,133323.4858935696,0.3772051800112046
6.601090650196085,2.5461349650756326,14.803434387248766,88.67685357250522,632.6704050929625,136265.17024749442,0.28290388500840313
6.695391945198886,2.5461349650756326,14.920622777818313,89.43976893282354,651.6545879999284,141595.3629462989,0.18860259000560164
6.789693240201688,2.5461349650756326,15.020256103730643,90.20749857257786,648.9755938404641,138727.03868277022,0.09430129500280016
6.883994535204488,2.5461349650756326,15.141985698918978,91.24359632516703,684.4655256377923,150450.6258325627,-4.440892098500626e-16
0.0,2.6404362600784337,11.427798700194808,69.69774570659382,343.9019426674122,57965.53963746137,6.789693240201687
0.0943012950028012,2.6404362600784337,11.380906230597148,69.24809449926701,343.65264534175856,59380.37716936676,6.695391945198886
0.1886025900056024,2.6404362600784337,11.316659242880856,68.47230380338884,331.839926535263,56592.977391592365,6.601090650196084
0.2829038850084036,2.6404362600784337,11.25726715166585,67.81481322267908,325.1424611991795,55596.82721115594,6.506789355193283
0.3772051800112048,2.6404362600784337,11.226678212984943,67.34734538532993,320.04453391506905,54759.408724498506,6.412488060190483
0.471506475014006,2.6404362600784337,11.174595658138593,66.61136495614562,314.21306961689066,54061.86004042531,6.31818676518768
0.5658077700168073,2.6404362600784337,11.142964326219166,66.14923888533978,307.63298386284873,52502.587128511346,6.22388547018488
0.6601090650196084,2.6404362600784337,11.0971138005345,65.51525487568222,301.3038836169554,51378.46307017383,6.129584175182079
0.7544103600224097,2.6404362600784337,11.086742825787423,65.14491366505631,296.67652620672163,50311.63932972578,6.035282880179277
0.848711655025211,2.6404362600784337,11.05521512892399,64.65066459664158,291.68582831251507,49374.59908219792,5.940981585176476
0.943012950028012,2.6404362600784337,11.044866100882436,64.38863952048702,291.29897681274815,49842.13114534822,5.846680290173675
1.0373142450308133,2.6404362600784337,11.019036921992472,63.934757469635585,287.33934135784745,49167.266087684,5.752378995170873
1.1316155400336143,2.6404362600784337,11.01500913672833,63.646599355178665,282.430087140271,47784.22117014451,5.658077700168072
1.2259168350364158,2.6404362600784337,11.004923789585265,63.286153626274555,279.0935995977012,47074.30316564647,5.563776405165272
1.3202181300392168,2.6404362600784337,11.015094440135634,63.22353523299401,278.5545920572154,47068.252402768274,5.4694751101624695
1.414519425042018,2.6404362600784337,11.006803354200423,62.90953640682538,277.020379937568,47065.703293066326,5.375173815159669
1.5088207200448194,2.6404362600784337,11.013490112310352,62.77931275626368,282.2075526673946,49418.32031965147,5.280872520156867
1.6031220150476206,2.6404362600784337,11.024515459339304,62.6563935150482,274.03028430398984,46448.22989039641,5.186571225154066
1.697423310050422,2.6404362600784337,11.042998717616062,62.65231152149771,274.28969127364803,46604.04003221891,5.092269930151265
1.791724605053223,2.6404362600784337,11.055170373092816,62.47235564431707,271.4668010679917,45712.03725549785,4.997968635148464
1.886025900056024,2.6404362600784337,11.079823704904726,62.52250805292507,271.83976022144594,45818.29530143964,4.903667340145662
1.9803271950588257,2.6404362600784337,11.102085950605796,62.534290785789,272.07622522041385,45979.70534799721,4.809366045142861
2.0746284900616265,2.6404362600784337,11.12674985937313,62.493379735652,273.29196818552214,46489.841394820505,4.71506475014006
2.168929785064428,2.6404362600784337,11.163856159822402,62.640215331447614,271.51453942802965,45538.109699159715,4.620763455137259
2.263231080067229,2.6404362600784337,11.193630235709495,62.67621015002746,272.5961456491888,45889.254959616344,4.526462160134458
2.35753237507003,2.6404362600784337,11.240699768029712,62.95751077737203,278.7673872323477,47938.15179072807,4.432160865131657
2.4518336700728316,2.6404362600784337,11.2659046227537,62.95216404992885,275.20872995878136,46423.46028042082,4.337859570128855
2.5461349650756326,2.6404362600784337,11.31757976009684,63.19478634976089,279.81118380690066,47822.02043803671,4.2435582751260545
2.6404362600784337,2.6404362600784337,11.353894026600338,63.36489208261062,280.65276298439557,47901.1298864936,4.149256980123253
2.734737555081235,2.6404362600784337,11.41599943979295,63.75685648683287,282.32281981387314,47828.7858061029,4.054955685120452
2.829038850084036,2.6404362600784337,11.46311860233022,63.97975621968588,286.7685657637737,49235.81383749361,3.960654390117651
2.9233401450868377,2.6404362600784337,11.510122866597662,64.21101186738296,288.92461090897274,49708.00587944262,3.8663530951148486
3.0176414400896387,2.6404362600784337,11.578687809250075,64.60909670436762,292.7143924571322,50469.79286213494,3.772051800112048
3.11194273509244,2.6404362600784337,11.620001034455663,64.83414507594601,297.1569697658489,51880.32896323313,3.6777505051092474
3.2062440300952413,2.6404362600784337,11.69298056525902,65.29876521337499,302.49603982439334,53168.67087672758,3.583449210106445
3.3005453250980423,2.6404362600784337,11.756133457400352,65.65848327683466,304.5125127833533,53213.90186362655,3.4891479151036444
3.394846620100844,2.6404362600784337,11.829610931778983,66.15013019387816,311.32039517467103,55017.33759903437,3.394846620100843
3.489147915103645,2.6404362600784337,11.897018323120603,66.68972240593756,321.47380101463165,58244.39508468711,3.3005453250980414
3.583449210106446,2.6404362600784337,11.961139476946286,67.01890380231971,322.8987646177581,58115.44634951757,3.206244030095241
3.6777505051092474,2.6404362600784337,12.0355639572645,67.53944011713655,333.0595694773112,61290.7463229764,3.1119427350924393
3.772051800112048,2.6404362600784337,12.107535252238566,68.05554994521962,333.8537557427237,60568.07661095433,3.0176414400896387
3.8663530951148495,2.6404362600784337,12.184828813719568,68.54295573454132,335.71013602500193,60339.637480163736,2.9233401450868373
3.960654390117651,2.6404362600784337,12.267139495131335,69.1682944242212,348.2301899111289,64207.20429534463,2.8290388500840358
4.0549556851204525,2.6404362600784337,12.351611529028675,69.78371318553562,360.2351416486786,67928.85209536302,2.7347375550812343
4.149256980123253,2.6404362600784337,12.420116296620966,70.16731068441298,364.0664640524336,68585.66396942853,2.6404362600784337
4.2435582751260545,2.6404362600784337,12.508910585141736,70.84708090935833,370.3637742022458,69811.93484925959,2.546134965075632
4.337859570128856,2.6404362600784337,12.588831964310678,71.44359345425758,377.2746772961085,71443.64319726401,2.4518336700728307
4.432160865131657,2.6404362600784337,12.684290755703977,72.02948564590187,383.9751524693891,72799.40307729907,2.35753237507003
4.526462160134458,2.6404362600784337,12.759970393875678,72.65406121109956,402.2726896382171,79001.73742186691,2.2632310800672286
4.62076345513726,2.6404362600784337,12.867275976262707,73.49818145268449,400.2973712944378,76522.11289283773,2.168929785064427
4.71506475014006,2.6404362600784337,12.94593384853039,73.92535163317854,412.1890973931586,80274.05159742427,2.0746284900616265
4.809366045142862,2.6404362600784337,13.048806555380152,74.67659592854112,422.84446264926896,83051.11141895462,1.980327195058825
4.903667340145663,2.6404362600784337,13.14296761016691,75.42061341496985,431.1055387756267,84862.13621648769,1.8860259000560236
4.997968635148464,2.6404362600784337,13.220909261596804,76.01449345882477,435.7568619294713,85491.39982818815,1.791724605053223
5.092269930151265,2.6404362600784337,13.317204929228843,76.66525258002342,442.60154593284193,86788.93374058645,1.6974233100504215
5.186571225154067,2.6404362600784337,13.409261931845313,77.34618822737468,458.05573169885616,91535.24632218597,1.60312201504762
5.280872520156867,2.6404362600784337,13.523361035848357,78.25015663870755,475.7812642228647,96729.03892058977,1.5088207200448194
5.375173815159669,2.6404362600784337,13.608253644638918,78.73805770048577,468.87203615731744,92749.8186967804,1.4145194250420179
5.46947511016247,2.6404362600784337,13.71894540337976,79.64848594107536,484.62961446130873,97132.60218839634,1.3202181300392164
5.563776405165272,2.6404362600784337,13.824575238899858,80.59822369837204,501.7978332030961,102089.5868404687,1.225916835036415
5.658077700168072,2.6404362600784337,13.918882763487032,81.16249220068852,506.272018815986,102397.1005845254,1.1316155400336143
5.752378995170874,2.6404362600784337,14.027625084073923,82.00629726213612,530.7528817117634,110375.53331098775,1.0373142450308128
5.846680290173675,2.6404362600784337,14.133269232090605,82.91942862584244,544.8413400223894,114175.859127052,0.9430129500280113
5.940981585176476,2.6404362600784337,14.245783546554245,83.75662073030009,551.427873443343,114910.52929727155,0.8487116550252107
6.0352828801792775,2.6404362600784337,14.345056862616897,84.46554753738641,564.1981425615401,118294.00190649276,0.7544103600224092
6.129584175182079,2.6404362600784337,14.444521426280971,85.26025407968521,574.5606684320683,120527.52666641989,0.6601090650196078
6.22388547018488,2.6404362600784337,14.551848761206308,85.96347017120256,574.6239120430454,118773.53053581166,0.5658077700168072
6.318186765187681,2.6404362600784337,14.667029619708842,86.8359125281626,596.5026284049027,125512.64910385184,0.47150647501400567
6.412488060190483,2.6404362600784337,14.774752447389783,87.75661400755803,606.1017366296733,127240.96794025964,0.3772051800112042
6.506789355193283,2.6404362600784337,14.881442638708029,88.56174508126894,623.4112858612315,132219.40097421064,0.2829038850084036
6.601090650196085,2.6404362600784337,15.003829522065496,89.6003580335298,663.839259018695,146059.30870294367,0.1886025900056021
6.695391945198886,2.6404362600784337,15.101056201063235,90.23386210909068,661.0366687606137,143106.93208909215,0.0943012950028006
6.789693240201688,2.6404362600784337,15.197846217442825,90.94582270420592,670.765389673749,145352.42173780376,-8.881784197001252e-16
0.0,2.734737555081235,11.444304925312885,69.91776506067072,349.3242017503532,59770.711259101845,6.695391945198885
0.0943012950028012,2.734737555081235,11.392947981834496,69.3443489403827,342.3115964497712,58681.951530141974,6.601090650196085
0.1886025900056024,2.734737555081235,11.334658005485734,68.61302832063764,334.078584563739,57207.294865817894,6.506789355193282
0.2829038850084036,2.734737555081235,11.292848683397018,67.91581106023308,324.87265559957444,55161.48004582754,6.412488060190482
0.3772051800112048,2.734737555081235,11.245115483049716,67.37906467352164,320.6032243092726,54876.02802130312,6.318186765187681
0.471506475014006,2.734737555081235,11.215284448566338,66.90284846372933,315.80344353028806,54107.74897767529,6.223885470184879
0.5658077700168073,2.734737555081235,11.183957613473734,66.29735547833157,311.38594711874856,53601.73822036132,6.129584175182078
0.6601090650196084,2.734737555081235,11.158340464423446,65.91874626000923,306.06994380524236,52488.70355192771,6.0352828801792775
0.7544103600224097,2.734737555081235,11.129470214947151,65.42940042064089,300.57337324682135,51357.84602123057,5.940981585176475
0.848711655025211,2.734737555081235,11.108492755585832,64.93469568982837,296.0886172805003,50540.30920260536,5.8466802901736745
0.943012950028012,2.734737555081235,11.087257420792444,64.48703476811276,292.7568599960372,50143.10294876347,5.752378995170874
1.0373142450308133,2.734737555081235,11.089770569288536,64.29276200190809,290.3467684185332,49655.893991458135,5.6580777001680715
1.1316155400336143,2.734737555081235,11.07855160902414,63.91718511447591,286.69861469959164,48888.95641456868,5.563776405165271
1.2259168350364158,2.734737555081235,11.087832817378787,63.83215075855047,285.3618965524152,48659.5016275964,5.46947511016247
1.3202181300392168,2.734737555081235,11.08497540916788,63.55309147162769,283.23381336599596,48287.61743030379,5.375173815159668
1.414519425042018,2.734737555081235,11.079805955328856,63.26359911540219,279.3071407438665,47279.42138770009,5.280872520156867
1.5088207200448194,2.734737555081235,11.09219603321479,63.167894839768344,277.21276168084506,46702.38088140476,5.186571225154066
1.6031220150476206,2.734737555081235,11.10628623382029,63.00594179038699,276.61958494076873,46693.47813203318,5.092269930151264
1.697423310050422,2.734737555081235,11.133737590282417,63.05978869603801,275.6574614112416,46296.31859705272,4.997968635148464
1.791724605053223,2.734737555081235,11.147343629169956,62.91984571402622,274.34488527330205,46004.90735618905,4.903667340145662
1.886025900056024,2.734737555081235,11.185683515245222,63.10043511040066,276.97888460852874,46825.321569290754,4.809366045142861
1.9803271950588257,2.734737555081235,11.197757189425644,62.982755369167975,275.20309028353404,46295.55987649357,4.715064750140059
2.0746284900616265,2.734737555081235,11.235268647578144,63.04709276723762,276.3880232487122,46589.25285000689,4.620763455137259
2.168929785064428,2.734737555081235,11.267941405084736,63.09458571002426,276.7831757283939,46685.156350565165,4.526462160134457
2.263231080067229,2.734737555081235,11.30741744593549,63.24737047545382,278.0567022887258,46924.10514137213,4.432160865131657
2.35753237507003,2.734737555081235,11.34260187244907,63.32665836209082,278.4496067606112,46858.998153372755,4.337859570128855
2.4518336700728316,2.734737555081235,11.39031846106838,63.56092685958329,280.25586844786375,47187.103296814785,4.243558275126054
2.5461349650756326,2.734737555081235,11.42778950157293,63.81127777034146,286.76374297975616,49500.790561263835,4.149256980123253
2.6404362600784337,2.734737555081235,11.489132260784086,64.07249161196683,286.5410556792572,48821.63461772601,4.054955685120452
2.734737555081235,2.734737555081235,11.52179276479649,64.08019446919023,285.2908109733516,48230.94378922069,3.96065439011765
2.829038850084036,2.734737555081235,11.585051644838424,64.50901524131469,290.3573323213231,49541.28439846638,3.8663530951148495
2.9233401450868377,2.734737555081235,11.639636566122396,64.78072778888519,293.29683373708446,50168.89797178008,3.772051800112047
3.0176414400896387,2.734737555081235,11.696685307402465,65.10292073891992,297.0453231186341,51098.59737642271,3.6777505051092465
3.11194273509244,2.734737555081235,11.764790854303438,65.50008378418073,300.30350289805244,51676.06623409887,3.583449210106446
3.2062440300952413,2.734737555081235,11.830122019457994,65.97546475781058,308.4019642786271,54093.0570928746,3.4891479151036435
3.3005453250980423,2.734737555081235,11.89889387944384,66.27114910701889,311.33534606327737,54580.06481165755,3.394846620100843
3.394846620100844,2.734737555081235,11.963617834413114,66.80647246817735,315.8535792726172,55556.452167923184,3.3005453250980414
3.489147915103645,2.734737555081235,12.034159149252163,67.2031116187907,322.0655706342825,57202.08111671797,3.20624403009524
3.583449210106446,2.734737555081235,12.107711979586842,67.65290106845596,325.1438881208731,57527.94584783373,3.1119427350924393
3.6777505051092474,2.734737555081235,12.179234566719122,68.17638493554948,338.48693912759353,61979.49260693993,3.017641440089638
3.772051800112048,2.734737555081235,12.250576907131183,68.65342477315298,341.095830110751,62051.104742757845,2.9233401450868373
3.8663530951148495,2.734737555081235,12.339001195101115,69.24668631744741,347.06840885245265,63326.26418438644,2.8290388500840358
3.960654390117651,2.734737555081235,12.416068072537437,69.749180119978,352.28531261236003,64341.07105506871,2.7347375550812343
4.0549556851204525,2.734737555081235,12.493614209030971,70.36003756617467,361.62802072162094,67033.52157439533,2.640436260078433
4.149256980123253,2.734737555081235,12.58421677974468,71.0130144528654,370.5662224413243,69325.20808647622,2.546134965075632
4.2435582751260545,2.734737555081235,12.6566432090342,71.42404000260436,371.0111847086802,68616.70010409236,2.4518336700728307
4.337859570128856,2.734737555081235,12.745310323409363,71.95667719352677,381.17990924496337,71542.09586050952,2.357532375070029
4.432160865131657,2.734737555081235,12.83653059937886,72.74883197298044,390.30497038338734,73623.98494825515,2.2632310800672286
4.526462160134458,2.734737555081235,12.923036611652774,73.27158364127325,395.02521209684926,74469.48625535934,2.168929785064427
4.62076345513726,2.734737555081235,13.014829450281017,74.01378669430031,403.6565535694932,76447.36498863943,2.0746284900616256
4.71506475014006,2.734737555081235,13.109026949706644,74.69224516879763,416.2066354920032,80132.18000963895,1.980327195058825
4.809366045142862,2.734737555081235,13.1949728486653,75.30400535962062,430.66683304484815,84636.14191084354,1.8860259000560236
4.903667340145663,2.734737555081235,13.292774238005103,75.94436645242942,428.16910910139103,82158.88071541692,1.791724605053222
4.997968635148464,2.734737555081235,13.40186020678605,76.8295094405211,449.4200815888946,88875.2911602752,1.6974233100504215
5.092269930151265,2.734737555081235,13.48698444141615,77.38779273223489,452.7162330170256,88895.2647086936,1.60312201504762
5.186571225154067,2.734737555081235,13.582485888421056,78.17233475329091,468.3847219500528,93724.05782086051,1.5088207200448185
5.280872520156867,2.734737555081235,13.684300363416249,78.87252875440915,472.1367857165949,93527.6779711758,1.4145194250420179
5.375173815159669,2.734737555081235,13.786309177867118,79.66526918973673,485.3306978360009,97156.53841630137,1.3202181300392164
5.46947511016247,2.734737555081235,13.900448160829074,80.51030304029558,496.6666492444938,99786.1611623484,1.225916835036415
5.563776405165272,2.734737555081235,13.992852894466257,81.18575496060052,515.5530251388835,105838.4994952102,1.1316155400336134
5.658077700168072,2.734737555081235,14.10469470180417,82.08829401123268,522.4691850960492,106667.88354989995,1.0373142450308128
5.752378995170874,2.734737555081235,14.190751709005475,82.61419533552719,527.4863252982617,107388.34290360098,0.9430129500280113
5.846680290173675,2.734737555081235,14.308619217668122,83.4449967081299,544.8413207068121,112329.0568604809,0.8487116550252098
5.940981585176476,2.734737555081235,14.40723966368289,84.3966408292494,562.2485349825031,117411.94923028152,0.7544103600224092
6.0352828801792775,2.734737555081235,14.524245630121246,85.24663247129351,571.7318472476585,119033.1548934448,0.6601090650196078
6.129584175182079,2.734737555081235,14.626192048901906,85.95060321080598,593.0777485299923,125891.80950472636,0.5658077700168063
6.22388547018488,2.734737555081235,14.742724972873576,86.8077552436449,588.2444825978378,121939.38310909831,0.47150647501400567
6.318186765187681,2.734737555081235,14.840261603880352,87.6435935424796,614.6116697343843,130608.23235046514,0.3772051800112042
6.412488060190483,2.734737555081235,14.939962077749064,88.15709869046722,610.2103991133478,127275.21698362344,0.2829038850084027
6.506789355193283,2.734737555081235,15.06283998457496,89.27414251905742,634.066446008827,134424.40519006434,0.1886025900056021
6.601090650196085,2.734737555081235,15.177441419852364,90.13307847319535,644.0551627035935,136005.85658765613,0.0943012950028006
6.695391945198886,2.734737555081235,15.28045517147708,90.75805843586204,649.1951926193811,136507.9125566456,-8.881784197001252e-16
0.0,2.829038850084036,11.46058506186855,69.98975585637046,347.7005741753408,58826.04290387395,6.601090650196085
0.0943012950028012,2.829038850084036,11.409463808975485,69.37353414366781,341.58094358369885,58119.64933484246,6.506789355193284
0.1886025900056024,2.829038850084036,11.366810239459731,68.75764664354715,335.5370105698926,57356.28008858213,6.412488060190482
0.2829038850084036,2.829038850084036,11.32638511769667,68.11336903140011,327.93711844294415,55830.15078980727,6.318186765187681
0.3772051800112048,2.829038850084036,11.280119566443952,67.54475072164172,322.897038903201,55395.12296589984,6.2238854701848805
0.471506475014006,2.829038850084036,11.254532955535538,67.10161296556538,317.67884195313036,54382.867008867695,6.129584175182078
0.5658077700168073,2.829038850084036,11.229609095868316,66.58922075749929,311.4111992432765,53004.786520161,6.0352828801792775
0.6601090650196084,2.829038850084036,11.200114160541204,66.08886386508186,306.6598184434932,52330.51423081148,5.940981585176477
0.7544103600224097,2.829038850084036,11.19074096795332,65.74744024692487,303.93534820153326,52024.35751785673,5.8466802901736745
0.848711655025211,2.829038850084036,11.175742729179882,65.36813950641964,301.39624959608943,51839.48890282649,5.752378995170874
0.943012950028012,2.829038850084036,11.15291651435134,64.86749554667614,296.36791665256715,50864.55203697872,5.658077700168073
1.0373142450308133,2.829038850084036,11.14208509020354,64.51675894868949,290.6269505358625,49233.64257632629,5.563776405165271
1.1316155400336143,2.829038850084036,11.154558649551875,64.42981485152097,291.149877609264,49746.676570518015,5.46947511016247
1.2259168350364158,2.829038850084036,11.158589286494797,64.16753061788047,287.2880672748811,48744.10142077663,5.37517381515967
1.3202181300392168,2.829038850084036,11.15016877975994,63.83252466637353,285.5735984238265,48644.1368071029,5.280872520156867
1.414519425042018,2.829038850084036,11.17271738910024,63.706121658805976,281.4836039971618,47213.09865434393,5.186571225154067
1.5088207200448194,2.829038850084036,11.180646017382667,63.563186701061305,280.43261597410225,47100.73752163622,5.092269930151264
1.6031220150476206,2.829038850084036,11.194449648618948,63.43927369535643,279.2824752410593,46955.68269789112,4.997968635148464
1.697423310050422,2.829038850084036,11.2284989901839,63.53276063109487,282.88155811774055,48185.692991063304,4.903667340145663
1.791724605053223,2.829038850084036,11.25427649624456,63.55114958744403,282.29150126502157,47999.25890303347,4.809366045142861
1.886025900056024,2.829038850084036,11.265014167492794,63.33555171845684,277.1837490083411,46235.5788896753,4.71506475014006
1.9803271950588257,2.829038850084036,11.299388840114364,63.41155891552968,277.6339920957121,46315.318695173606,4.620763455137258
2.0746284900616265,2.829038850084036,11.33813034197324,63.537361889266066,280.62608473737475,47296.27531947094,4.526462160134457
2.168929785064428,2.829038850084036,11.38570858128158,63.80354028535327,284.71274334911794,48515.325465283655,4.432160865131657
2.263231080067229,2.829038850084036,11.417955174422849,63.76606375349069,281.68230746423944,47293.75675028801,4.337859570128856
2.35753237507003,2.829038850084036,11.454642031654972,63.83827647362971,281.2815514327128,46974.89826411136,4.243558275126054
2.4518336700728316,2.829038850084036,11.503220926472126,64.08470653299948,286.4768157075939,48609.78818781925,4.149256980123253
2.5461349650756326,2.829038850084036,11.562171442613566,64.43422501203005,288.1915853332578,48684.9611122414,4.0549556851204525
2.6404362600784337,2.829038850084036,11.604253424368968,64.62014138086256,294.242471992138,50746.77331593318,3.9606543901176505
2.734737555081235,2.829038850084036,11.6516662730482,64.7511762675237,293.47470400345827,50156.69951016028,3.866353095114849
2.829038850084036,2.829038850084036,11.715259321577957,65.09571244057108,298.0414401588056,51360.33148975763,3.7720518001120484
2.9233401450868377,2.829038850084036,11.780092278298335,65.56868616981185,306.6916824613452,53999.81828917186,3.677750505109246
3.0176414400896387,2.829038850084036,11.831888132450732,65.79540775250288,304.4786402219609,52680.58144633655,3.5834492101064455
3.11194273509244,2.829038850084036,11.888104830510557,66.04575060808197,306.5444957740686,52928.98922204744,3.489147915103645
3.2062440300952413,2.829038850084036,11.96233683580618,66.57899377410266,310.04483674720143,53406.88068738265,3.3948466201008425
3.3005453250980423,2.829038850084036,12.04300380332619,67.05176687699011,316.6639382253039,55084.2164171299,3.300545325098042
3.394846620100844,2.829038850084036,12.1042074780211,67.4050863220206,319.9844207687466,55783.92001498134,3.2062440300952404
3.489147915103645,2.829038850084036,12.168329184679632,67.82055717735027,326.30116450843315,57592.716324787754,3.111942735092439
3.583449210106446,2.829038850084036,12.248443296399865,68.31175631506989,335.02868535340656,60075.86972797123,3.0176414400896383
3.6777505051092474,2.829038850084036,12.325030243331994,68.86419456303702,337.41253151358836,60023.61906953199,2.923340145086837
3.772051800112048,2.829038850084036,12.41296378268064,69.53909985664178,347.74583476917877,62879.86536828943,2.829038850084036
3.8663530951148495,2.829038850084036,12.478460044381288,69.8396414346037,350.4894528106456,63299.61988929917,2.7347375550812347
3.960654390117651,2.829038850084036,12.571493685218806,70.50699135138161,358.66813294859026,65253.61011397597,2.6404362600784332
4.0549556851204525,2.829038850084036,12.642507569902612,70.92214157014931,367.10321535867894,67756.6103798779,2.5461349650756318
4.149256980123253,2.829038850084036,12.733381832340458,71.58478056624809,373.8536994305323,69142.23178869032,2.451833670072831
4.2435582751260545,2.829038850084036,12.82186858186554,72.15998886181534,376.3566790423404,68982.68179861612,2.3575323750700297
4.337859570128856,2.829038850084036,12.900614018453414,72.70579758525754,384.4004446794407,71109.48950402303,2.263231080067228
4.432160865131657,2.829038850084036,13.00026792531473,73.42886011587643,399.6073949778529,75709.77866462,2.1689297850644276
4.526462160134458,2.829038850084036,13.09683806176717,74.2034655245209,403.58186267512593,75793.25294910834,2.074628490061626
4.62076345513726,2.829038850084036,13.179449122631372,74.68137111915368,411.1941586357174,77683.74572361275,1.9803271950588246
4.71506475014006,2.829038850084036,13.27887311853278,75.5166624191658,431.851984659836,84376.56293213766,1.886025900056024
4.809366045142862,2.829038850084036,13.35750463342763,75.95091421602656,432.10696111388575,83466.7262659175,1.7917246050532225
4.903667340145663,2.829038850084036,13.470871355467352,76.91537530933974,448.0838139661706,87918.09580380312,1.697423310050421
4.997968635148464,2.829038850084036,13.5694197290409,77.55608577703418,456.5445103419257,89868.49349690089,1.6031220150476204
5.092269930151265,2.829038850084036,13.653140231361805,78.13148029482949,455.4271803353096,88154.56667682626,1.508820720044819
5.186571225154067,2.829038850084036,13.763035631426137,78.92665995939834,470.2615011524165,92405.36845117308,1.4145194250420174
5.280872520156867,2.829038850084036,13.861595919078091,79.68480537389877,479.2262130283335,94270.81904831724,1.3202181300392168
5.375173815159669,2.829038850084036,13.966597827290672,80.45107680606928,495.7282859228632,99183.09893713452,1.2259168350364154
5.46947511016247,2.829038850084036,14.06208839181148,81.12334912335342,500.92470158445377,99776.70682661078,1.1316155400336139
5.563776405165272,2.829038850084036,14.163753540962013,81.88500205201149,511.6178828937311,102296.99141898863,1.0373142450308124
5.658077700168072,2.829038850084036,14.255525452109,82.42043951175611,514.0472579530793,101961.3962199124,0.9430129500280118
5.752378995170874,2.829038850084036,14.37805865641086,83.47650331117396,539.8318174182785,109927.2587391987,0.8487116550252103
5.846680290173675,2.829038850084036,14.47465723488731,84.12104937740912,548.1040505656101,111751.4180991792,0.7544103600224088
5.940981585176476,2.829038850084036,14.591144699125373,85.10276768656064,564.0741355703994,116004.534739875,0.6601090650196082
6.0352828801792775,2.829038850084036,14.69280123358251,85.78207828101512,575.3286681142935,118764.0141143477,0.5658077700168067
6.129584175182079,2.829038850084036,14.813555762980556,86.75756757651573,580.8905455032201,118666.05727518348,0.4715064750140052
6.22388547018488,2.829038850084036,14.900817582514158,87.26945347443234,587.0312867933013,119818.41535879616,0.3772051800112046
6.318186765187681,2.829038850084036,15.022925915177725,88.2060136442687,630.8167236349562,135168.8315739512,0.28290388500840313
6.412488060190483,2.829038850084036,15.111656504292974,88.7472250270029,613.131880306026,126394.95535541678,0.18860259000560164
6.506789355193283,2.829038850084036,15.238335022701088,89.84961349133926,635.9471882491857,133085.55805243118,0.09430129500280104
6.601090650196085,2.829038850084036,15.356381187870088,90.73890262442704,647.2992131111499,135488.32672930678,-4.440892098500626e-16
0.0,2.9233401450868377,11.47745659500009,70.20878967004235,350.18100045973796,59420.50100482585,6.506789355193282
0.0943012950028012,2.9233401450868377,11.42634428721255,69.46395054547816,344.51163296483264,59098.24103550811,6.412488060190482
0.1886025900056024,2.9233401450868377,11.38914829981188,68.83078543974126,334.2066500303963,56581.71061070339,6.318186765187679
0.2829038850084036,2.9233401450868377,11.341266099700183,68.24422511235093,329.1711356024823,56133.65016084688,6.223885470184879
0.3772051800112048,2.9233401450868377,11.326172864273424,67.91942466408385,324.56161308700763,55297.04307047113,6.129584175182078
0.471506475014006,2.9233401450868377,11.291539819200704,67.26000991905534,319.89738418790574,54895.39008513811,6.035282880179276
0.5658077700168073,2.9233401450868377,11.270764005558538,66.77443104722387,313.0907870690353,53271.27219342733,5.940981585176475
0.6601090650196084,2.9233401450868377,11.262250584977616,66.44338859581067,310.9806214819935,53285.91854184304,5.8466802901736745
0.7544103600224097,2.9233401450868377,11.238498889761132,65.92592048902604,304.8049915100676,51924.72296247983,5.752378995170872
0.848711655025211,2.9233401450868377,11.23838535705359,65.66451679816119,300.56388434140405,50820.59021579916,5.6580777001680715
0.943012950028012,2.9233401450868377,11.21974818528034,65.2939565494692,299.0363871725655,51101.551451834646,5.563776405165271
1.0373142450308133,2.9233401450868377,11.234397062803763,65.1356618007902,297.591143681855,50825.44551230719,5.469475110162469
1.1316155400336143,2.9233401450868377,11.227293292840413,64.74708042364203,292.58448085932724,49582.99690393649,5.375173815159668
1.2259168350364158,2.9233401450868377,11.232069871286946,64.50366766567149,289.8562954766256,48996.81829683264,5.280872520156867
1.3202181300392168,2.9233401450868377,11.23864747519267,64.31264381936045,288.1430684023499,48742.63786469306,5.186571225154065
1.414519425042018,2.9233401450868377,11.259857870886384,64.20757928084373,288.3671734927373,49024.205465679275,5.092269930151264
1.5088207200448194,2.9233401450868377,11.26538700063944,63.980786245508824,283.8289806270659,47643.99658677219,4.997968635148464
1.6031220150476206,2.9233401450868377,11.290238514779816,64.02765366642865,288.3982495588694,49455.7969152538,4.903667340145661
1.697423310050422,2.9233401450868377,11.31431709217942,63.89832269903635,282.13992548086645,47138.67628812916,4.809366045142861
1.791724605053223,2.9233401450868377,11.338441887112332,63.814285020846114,282.12238754344133,47238.05971433695,4.71506475014006
1.886025900056024,2.9233401450868377,11.3860697159057,64.04839467177487,286.9309623382024,48768.77184753678,4.620763455137258
1.9803271950588257,2.9233401450868377,11.407324227653888,64.03411347323603,285.45341202079095,48272.60868466795,4.526462160134457
2.0746284900616265,2.9233401450868377,11.452881911658258,64.10967051818155,283.9491309441957,47442.54535089537,4.432160865131657
2.168929785064428,2.9233401450868377,11.480244480867178,64.13410744162216,285.26956293027587,47945.03255897717,4.337859570128854
2.263231080067229,2.9233401450868377,11.532717206283191,64.4094108798413,288.6522824037818,48807.6341578016,4.243558275126054
2.35753237507003,2.9233401450868377,11.576551407469868,64.56016941560551,287.7379170035186,48162.32434287417,4.149256980123253
2.4518336700728316,2.9233401450868377,11.62520159822702,64.75259820069307,293.88840063541005,50263.21947281479,4.054955685120451
2.5461349650756326,2.9233401450868377,11.67173466889758,64.8617422947833,293.24916116198034,49698.507160131536,3.9606543901176505
2.6404362600784337,2.9233401450868377,11.731320868540855,65.24445131852613,296.6213874998529,50486.11696729031,3.866353095114849
2.734737555081235,2.9233401450868377,11.789894303858135,65.54326761901098,301.03984985210593,51630.78924834339,3.7720518001120475
2.829038850084036,2.9233401450868377,11.849137963100556,65.88255186195849,303.04273426241525,51784.953027366246,3.677750505109247
2.9233401450868377,2.9233401450868377,11.899256352138591,66.01405051609684,307.0657902400733,53077.167045913346,3.5834492101064446
3.0176414400896387,2.9233401450868377,11.96123697068743,66.3734086653474,309.33034912826804,53331.900066646616,3.489147915103644
3.11194273509244,2.9233401450868377,12.031724918529076,66.76686390782766,313.7603548142847,54290.54832044143,3.3948466201008434
3.2062440300952413,2.9233401450868377,12.108917307599452,67.35196722550036,316.9862980090443,54578.838542625985,3.300545325098041
3.3005453250980423,2.9233401450868377,12.178645259181229,67.74718139645685,322.719055042798,56107.986572179645,3.2062440300952404
3.394846620100844,2.9233401450868377,12.239570621926772,68.03514284406532,327.6615897044281,57441.430079817335,3.111942735092439
3.489147915103645,2.9233401450868377,12.32178421545133,68.629495567052,334.91503677816047,59282.281718935184,3.0176414400896374
3.583449210106446,2.9233401450868377,12.3970410820732,69.08440034947311,338.8419787042761,59956.324823965915,2.923340145086837
3.6777505051092474,2.9233401450868377,12.471862832927906,69.51725818538526,348.34161054222216,62785.058701406706,2.8290388500840353
3.772051800112048,2.9233401450868377,12.559968930634948,70.14296022279743,353.06428461249055,63544.66543038639,2.7347375550812347
3.8663530951148495,2.9233401450868377,12.644873922333913,70.66321121952733,358.5191390399064,64577.86159280677,2.6404362600784332
3.960654390117651,2.9233401450868377,12.724265916171348,71.132703068138,366.03707306145,66641.29082612287,2.5461349650756318
4.0549556851204525,2.9233401450868377,12.80321679039191,71.68790870642395,368.6585374554874,66575.63551277867,2.4518336700728303
4.149256980123253,2.9233401450868377,12.886693969806617,72.24411372861717,379.4673103112599,69808.34822708038,2.3575323750700297
4.2435582751260545,2.9233401450868377,12.970829748196136,72.7224783376546,382.31370183375464,69835.69306501027,2.263231080067228
4.337859570128856,2.9233401450868377,13.063238678586597,73.46606231661188,393.1820555001966,72799.03480307231,2.1689297850644267
4.432160865131657,2.9233401450868377,13.146508854765456,74.09152453774203,398.6354272270048,73726.99633966209,2.074628490061626
4.526462160134458,2.9233401450868377,13.258632761043064,74.89934454736583,425.3135791359973,82791.71578567536,1.9803271950588246
4.62076345513726,2.9233401450868377,13.340791955265308,75.32474037799408,413.9662801930632,77101.70589684906,1.886025900056023
4.71506475014006,2.9233401450868377,13.439586991482162,76.17051982692382,440.3700738894421,86109.9844619863,1.7917246050532225
4.809366045142862,2.9233401450868377,13.542984065145946,76.90357069994286,446.6683327813,87025.8811164135,1.697423310050421
4.903667340145663,2.9233401450868377,13.629649371056376,77.52306124016829,451.471693271115,87627.54877891732,1.6031220150476195
4.997968635148464,2.9233401450868377,13.731770126271009,78.11762847057857,453.1570695814776,86844.44802186612,1.508820720044819
5.092269930151265,2.9233401450868377,13.839151851536714,79.02674181149737,471.60080490215705,92398.84758648196,1.4145194250420174
5.186571225154067,2.9233401450868377,13.914872443764969,79.45365285596003,471.4525663375461,91171.76669496976,1.320218130039216
5.280872520156867,2.9233401450868377,14.028844144142615,80.28209322032653,485.48433171386495,95019.89975397626,1.2259168350364154
5.375173815159669,2.9233401450868377,14.141785414243731,81.23019622342659,504.17463291596414,100417.0105975458,1.1316155400336139
5.46947511016247,2.9233401450868377,14.240296300349144,81.93457893958148,512.8071515018728,102258.34538669484,1.0373142450308124
5.563776405165272,2.9233401450868377,14.328458807031176,82.5643035004071,522.0735811887732,104616.79861059456,0.9430129500280109
5.658077700168072,2.9233401450868377,14.449016928914132,83.46778460051337,528.559954581141,105081.78471034524,0.8487116550252103
5.752378995170874,2.9233401450868377,14.554436306571828,84.16312330804307,540.5555761922528,108232.29528091715,0.7544103600224088
5.846680290173675,2.9233401450868377,14.669739999399331,85.15112822180191,565.1925552342884,115910.22669048952,0.6601090650196073
5.940981585176476,2.9233401450868377,14.771428069779432,85.861695065578,570.3211797267485,116235.05061707774,0.5658077700168067
6.0352828801792775,2.9233401450868377,14.862506121351844,86.44947107282171,575.8282209643918,116906.84400690495,0.4715064750140052
6.129584175182079,2.9233401450868377,14.974926492345409,87.30491825589529,587.0241413645172,119310.0407094766,0.37720518001120373
6.22388547018488,2.9233401450868377,15.109162625290717,88.34551729370175,614.004477459217,127626.25580901036,0.28290388500840313
6.318186765187681,2.9233401450868377,15.211042243486792,89.13206754480294,644.9382439857704,138122.30559958582,0.18860259000560164
6.412488060190483,2.9233401450868377,15.311729682631231,89.69711442129862,624.2969088747063,128278.5494966065,0.09430129500280016
6.506789355193283,2.9233401450868377,15.441965771774084,90.9144434265245,673.69383738939,145285.87182950228,-4.440892098500626e-16
0.0,3.0176414400896387,11.499626640295968,70.28795835336908,348.7824321503425,58530.949455975155,6.412488060190482
0.0943012950028012,3.0176414400896387,11.465185375567868,69.79942754724604,345.72675338078614,58828.64112273047,6.318186765187681
0.1886025900056024,3.0176414400896387,11.429108393674468,69.16942628329618,340.3048946922569,58332.17069220872,6.223885470184879
0.2829038850084036,3.0176414400896387,11.387549914993365,68.57665152180134,331.9009659081638,56545.34544244556,6.129584175182078
0.3772051800112048,3.0176414400896387,11.365946505958464,68.06243864217029,326.9154896848992,55869.471635991256,6.0352828801792775
0.471506475014006,3.0176414400896387,11.341477218788892,67.53520313306298,323.0548141590039,55551.76740449757,5.940981585176475
0.5658077700168073,3.0176414400896387,11.33810527418901,67.24467049650262,319.37611691690967,54886.526645260295,5.8466802901736745
0.6601090650196084,3.0176414400896387,11.304018138998872,66.60327292633818,310.5990685974265,52720.644111537615,5.752378995170874
0.7544103600224097,3.0176414400896387,11.305325851947496,66.29400990789898,309.99485774152527,53161.7780659443,5.6580777001680715
0.848711655025211,3.0176414400896387,11.29641898627092,66.01470110825835,305.7872936585139,52211.40790149885,5.563776405165271
0.943012950028012,3.0176414400896387,11.283549997800664,65.53839495968043,300.9858016298941,51227.44054363498,5.46947511016247
1.0373142450308133,3.0176414400896387,11.288432544825698,65.35325370898283,299.8120309994012,51236.163614672805,5.375173815159668
1.1316155400336143,3.0176414400896387,11.303811191623334,65.2146750363743,298.06622494835244,50892.27298034649,5.280872520156867
1.2259168350364158,3.0176414400896387,11.307170884178866,64.8950095921322,292.1689531873572,49077.80207179334,5.186571225154067
1.3202181300392168,3.0176414400896387,11.329420571352491,64.7712018781655,291.8820733613197,49199.92004648576,5.092269930151264
1.414519425042018,3.0176414400896387,11.344662125561644,64.63640007320424,289.03917154505285,48395.59092235823,4.997968635148464
1.5088207200448194,3.0176414400896387,11.3676505089162,64.56559570830832,293.7415259928111,50405.91309020056,4.903667340145662
1.6031220150476206,3.0176414400896387,11.392033669245771,64.50427424375202,289.6246727807906,48899.45936415591,4.809366045142861
1.697423310050422,3.0176414400896387,11.408046099449203,64.35050317365284,287.7074272711732,48413.4948610432,4.71506475014006
1.791724605053223,3.0176414400896387,11.453781640485168,64.5674916675757,290.1449009955082,49023.94475469121,4.620763455137259
1.886025900056024,3.0176414400896387,11.478199605576282,64.47343866270798,292.621931214589,50186.9595793292,4.526462160134457
1.9803271950588257,3.0176414400896387,11.52163628517208,64.64076532929916,291.1310183659787,49311.14065517411,4.432160865131656
2.0746284900616265,3.0176414400896387,11.553897324679166,64.61917919702412,288.8720682622087,48408.1940383541,4.337859570128855
2.168929785064428,3.0176414400896387,11.604141943394756,64.84911745117901,293.7077715149236,49927.06531153282,4.243558275126054
2.263231080067229,3.0176414400896387,11.64711516821956,64.92387387936589,291.86627851840996,48989.56585016768,4.149256980123253
2.35753237507003,3.0176414400896387,11.687695813779063,65.04104554517457,292.36873720550983,48918.98282696208,4.054955685120452
2.4518336700728316,3.0176414400896387,11.744309147136525,65.34624131274109,301.0505840070239,51911.79583700124,3.96065439011765
2.5461349650756326,3.0176414400896387,11.805321693436849,65.66119859923366,298.94307917857356,50454.945730420615,3.8663530951148495
2.6404362600784337,3.0176414400896387,11.849360248638666,65.77487150463108,300.4109010298183,50756.901106114674,3.772051800112048
2.734737555081235,3.0176414400896387,11.925861809484136,66.28815251255028,312.9768096283584,54918.99708796915,3.6777505051092465
2.829038850084036,3.0176414400896387,11.979794901161371,66.4841879020502,307.4074187673695,52243.01582627054,3.583449210106446
2.9233401450868377,3.0176414400896387,12.045798226727996,66.90519908343346,312.9082518996552,53682.607630498474,3.4891479151036435
3.0176414400896387,3.0176414400896387,12.114186047574318,67.31478235783327,317.23619174254407,54641.77198841592,3.394846620100843
3.11194273509244,3.0176414400896387,12.17410828650583,67.53900676166646,319.6551734351979,55076.45452031014,3.3005453250980423
3.2062440300952413,3.0176414400896387,12.25271784578383,68.01802181783006,324.1890267007395,55892.36656840334,3.20624403009524
3.3005453250980423,3.0176414400896387,12.324531890815294,68.4527474180307,332.6410554508954,58483.90646039501,3.1119427350924393
3.394846620100844,3.0176414400896387,12.402586089813106,69.0521905304391,342.6574390770012,61451.13534254102,3.017641440089638
3.489147915103645,3.0176414400896387,12.470024165195156,69.26197947563286,338.6997630687414,59248.30727148693,2.9233401450868364
3.583449210106446,3.0176414400896387,12.546011792330336,69.8271599784138,347.1847665991378,61662.5265792521,2.8290388500840358
3.6777505051092474,3.0176414400896387,12.619888593883292,70.29263192841623,354.604541840281,63684.18852760462,2.7347375550812343
3.772051800112048,3.0176414400896387,12.719494089189697,70.98249167598256,360.136497230958,64477.49043950375,2.6404362600784337
3.8663530951148495,3.0176414400896387,12.786337579835177,71.30036063851213,365.9555647353408,66119.93201031571,2.546134965075632
3.960654390117651,3.0176414400896387,12.87662788154301,71.94977718192979,374.1464634885319,68078.2840348789,2.4518336700728307
4.0549556851204525,3.0176414400896387,12.949880980844414,72.43254653525132,382.2644667263192,70330.5463725459,2.357532375070029
4.149256980123253,3.0176414400896387,13.052875096087543,73.11965760016588,388.0256989112236,71216.1216621598,2.2632310800672286
4.2435582751260545,3.0176414400896387,13.143580174729964,73.77749498948718,397.05557144541285,73550.97156802664,2.168929785064427
4.337859570128856,3.0176414400896387,13.236390043636568,74.36978610622307,401.99359327485337,74211.05645082175,2.0746284900616256
4.432160865131657,3.0176414400896387,13.322689599007465,74.97588537431261,409.7738479862737,76057.9932135449,1.980327195058825
4.526462160134458,3.0176414400896387,13.406857980181211,75.61928106933524,420.2249823215465,79004.18323064719,1.8860259000560236
4.62076345513726,3.0176414400896387,13.52136717489718,76.33603003724528,426.95525905745296,80004.43283702477,1.791724605053222
4.71506475014006,3.0176414400896387,13.62213466237607,77.06675336060928,441.3928797399947,84231.86992197782,1.6974233100504215
4.809366045142862,3.0176414400896387,13.716320981792872,77.63524812751413,448.55065043100143,85744.77573183429,1.60312201504762
4.903667340145663,3.0176414400896387,13.8018816329359,78.28771517031285,460.9022028497777,89422.52390668156,1.5088207200448185
4.997968635148464,3.0176414400896387,13.91135311192368,79.07285143411235,466.0133971538893,89629.73372405236,1.4145194250420179
5.092269930151265,3.0176414400896387,14.0059689132646,79.77870909111142,482.48973633525225,94778.20154022452,1.3202181300392164
5.186571225154067,3.0176414400896387,14.10371353200095,80.48009843645244,484.7184536709782,94095.93345434964,1.225916835036415
5.280872520156867,3.0176414400896387,14.198251485841796,81.12793356942753,500.573228185585,98961.96824787314,1.1316155400336143
5.375173815159669,3.0176414400896387,14.318893302382156,81.99765061611399,504.2366347593682,98330.6262653585,1.0373142450308128
5.46947511016247,3.0176414400896387,14.409771691068242,82.59136445917963,514.8570509702951,101302.54793361996,0.9430129500280113
5.563776405165272,3.0176414400896387,14.520465285846797,83.49042422857931,539.4704254033588,109060.05509605256,0.8487116550252098
5.658077700168072,3.0176414400896387,14.634269561554188,84.2948604124713,539.1205797051618,107046.44728759324,0.7544103600224092
5.752378995170874,3.0176414400896387,14.735163827159846,85.0135370707751,547.4809330967511,108642.84308376232,0.6601090650196078
5.846680290173675,3.0176414400896387,14.849087949355331,85.85212078102941,559.7459395195588,111518.56716323843,0.5658077700168063
5.940981585176476,3.0176414400896387,14.948602176864728,86.52596713318866,575.5971234138115,116238.71106931362,0.47150647501400567
6.0352828801792775,3.0176414400896387,15.059091924051284,87.32982639692514,593.721490356842,121443.69596349185,0.3772051800112042
6.129584175182079,3.0176414400896387,15.168062075346857,88.28519441562314,607.4941525554071,124878.2235567765,0.2829038850084027
6.22388547018488,3.0176414400896387,15.282772729607291,89.06049548805154,612.7571878295087,125011.97557974984,0.1886025900056021
6.318186765187681,3.0176414400896387,15.384028930925156,89.78867729565607,621.7173120809659,126783.81465694695,0.0943012950028006
6.412488060190483,3.0176414400896387,15.48951673098526,90.46856176330732,637.666935784816,131324.5922834052,-8.881784197001252e-16
0.0,3.11194273509244,11.52576072731688,70.53955202092368,353.44533573654843,59872.939545484376,6.318186765187681
0.0943012950028012,3.11194273509244,11.501347808932978,70.01171015140673,351.0266546736504,60465.15864551272,6.2238854701848805
0.1886025900056024,3.11194273509244,11.464756346999996,69.48204600997899,345.7612542049174,59904.58208991357,6.129584175182078
0.2829038850084036,3.11194273509244,11.43280801243734,68.8513633374466,334.8943640738824,57112.17259860382,6.0352828801792775
0.3772051800112048,3.11194273509244,11.40795707296492,68.28625008140486,329.0318644677319,56111.79827907994,5.940981585176477
0.471506475014006,3.11194273509244,11.402919039127834,67.98240540958193,327.34574542198243,56274.80692321642,5.8466802901736745
0.5658077700168073,3.11194273509244,11.387382932903453,67.5550934975987,322.67502423499167,55556.12164159949,5.752378995170874
0.6601090650196084,3.11194273509244,11.371575124952752,67.01040017942488,314.78138153587355,53524.1130949467,5.658077700168073
0.7544103600224097,3.11194273509244,11.352595655754088,66.5518812319527,310.25150293444057,52755.3814135527,5.563776405165271
0.848711655025211,3.11194273509244,11.366201176777674,66.36121053514923,307.694890366196,52170.57207816761,5.46947511016247
0.943012950028012,3.11194273509244,11.365384949345922,66.10738781111165,306.26206835146405,52262.773598210755,5.37517381515967
1.0373142450308133,3.11194273509244,11.3738132387164,65.79995365773068,302.5856238505711,51396.2945413171,5.280872520156867
1.1316155400336143,3.11194273509244,11.373564534314996,65.51943236338026,299.34037382465044,50684.08533849434,5.186571225154067
1.2259168350364158,3.11194273509244,11.388140210237143,65.28105284505017,295.804244711216,49695.826350418785,5.092269930151266
1.3202181300392168,3.11194273509244,11.420998447999256,65.38852139786094,298.75922052232954,50790.115498130835,4.997968635148464
1.414519425042018,3.11194273509244,11.424198300822992,65.0008294248135,292.2804011422053,48874.1117881833,4.903667340145663
1.5088207200448194,3.11194273509244,11.456440739181913,65.03021992296762,291.4179438017327,48527.38835793276,4.809366045142861
1.6031220150476206,3.11194273509244,11.490258963697974,65.08523577409721,295.90392598030235,50265.23258677694,4.71506475014006
1.697423310050422,3.11194273509244,11.521568667720128,64.96491147772467,292.7444148819914,49127.068002028725,4.62076345513726
1.791724605053223,3.11194273509244,11.543705363512524,64.97385613012165,293.02228284441424,49263.58502305801,4.526462160134457
1.886025900056024,3.11194273509244,11.59258783001298,65.13694107624558,296.9571787456808,50584.553973625734,4.432160865131657
1.9803271950588257,3.11194273509244,11.6313146622015,65.19006411241733,294.6177828014749,49536.76072708106,4.337859570128854
2.0746284900616265,3.11194273509244,11.67450932169487,65.26535140226257,295.7847365883765,49799.489108399626,4.243558275126054
2.168929785064428,3.11194273509244,11.71822874665875,65.39129473499494,294.89581694405007,49205.63192660486,4.149256980123253
2.263231080067229,3.11194273509244,11.76170939780936,65.50380365557564,297.2676831429479,49915.099536615286,4.0549556851204525
2.35753237507003,3.11194273509244,11.821209767146568,65.79967803643333,299.8658519963264,50449.91804715679,3.9606543901176505
2.4518336700728316,3.11194273509244,11.869959283403306,65.99352143490165,305.0821972070107,52121.13884233535,3.866353095114849
2.5461349650756326,3.11194273509244,11.926314111488152,66.29349130011902,305.8259970522571,51892.54117349832,3.7720518001120484
2.6404362600784337,3.11194273509244,11.989523412968024,66.57727187708772,309.6479097191311,52877.69110111496,3.677750505109247
2.734737555081235,3.11194273509244,12.05474068562673,66.90531999708489,311.5594316448831,52992.61705597741,3.5834492101064455
2.829038850084036,3.11194273509244,12.11064464046193,67.11379941954996,313.17648819203566,53149.257339374184,3.489147915103645
2.9233401450868377,3.11194273509244,12.185814850766864,67.58821230029471,320.04102436524306,55030.36827777607,3.3948466201008425
3.0176414400896387,3.11194273509244,12.247660926407534,67.91757085886876,321.60023097475835,55002.10468060883,3.300545325098042
3.11194273509244,3.11194273509244,12.310394437487869,68.1861573619187,324.6839005938308,55686.22318289376,3.2062440300952413
3.2062440300952413,3.11194273509244,12.37389241056737,68.53671223341614,329.319954234434,56828.560625484184,3.111942735092439
3.3005453250980423,3.11194273509244,12.466166864539996,69.0615263397626,335.8596656324888,58303.95559307435,3.0176414400896383
3.394846620100844,3.11194273509244,12.535590015775169,69.43997778347544,336.77584097941576,57878.07636109069,2.923340145086837
3.489147915103645,3.11194273509244,12.614901510964646,70.01928461099138,347.99491907881804,61347.90520356579,2.8290388500840353
3.583449210106446,3.11194273509244,12.70481987904642,70.63129873899442,354.8677157230028,62865.20092787573,2.7347375550812347
3.6777505051092474,3.11194273509244,12.779507716101705,71.07826496568785,356.20794287748544,62467.22789146274,2.6404362600784332
3.772051800112048,3.11194273509244,12.862235422771182,71.56307524157863,364.2841616072419,64652.309619123254,2.5461349650756326
3.8663530951148495,3.11194273509244,12.94942452458783,72.1971773457872,374.19108752635094,67514.63141977221,2.451833670072831
3.960654390117651,3.11194273509244,13.02962302523328,72.65485960968304,379.70750343574184,68600.47371256542,2.3575323750700297
4.0549556851204525,3.11194273509244,13.12855721381646,73.3092743676122,384.1540907552343,68989.4839346006,2.263231080067228
4.149256980123253,3.11194273509244,13.215102340642291,73.95390831355847,397.1643052458491,72964.99214911602,2.1689297850644276
4.2435582751260545,3.11194273509244,13.298623808361542,74.42919339830011,402.4914961655421,73961.26424681523,2.074628490061626
4.337859570128856,3.11194273509244,13.385112937113371,74.95403209218468,405.7162538358253,74168.13263310173,1.9803271950588246
4.432160865131657,3.11194273509244,13.475680571775971,75.56626818838522,413.8223354873918,76060.02532101331,1.886025900056024
4.526462160134458,3.11194273509244,13.57221384950189,76.3564711965092,434.790133773771,82902.11605226074,1.7917246050532225
4.62076345513726,3.11194273509244,13.674399730396148,77.0211332065634,431.1534084153493,79981.88821968078,1.697423310050421
4.71506475014006,3.11194273509244,13.783383642354234,77.78774171758927,443.0417614042032,83071.95530820274,1.6031220150476204
4.809366045142862,3.11194273509244,13.868432602994192,78.33427783935099,448.4891611773372,83939.78647044432,1.508820720044819
4.903667340145663,3.11194273509244,13.975397810908488,79.10622238942122,462.3565122663533,87839.14884154532,1.4145194250420174
4.997968635148464,3.11194273509244,14.084571372713569,79.95281327029015,474.40076832891816,90831.24885516272,1.3202181300392168
5.092269930151265,3.11194273509244,14.177153850020453,80.50622557104016,485.6458365952248,94083.5897456834,1.2259168350364154
5.186571225154067,3.11194273509244,14.280410970766592,81.24541298873147,493.219134879169,95371.967581356,1.1316155400336139
5.280872520156867,3.11194273509244,14.384140640041032,82.02295710773637,507.32170971473744,99258.81706101303,1.0373142450308133
5.375173815159669,3.11194273509244,14.47899211242582,82.69329805441961,517.6615690945293,101866.0668067195,0.9430129500280118
5.46947511016247,3.11194273509244,14.580475011435182,83.31525563186312,516.925594818918,99901.41407852963,0.8487116550252103
5.563776405165272,3.11194273509244,14.700563048828036,84.26445195396067,550.6926141691602,111318.84734937544,0.7544103600224088
5.658077700168072,3.11194273509244,14.81341812126717,85.10891818389626,547.2611981560373,107903.78482796456,0.6601090650196082
5.752378995170874,3.11194273509244,14.908832535498304,85.71499051632958,555.428561384825,109700.23063436996,0.5658077700168067
5.846680290173675,3.11194273509244,15.029609013410044,86.7907513461251,575.6050940682004,115410.33644577024,0.4715064750140052
5.940981585176476,3.11194273509244,15.129243624535755,87.43863309906439,591.7158945146308,120336.55019835744,0.3772051800112046
6.0352828801792775,3.11194273509244,15.239855685772156,88.16800861169486,601.2366680110246,122121.57717468956,0.28290388500840313
6.129584175182079,3.11194273509244,15.366272298318387,89.1938206544703,611.715923676919,123997.05179437668,0.18860259000560164
6.22388547018488,3.11194273509244,15.466927961102272,89.9236381894415,632.5708427862069,130433.0495270541,0.09430129500280104
6.318186765187681,3.11194273509244,15.554910324758309,90.40820817845828,637.9650620686596,131344.10803780568,-4.440892098500626e-16
0.0,3.2062440300952413,11.568428188192918,70.840920108435,358.0651784502448,61080.835524747155,6.223885470184879
0.0943012950028012,3.2062440300952413,11.541173345939985,70.31025896507438,350.58177597443944,59558.49804298871,6.129584175182078
0.1886025900056024,3.2062440300952413,11.50990982090217,69.77703180960431,346.1409721940581,59400.19285091363,6.035282880179276
0.2829038850084036,3.2062440300952413,11.475286484869038,69.10626030103742,337.6972461641738,57638.58381631453,5.940981585176475
0.3772051800112048,3.2062440300952413,11.471864029924577,68.69883593383923,333.571061971781,57071.52739068899,5.8466802901736745
0.471506475014006,3.2062440300952413,11.45382253561241,68.2499695896865,326.9331978500124,55525.036996065086,5.752378995170872
0.5658077700168073,3.2062440300952413,11.438865696526827,67.7956372170758,320.87205376285533,54183.60770932852,5.6580777001680715
0.6601090650196084,3.2062440300952413,11.444395560781803,67.5918721825908,321.3454876988329,55057.96084634465,5.563776405165271
0.7544103600224097,3.2062440300952413,11.424180612251543,66.9948239512718,314.36698462310443,53501.6230938363,5.469475110162469
0.848711655025211,3.2062440300952413,11.43339597285022,66.74681703932833,311.9680164779221,53099.95061841637,5.375173815159668
0.943012950028012,3.2062440300952413,11.43622381571126,66.45058915038786,307.10958015411865,51793.715522855,5.280872520156867
1.0373142450308133,3.2062440300952413,11.459067293518046,66.35218925768459,308.06639163326065,52460.61066873427,5.186571225154065
1.1316155400336143,3.2062440300952413,11.46542831206519,66.13620327193868,307.7475642642143,52861.106517009386,5.092269930151264
1.2259168350364158,3.2062440300952413,11.482964017422676,65.91984780416493,302.72578001914536,51261.27996828883,4.997968635148464
1.3202181300392168,3.2062440300952413,11.507228356221468,65.81500179659484,300.28284969824296,50503.058099324,4.903667340145661
1.414519425042018,3.2062440300952413,11.535733695865028,65.79916556895509,300.1436341080438,50572.3639835568,4.809366045142861
1.5088207200448194,3.2062440300952413,11.56100674426364,65.63260329866097,299.58047682958033,50543.43955481872,4.71506475014006
1.6031220150476206,3.2062440300952413,11.59106256970337,65.6384239468394,298.46794816791623,50190.686090937066,4.620763455137258
1.697423310050422,3.2062440300952413,11.61659381570953,65.5969773114433,298.61794181024504,50295.86069950194,4.526462160134457
1.791724605053223,3.2062440300952413,11.665820424221804,65.744590490244,300.0409453548427,50632.676099090255,4.432160865131657
1.886025900056024,3.2062440300952413,11.697816224602567,65.67385027778363,296.82982835845667,49395.16952362891,4.337859570128854
1.9803271950588257,3.2062440300952413,11.739589924685474,65.69306318818221,298.04700084483534,49746.31915501348,4.243558275126054
2.0746284900616265,3.2062440300952413,11.7848334397438,65.89977228345198,301.3788939649516,50816.81231274116,4.149256980123253
2.168929785064428,3.2062440300952413,11.832492049641017,66.02509981011667,300.60983751396316,50213.20075835501,4.054955685120451
2.263231080067229,3.2062440300952413,11.881834367908516,66.17973407339207,302.01321496568414,50417.136270886826,3.9606543901176505
2.35753237507003,3.2062440300952413,11.946596401142225,66.56311201687316,308.98054498825104,52561.95465573918,3.866353095114849
2.4518336700728316,3.2062440300952413,12.009201977424317,66.83151042657799,311.4262405412426,53003.18778820579,3.7720518001120475
2.5461349650756326,3.2062440300952413,12.06324382147636,67.06775310603253,315.9863285203995,54358.74435178019,3.677750505109247
2.6404362600784337,3.2062440300952413,12.123796102517051,67.3502150944951,315.5637193527306,53593.49331424363,3.5834492101064455
2.734737555081235,3.2062440300952413,12.184484660326342,67.55535972789743,316.94156764041145,53700.450997640495,3.489147915103644
2.829038850084036,3.2062440300952413,12.252691255163484,67.94932356779253,326.8487559776556,56894.08902029128,3.3948466201008434
2.9233401450868377,3.2062440300952413,12.322676523915744,68.32066038888343,327.31199803989057,56301.334727890826,3.300545325098041
3.0176414400896387,3.2062440300952413,12.387513429842556,68.60817130608653,331.14002714659375,57296.90870532676,3.2062440300952404
3.11194273509244,3.2062440300952413,12.461402399813704,69.02792630422235,334.78381226425887,57922.633451295646,3.11194273509244
3.2062440300952413,3.2062440300952413,12.541105343336117,69.5580896628166,337.9450142360053,58112.280256686405,3.0176414400896374
3.3005453250980423,3.2062440300952413,12.611459472872136,69.88971612634356,342.8752329623069,59361.61412687066,2.923340145086837
3.394846620100844,3.2062440300952413,12.695930316214234,70.39702075782941,347.19441265922046,59979.162159007064,2.8290388500840353
3.489147915103645,3.2062440300952413,12.775340730975604,70.8918262732606,353.4660772798869,61587.33343594685,2.734737555081234
3.583449210106446,3.2062440300952413,12.855426752408665,71.39737649095606,359.8043808615312,63092.829057974115,2.6404362600784332
3.6777505051092474,3.2062440300952413,12.917232228540351,71.75035942168684,364.5589362537952,64280.06062746663,2.5461349650756318
3.772051800112048,3.2062440300952413,13.02343626615122,72.44430035469979,374.1595895324147,66567.67046008699,2.451833670072831
3.8663530951148495,3.2062440300952413,13.104969862944031,72.90727329016411,377.1682907464512,66755.249634381,2.3575323750700297
3.960654390117651,3.2062440300952413,13.176711529834584,73.39738292810287,387.7003958842553,70079.72764733931,2.263231080067228
4.0549556851204525,3.2062440300952413,13.28656351887068,74.1615834653635,400.4371908374394,73631.09823543309,2.1689297850644267
4.149256980123253,3.2062440300952413,13.381952822282608,74.70691535941813,401.564346187257,72757.28336948578,2.074628490061626
4.2435582751260545,3.2062440300952413,13.457003622540466,75.22403005580401,409.5216024070431,74908.27000972212,1.9803271950588246
4.337859570128856,3.2062440300952413,13.54481495410626,75.74529748812034,417.3375076019324,76909.66494794578,1.886025900056023
4.432160865131657,3.2062440300952413,13.650149626221229,76.54533690667,422.682806500742,77346.80780021891,1.7917246050532225
4.526462160134458,3.2062440300952413,13.758321331443522,77.35157028424132,438.28033914450026,81895.17877070927,1.697423310050421
4.62076345513726,3.2062440300952413,13.842675710466898,77.87665347754344,443.0232911345621,82566.572105482,1.6031220150476195
4.71506475014006,3.2062440300952413,13.940828473394417,78.37136397674587,449.5620549883731,83892.9786120471,1.508820720044819
4.809366045142862,3.2062440300952413,14.045782739665732,79.19735624757786,457.6547141049361,85438.61955482843,1.4145194250420174
4.903667340145663,3.2062440300952413,14.141582333280557,79.86744295389457,478.6342306098355,92351.54623844716,1.320218130039216
4.997968635148464,3.2062440300952413,14.254080496515629,80.68031128430128,485.208471111148,93221.10809345484,1.2259168350364154
5.092269930151265,3.2062440300952413,14.35094635118019,81.33680975298546,493.32350411084707,94831.17930141489,1.1316155400336139
5.186571225154067,3.2062440300952413,14.444120364715094,81.96328971361518,510.0214840500095,100128.57021640363,1.0373142450308124
5.280872520156867,3.2062440300952413,14.56423949424274,82.87120196288103,511.7239402576588,98639.0639358724,0.9430129500280118
5.375173815159669,3.2062440300952413,14.6563542670516,83.41326524889155,515.5405587964042,98851.10116745348,0.8487116550252103
5.46947511016247,3.2062440300952413,14.774403857700246,84.40171108402566,545.1097534196346,108534.27392138752,0.7544103600224088
5.563776405165272,3.2062440300952413,14.868168324526774,85.08399533128983,550.1597479465694,108973.34719745014,0.6601090650196073
5.658077700168072,3.2062440300952413,14.983093336354004,85.85224485969495,555.4445179407228,109119.74705196034,0.5658077700168067
5.752378995170874,3.2062440300952413,15.08975209626997,86.69676728832128,570.0776661606407,113022.79375408289,0.4715064750140052
5.846680290173675,3.2062440300952413,15.205992937801891,87.490449843114,585.4853627634192,117111.9412443278,0.37720518001120373
5.940981585176476,3.2062440300952413,15.306924025696755,88.19555000412046,593.5872356009417,118706.5567583091,0.28290388500840313
6.0352828801792775,3.2062440300952413,15.43021019096396,89.09124276510784,607.6077219950502,122022.41250449982,0.18860259000560164
6.129584175182079,3.2062440300952413,15.523188822249557,89.6669993286087,616.6697644633829,124264.6609825785,0.09430129500280016
6.22388547018488,3.2062440300952413,15.650142020661988,90.656838715885,645.5259714219733,133367.68439275195,-4.440892098500626e-16
0.0,3.3005453250980423,11.609020757537287,71.179954140608,358.4254722793524,60405.73200399151,6.129584175182078
0.0943012950028012,3.3005453250980423,11.567322438479554,70.52099405434123,352.56753254698344,59975.122121014734,6.0352828801792775
0.1886025900056024,3.3005453250980423,11.557757880072025,70.05359459170921,346.4550618003867,58829.29647462888,5.940981585176475
0.2829038850084036,3.3005453250980423,11.540240103459976,69.56400337749045,342.16164216994974,58411.09872800128,5.8466802901736745
0.3772051800112048,3.3005453250980423,11.52879590819571,69.12769808874725,334.64540056152214,56561.87067460328,5.752378995170874
0.471506475014006,3.3005453250980423,11.506287086321311,68.58516148461244,330.65658595005266,56282.509462464914,5.6580777001680715
0.5658077700168073,3.3005453250980423,11.503857996588254,68.18978298828088,325.6289839727182,55247.765054849704,5.563776405165271
0.6601090650196084,3.3005453250980423,11.510636882171486,68.00756599116235,328.1075097081049,56830.5290044962,5.46947511016247
0.7544103600224097,3.3005453250980423,11.502610815941614,67.50176584541612,320.2777662495412,54793.60712783872,5.375173815159668
0.848711655025211,3.3005453250980423,11.517274553418352,67.27449794795942,315.9971671336024,53567.314293082,5.280872520156867
0.943012950028012,3.3005453250980423,11.533932761121148,67.15420088217644,315.5865856731232,53869.93830230931,5.186571225154067
1.0373142450308133,3.3005453250980423,11.53319542357644,66.71009247933614,312.23039213884095,53345.58941228532,5.092269930151264
1.1316155400336143,3.3005453250980423,11.550053008077668,66.59137295879604,308.6358628965001,52301.248003029126,4.997968635148464
1.2259168350364158,3.3005453250980423,11.567716270610768,66.33070557622018,307.04705256528507,52133.21228397574,4.903667340145663
1.3202181300392168,3.3005453250980423,11.602877104959164,66.43294128343705,310.40642455950604,53354.60650645427,4.809366045142861
1.414519425042018,3.3005453250980423,11.63119874105891,66.35032333241489,307.9136508352528,52503.19546939065,4.71506475014006
1.5088207200448194,3.3005453250980423,11.664346557422377,66.25208858773257,303.45309295801496,50872.78216291719,4.620763455137259
1.6031220150476206,3.3005453250980423,11.692182860974627,66.21165621440525,307.2797854451869,52483.53190887633,4.526462160134457
1.697423310050422,3.3005453250980423,11.723396760075037,66.15999177841555,302.7351904308213,50792.03170607919,4.432160865131657
1.791724605053223,3.3005453250980423,11.762791907469108,66.13036637678618,302.38308529745495,50597.519239273235,4.337859570128855
1.886025900056024,3.3005453250980423,11.818974379158869,66.31802571817217,304.6211539312177,51103.11102897081,4.243558275126054
1.9803271950588257,3.3005453250980423,11.862091088002936,66.47127095919123,306.15318991231544,51526.89155708097,4.149256980123252
2.0746284900616265,3.3005453250980423,11.908537019500011,66.54377829824844,307.54123434297776,51874.48392738264,4.054955685120452
2.168929785064428,3.3005453250980423,11.96212619741918,66.79439497778269,309.09784521332676,52027.23752304614,3.96065439011765
2.263231080067229,3.3005453250980423,12.010339478511836,66.9353334537716,311.0127444140096,52518.06651517301,3.8663530951148495
2.35753237507003,3.3005453250980423,12.08463093021924,67.28833270195715,315.350170404409,53526.39665270656,3.772051800112048
2.4518336700728316,3.3005453250980423,12.1303972650257,67.44696717732789,315.45448382617224,53258.49094971722,3.6777505051092465
2.5461349650756326,3.3005453250980423,12.19849431880937,67.77635504365387,321.40842001373744,55007.02580182971,3.583449210106446
2.6404362600784337,3.3005453250980423,12.24873546357101,68.00119249151686,321.7740793549998,54745.89021840939,3.4891479151036444
2.734737555081235,3.3005453250980423,12.324086463680713,68.37262534878414,327.0446073733577,56103.38437839704,3.394846620100843
2.829038850084036,3.3005453250980423,12.389747308916473,68.6620535499081,329.47473127678495,56455.893514406605,3.3005453250980423
2.9233401450868377,3.3005453250980423,12.458296510570976,68.99657268070001,332.53024785849266,56958.35526414759,3.20624403009524
3.0176414400896387,3.3005453250980423,12.529957805152767,69.39677404405737,336.1565593902983,57590.07145756391,3.1119427350924393
3.11194273509244,3.3005453250980423,12.601452180167774,69.69554543804371,337.1178583966192,57255.724680955565,3.0176414400896387
3.2062440300952413,3.3005453250980423,12.684576502833709,70.23758048056737,344.5587397799377,59149.96260723339,2.9233401450868364
3.3005453250980423,3.3005453250980423,12.75499379609648,70.63931407039891,349.8532479847281,60488.63405128358,2.8290388500840358
3.394846620100844,3.3005453250980423,12.841008054755374,71.17973296095438,358.3522881079213,62827.021503329786,2.7347375550812343
3.489147915103645,3.3005453250980423,12.925217966853808,71.63329269073172,360.0544552503733,62432.51320835936,2.640436260078433
3.583449210106446,3.3005453250980423,13.006718986328243,72.18817982035347,372.0494818748358,66226.93776401112,2.546134965075632
3.6777505051092474,3.3005453250980423,13.093596943723464,72.72378024934831,379.0236630655697,67861.48449816222,2.4518336700728307
3.772051800112048,3.3005453250980423,13.175536812994409,73.21206884347448,379.1807825350358,66882.40402853022,2.35753237507003
3.8663530951148495,3.3005453250980423,13.270254903402517,73.76979467290252,383.51142596451166,67313.95345628378,2.2632310800672286
3.960654390117651,3.3005453250980423,13.35802019036668,74.34093292502875,393.5308865644681,70201.46192143172,2.168929785064427
4.0549556851204525,3.3005453250980423,13.445643703772312,74.9918809483502,406.02763976878407,73911.41501802416,2.0746284900616256
4.149256980123253,3.3005453250980423,13.53399149779096,75.43583793080782,404.9463889198284,72364.83512128485,1.980327195058825
4.2435582751260545,3.3005453250980423,13.629975344107809,76.13072827105407,416.9926695537132,75748.66951886649,1.8860259000560236
4.337859570128856,3.3005453250980423,13.73033209620994,76.83051522691402,429.0923005489366,79157.94483393947,1.791724605053222
4.432160865131657,3.3005453250980423,13.81465102550795,77.3901488184052,438.1024254771359,81468.36374564272,1.6974233100504215
4.526462160134458,3.3005453250980423,13.936481892994603,78.26027893082022,455.2401075942504,86382.83259750767,1.60312201504762
4.62076345513726,3.3005453250980423,14.024315332817494,78.8229369205519,461.100090097508,87437.09147673205,1.5088207200448185
4.71506475014006,3.3005453250980423,14.11478328450254,79.29313750682937,459.30058455493,85492.53313442838,1.4145194250420179
4.809366045142862,3.3005453250980423,14.218164595961005,80.0390840631298,474.4564572973987,89947.98305224527,1.3202181300392164
4.903667340145663,3.3005453250980423,14.30850826850804,80.72162502235037,483.13953216213474,91965.43403728754,1.225916835036415
4.997968635148464,3.3005453250980423,14.42094457299161,81.41053959435874,491.4202086866221,93574.52703217512,1.1316155400336143
5.092269930151265,3.3005453250980423,14.524797080351174,82.25657808363145,513.1518411208301,100467.55086487706,1.0373142450308128
5.186571225154067,3.3005453250980423,14.615691264847555,82.66566833378508,505.9269545106089,96248.20304525126,0.9430129500280113
5.280872520156867,3.3005453250980423,14.729748613638368,83.63126157533475,522.4656009468597,100923.10311691526,0.8487116550252107
5.375173815159669,3.3005453250980423,14.833459010117492,84.30125688393154,531.793503895326,103003.9312991559,0.7544103600224092
5.46947511016247,3.3005453250980423,14.960653735035685,85.27491896482287,544.7435833792858,105883.22522312192,0.6601090650196078
5.563776405165272,3.3005453250980423,15.04626537611829,85.68275689441452,547.3001819144749,105645.0677718843,0.5658077700168063
5.658077700168072,3.3005453250980423,15.167227949199097,86.622166765311,561.9010264589126,109314.16161978195,0.47150647501400567
5.752378995170874,3.3005453250980423,15.275366665883746,87.406457498398,574.9471286701339,112717.68363564524,0.3772051800112042
5.846680290173675,3.3005453250980423,15.388237112910272,88.30507724703041,590.4432503441133,116852.509142827,0.2829038850084027
5.940981585176476,3.3005453250980423,15.47961853807151,88.92345073392639,605.0055953055082,121182.09889839416,0.1886025900056021
6.0352828801792775,3.3005453250980423,15.605433785553297,89.82690401957974,624.204654258735,126481.59839741747,0.0943012950028006
6.129584175182079,3.3005453250980423,15.712781888115437,90.48809805443628,632.6804123802127,128025.20011894227,-8.881784197001252e-16
0.0,3.394846620100844,11.64372533057895,71.38446461741773,362.2337657809643,61500.47701864725,6.035282880179277
0.0943012950028012,3.394846620100844,11.624119627096604,70.92476711273358,356.5883949768922,60626.19465809797,5.940981585176476
0.1886025900056024,3.394846620100844,11.606417902735648,70.39998878284118,352.8596311891071,60591.903087523846,5.846680290173674
0.2829038850084036,3.394846620100844,11.593124222605034,69.96855445674062,347.6807637863635,59821.60470424299,5.752378995170873
0.3772051800112048,3.394846620100844,11.576546365855918,69.46710335686242,342.9112684917349,59227.485293789534,5.658077700168072
0.471506475014006,3.394846620100844,11.591808932029195,69.29428171982657,341.4991514994029,59296.34983941997,5.56377640516527
0.5658077700168073,3.394846620100844,11.577992474498346,68.75203248316623,330.68292011396335,56215.97160793415,5.4694751101624695
0.6601090650196084,3.394846620100844,11.579438915733329,68.39119165909702,330.60463486545854,57032.223871523354,5.375173815159669
0.7544103600224097,3.394846620100844,11.586830653169182,68.07522247714918,325.0027859590073,55514.08163702621,5.2808725201568665
0.848711655025211,3.394846620100844,11.597894136166158,67.81270785161958,323.52738981825985,55551.525765930994,5.186571225154066
0.943012950028012,3.394846620100844,11.614557236222147,67.56496050851001,319.81428110067156,54635.423419418665,5.092269930151265
1.0373142450308133,3.394846620100844,11.626077666211708,67.33979964036823,317.41059451677967,54194.940141310275,4.997968635148463
1.1316155400336143,3.394846620100844,11.646090663623346,67.21574642722393,315.4537091911964,53693.09945350107,4.903667340145662
1.2259168350364158,3.394846620100844,11.6731457456094,67.13783637390729,317.2827712821143,54683.103645382296,4.809366045142862
1.3202181300392168,3.394846620100844,11.70073565882743,66.93438775160249,311.321996372161,52564.78925838072,4.715064750140059
1.414519425042018,3.394846620100844,11.734570938313338,66.96979187902765,313.97067821888993,53738.33044871805,4.620763455137259
1.5088207200448194,3.394846620100844,11.757975052183868,66.83453927160723,310.4583980527597,52561.14355991384,4.526462160134457
1.6031220150476206,3.394846620100844,11.794683278912958,66.7339587825889,307.328612145153,51391.706200934525,4.432160865131656
1.697423310050422,3.394846620100844,11.835334799528828,66.82221044067752,308.50182447839165,51763.89786968666,4.337859570128855
1.791724605053223,3.394846620100844,11.897514806490916,67.12348863843998,313.7137251963286,53306.64292650433,4.243558275126054
1.886025900056024,3.394846620100844,11.92587851597673,66.93110133412848,310.2332985283704,52122.99149799607,4.149256980123252
1.9803271950588257,3.394846620100844,11.988628466714736,67.2711802699961,316.2177323043511,53944.425856646914,4.054955685120451
2.0746284900616265,3.394846620100844,12.039645355074846,67.36483761525653,315.0785893928337,53259.035243572245,3.96065439011765
2.168929785064428,3.394846620100844,12.094092641025853,67.54583702664246,317.0732943239287,53722.53237493687,3.8663530951148486
2.263231080067229,3.394846620100844,12.138837433360989,67.61255398044905,315.07460314723164,52665.26961451152,3.772051800112048
2.35753237507003,3.394846620100844,12.217122121149009,68.13014206526017,324.0541045316346,55336.47021292806,3.6777505051092465
2.4518336700728316,3.394846620100844,12.27268918980635,68.28636821001282,324.37184022997167,55056.56820161994,3.583449210106445
2.5461349650756326,3.394846620100844,12.313772855877318,68.30561339655735,323.6173694943309,54713.675061352165,3.4891479151036444
2.6404362600784337,3.394846620100844,12.396117295276945,68.74385847003626,326.8799231886091,55066.91915015073,3.394846620100843
2.734737555081235,3.394846620100844,12.473242814553814,69.17568683402207,333.41240141754474,56816.16625160631,3.3005453250980414
2.829038850084036,3.394846620100844,12.530406730594436,69.3929691588894,335.68942126004004,57257.77861439242,3.206244030095241
2.9233401450868377,3.394846620100844,12.610987749307087,69.84747679207018,339.38770737211826,57802.13803556,3.1119427350924385
3.0176414400896387,3.394846620100844,12.680940677372652,70.21547527354151,344.170242945511,58996.48890310336,3.017641440089638
3.11194273509244,3.394846620100844,12.762230929468236,70.66213546614848,348.7125584447957,59806.95649266519,2.9233401450868373
3.2062440300952413,3.394846620100844,12.832683467001042,71.06704262169771,356.6295261107863,62209.49459829015,2.829038850084035
3.3005453250980423,3.394846620100844,12.908137812927778,71.46719764851062,358.31926772819594,62013.50886504316,2.7347375550812343
3.394846620100844,3.394846620100844,12.987061370436722,71.88543440675392,362.3097978210704,62715.91793645483,2.640436260078433
3.489147915103645,3.394846620100844,13.075539194915583,72.42993436887994,372.8969149018619,65833.49294486735,2.5461349650756313
3.583449210106446,3.394846620100844,13.158044888959193,72.9517049593063,375.8778405974237,65937.79208027321,2.4518336700728307
3.6777505051092474,3.394846620100844,13.249780009701832,73.54582263973423,386.2153407522035,68868.42358786798,2.357532375070029
3.772051800112048,3.394846620100844,13.348261407580464,74.17833060281772,392.83659693142306,70085.91750812843,2.2632310800672286
3.8663530951148495,3.394846620100844,13.433313291249794,74.66846040664973,395.8271208631022,70185.64222202725,2.168929785064427
3.960654390117651,3.394846620100844,13.516372439737058,75.20505388382848,402.04107793349334,71563.40863296218,2.0746284900616256
4.0549556851204525,3.394846620100844,13.608237872293529,75.81049805009187,410.3677574423755,73581.36495830877,1.9803271950588242
4.149256980123253,3.394846620100844,13.704345415732556,76.37176218853921,417.2479641860488,75127.57909615771,1.8860259000560236
4.2435582751260545,3.394846620100844,13.792080169562524,76.87274746437822,422.41932343621863,75927.17341028803,1.791724605053222
4.337859570128856,3.394846620100844,13.891442008568722,77.5831837276449,437.7895778486178,80589.1623508432,1.6974233100504206
4.432160865131657,3.394846620100844,13.991524753080126,78.25275544979314,458.80282385359703,87577.23309548399,1.60312201504762
4.526462160134458,3.394846620100844,14.079480001021471,78.72497206437512,446.0330162719252,81186.80053901451,1.5088207200448185
4.62076345513726,3.394846620100844,14.190276755838696,79.53220814785705,457.5099345080445,84139.98641755921,1.414519425042017
4.71506475014006,3.394846620100844,14.280464310033333,80.16050582264427,474.6236543444128,89562.2325321988,1.3202181300392164
4.809366045142862,3.394846620100844,14.390684292037712,80.8988642761809,475.1038145867741,87959.53617459432,1.225916835036415
4.903667340145663,3.394846620100844,14.47798167313444,81.52773907676882,491.1150581394906,93082.27362909976,1.1316155400336134
4.997968635148464,3.394846620100844,14.59696865980748,82.4491028727179,506.56776156251834,97118.39008891786,1.0373142450308128
5.092269930151265,3.394846620100844,14.7057691359655,83.0935750501481,513.0178243396898,98076.9446502494,0.9430129500280113
5.186571225154067,3.394846620100844,14.805535318105736,83.78315116400127,516.2950124048739,97759.97022336932,0.8487116550252098
5.280872520156867,3.394846620100844,14.903313512322203,84.39323166399475,534.876357146789,103655.9654961659,0.7544103600224092
5.375173815159669,3.394846620100844,15.011039671737318,85.07174513270411,534.6811502427045,101795.54703604314,0.6601090650196078
5.46947511016247,3.394846620100844,15.130055384546004,86.001602566842,550.9405788698531,106305.83142377276,0.5658077700168063
5.563776405165272,3.394846620100844,15.221409898051498,86.57101461675643,552.5641435666678,105370.46589611749,0.4715064750140048
5.658077700168072,3.394846620100844,15.340885290136436,87.4736905378736,573.0548927082648,111543.27406276869,0.3772051800112042
5.752378995170874,3.394846620100844,15.437724314335451,88.02940793737335,581.8506690582963,113438.92777148544,0.2829038850084027
5.846680290173675,3.394846620100844,15.57607908692841,89.13946796250539,615.7832625282882,124506.83966068491,0.1886025900056012
5.940981585176476,3.394846620100844,15.677175996933144,89.8442323180775,633.4304175104057,129776.65921854068,0.0943012950028006
6.0352828801792775,3.394846620100844,15.787828740135184,90.56692695283078,618.7803458382933,121975.58025888378,-8.881784197001252e-16
0.0,3.489147915103645,11.704303699386443,71.90889654403205,366.2471789804988,61945.46516144309,5.940981585176475
0.0943012950028012,3.489147915103645,11.675865042494038,71.29296403727531,361.0344886706577,61683.50105317945,5.8466802901736745
0.1886025900056024,3.489147915103645,11.65939899213082,70.79668948757612,355.60583138229373,60859.49520780195,5.752378995170872
0.2829038850084036,3.489147915103645,11.64981431683035,70.35974749868257,351.6255152631168,60587.18662781093,5.6580777001680715
0.3772051800112048,3.489147915103645,11.655283724786637,70.03526976575365,346.7527212015891,59607.44331467914,5.563776405165271
0.471506475014006,3.489147915103645,11.654869239789925,69.63707190074614,341.5114496483023,58450.60602770124,5.469475110162469
0.5658077700168073,3.489147915103645,11.64955332690102,69.29637084467724,340.6719910574402,59171.80637965901,5.375173815159668
0.6601090650196084,3.489147915103645,11.65820701339611,68.9091601128326,333.56521017653796,57157.41343183233,5.280872520156867
0.7544103600224097,3.489147915103645,11.667044942924107,68.5908509012718,329.55596994271866,56252.72529975702,5.186571225154065
0.848711655025211,3.489147915103645,11.679828985164493,68.31666730450632,326.95934561604037,55841.58941549086,5.092269930151264
0.943012950028012,3.489147915103645,11.692691208981753,68.09038474684345,325.3833647258768,55835.720712850016,4.997968635148464
1.0373142450308133,3.489147915103645,11.732809449822591,68.06523029405577,327.7241271525239,56815.38881753692,4.903667340145661
1.1316155400336143,3.489147915103645,11.743360981851058,67.81782772911072,320.99567575705066,54659.844503755856,4.809366045142861
1.2259168350364158,3.489147915103645,11.768626510958036,67.6287659996996,318.95650098349716,54303.73240186178,4.71506475014006
1.3202181300392168,3.489147915103645,11.810738990547076,67.69625568459655,321.61257878860204,55265.73517448763,4.620763455137258
1.414519425042018,3.489147915103645,11.836954099552718,67.4433207465483,316.461985069694,53560.074459929114,4.526462160134457
1.5088207200448194,3.489147915103645,11.877512167134498,67.5094216158671,318.67237085665374,54348.70498863217,4.432160865131657
1.6031220150476206,3.489147915103645,11.90562047506818,67.42414712213414,316.08659468629213,53486.07273550542,4.337859570128854
1.697423310050422,3.489147915103645,11.962872910128093,67.59757800865299,317.06599013581666,53564.950838107936,4.243558275126054
1.791724605053223,3.489147915103645,12.00092215910884,67.6480135788458,318.753628512758,54166.81277136651,4.149256980123253
1.886025900056024,3.489147915103645,12.0451999730348,67.67317132585599,319.87960330487255,54503.80147482981,4.054955685120451
1.9803271950588257,3.489147915103645,12.1072557079347,67.88911281025739,320.7004068479986,54313.355029379134,3.9606543901176496
2.0746284900616265,3.489147915103645,12.15659708931344,68.0122576958041,319.5200429179444,53629.77061713776,3.866353095114849
2.168929785064428,3.489147915103645,12.217915234974283,68.20895751930809,324.63927699174525,55216.316720288574,3.7720518001120475
2.263231080067229,3.489147915103645,12.267609126081696,68.34274067096777,325.8253270882702,55433.527416065335,3.677750505109247
2.35753237507003,3.489147915103645,12.338018736748088,68.69414325375946,327.24549125187525,55306.563406537454,3.5834492101064455
2.4518336700728316,3.489147915103645,12.408409198403266,69.07973597606129,331.70637574088056,56359.47862982967,3.489147915103644
2.5461349650756326,3.489147915103645,12.46520972908388,69.24741280420051,330.4990326228099,55455.53518636672,3.3948466201008434
2.6404362600784337,3.489147915103645,12.540176901887254,69.63311721324081,337.514390013429,57484.32762090362,3.300545325098042
2.734737555081235,3.489147915103645,12.596119039644412,69.78771073927598,338.0919822451558,57309.53488979786,3.2062440300952404
2.829038850084036,3.489147915103645,12.668146531060287,70.17185356343418,342.92387135056964,58509.56542440524,3.11194273509244
2.9233401450868377,3.489147915103645,12.751696117087242,70.61035780135087,348.387738741767,59716.790647616086,3.0176414400896374
3.0176414400896387,3.489147915103645,12.82572955959525,71.02334181641896,349.1348893517686,59178.90771442178,2.923340145086837
3.11194273509244,3.489147915103645,12.912486139182688,71.6210709769619,360.7948984696224,62733.50586708254,2.829038850084036
3.2062440300952413,3.489147915103645,12.99128613626598,71.90667470955117,359.96175004589355,61594.93635527677,2.734737555081234
3.3005453250980423,3.489147915103645,13.06307754976072,72.31038590169914,366.8733992332964,63496.802033024986,2.6404362600784332
3.394846620100844,3.489147915103645,13.145334617978264,72.74144828522995,370.23391442595937,63952.149262603736,2.5461349650756318
3.489147915103645,3.489147915103645,13.244975514926496,73.46458971263651,381.9829677703305,67233.84661704567,2.4518336700728303
3.583449210106446,3.489147915103645,13.31890058428026,73.79110770191008,383.4805182451749,66901.08679082229,2.3575323750700297
3.6777505051092474,3.489147915103645,13.418280560136283,74.40709190789113,392.2519832210544,69136.32267013624,2.263231080067228
3.772051800112048,3.489147915103645,13.49192527538244,74.78494909926707,391.51281147203446,68042.38711120722,2.1689297850644276
3.8663530951148495,3.489147915103645,13.586281250579225,75.43100290937892,407.44501031551346,73095.97097182048,2.074628490061626
3.960654390117651,3.489147915103645,13.685026428554536,75.99971064091051,409.7994303339772,72653.46122573013,1.9803271950588246
4.0549556851204525,3.489147915103645,13.76840112369381,76.51351261458989,421.61952300174295,76248.46710748247,1.886025900056023
4.149256980123253,3.489147915103645,13.85327704772763,77.0765116748235,428.969056053422,77919.87171954305,1.7917246050532225
4.2435582751260545,3.489147915103645,13.954669125236236,77.65185423565299,426.28991107917,75530.0471227218,1.697423310050421
4.337859570128856,3.489147915103645,14.05911632303576,78.4256387973835,442.33345985515547,80310.49007843938,1.6031220150476195
4.432160865131657,3.489147915103645,14.155466342632414,79.07935688159,451.078281119456,82408.49328325498,1.508820720044819
4.526462160134458,3.489147915103645,14.276865005784211,79.93475300734416,465.79430064340914,86326.7052346544,1.4145194250420174
4.62076345513726,3.489147915103645,14.35704057993346,80.48535785944205,472.4257789106811,87686.09898268357,1.320218130039216
4.71506475014006,3.489147915103645,14.464307082241492,81.14629435694903,490.66492039276545,93429.21585233323,1.2259168350364154
4.809366045142862,3.489147915103645,14.56350023825027,81.84539570497743,488.964090677977,91205.96207526012,1.1316155400336139
4.903667340145663,3.489147915103645,14.661657156070044,82.41446089854465,501.1639558050368,94602.2093583193,1.0373142450308124
4.997968635148464,3.489147915103645,14.770100610219806,83.06726625467996,504.3065965696533,94192.21332857828,0.9430129500280118
5.092269930151265,3.489147915103645,14.870783294043084,83.80893762091723,532.3395582006186,103739.21871744606,0.8487116550252103
5.186571225154067,3.489147915103645,14.981052815100924,84.4813173038782,526.9017439217837,99894.48242879884,0.7544103600224088
5.280872520156867,3.489147915103645,15.089766972687933,85.48049756972031,546.505253238787,105648.15944053812,0.6601090650196082
5.375173815159669,3.489147915103645,15.196059129002425,86.0199157944521,556.8855203642195,108217.13642183716,0.5658077700168067
5.46947511016247,3.489147915103645,15.314800237339348,86.90650064517924,569.487696557476,111258.75009359304,0.4715064750140052
5.563776405165272,3.489147915103645,15.417793145857656,87.6406756341866,574.1095244281971,111168.01173984684,0.37720518001120373
5.658077700168072,3.489147915103645,15.531144849871842,88.41514088241675,591.0822134888574,116003.33072015588,0.28290388500840313
5.752378995170874,3.489147915103645,15.640619279832318,89.1967511849022,599.2892691766355,117398.79582251485,0.18860259000560164
5.846680290173675,3.489147915103645,15.744498569971038,89.86753844069156,603.5872201571211,117351.60883716172,0.09430129500280016
5.940981585176476,3.489147915103645,15.85909534493718,90.7345256258149,629.182881367692,125380.90759008555,-4.440892098500626e-16
0.0,3.583449210106446,11.766824625306176,72.42266914657247,373.06607291784064,63611.85166627308,5.8466802901736745
0.0943012950028012,3.583449210106446,11.74275563263014,71.84540936025606,367.1615716465514,62924.66178944659,5.752378995170874
0.1886025900056024,3.583449210106446,11.727408336663682,71.36788231415571,362.0532604672904,62348.21105925028,5.6580777001680715
0.2829038850084036,3.583449210106446,11.706176538569917,70.70867146959054,353.5218984472873,60540.56061384915,5.563776405165271
0.3772051800112048,3.583449210106446,11.726600535418306,70.54794008849257,352.5780249466955,60795.84563472382,5.46947511016247
0.471506475014006,3.583449210106446,11.71692643793963,70.10431811124508,347.60808153037135,60008.04771402396,5.375173815159668
0.5658077700168073,3.583449210106446,11.727398615076932,69.68366258841634,342.3771026178829,58839.09558923464,5.280872520156867
0.6601090650196084,3.583449210106446,11.737979514653114,69.47428435293193,340.10478280399883,58588.70903331297,5.186571225154067
0.7544103600224097,3.583449210106446,11.75072292036566,69.06974238277995,332.5672868828439,56350.47459317874,5.092269930151264
0.848711655025211,3.583449210106446,11.768812032580628,68.92151865106099,333.89133659531063,57439.12087853494,4.997968635148464
0.943012950028012,3.583449210106446,11.79317633952442,68.70221798277055,331.723638559762,57068.1829242372,4.903667340145663
1.0373142450308133,3.583449210106446,11.818119682003912,68.5775211864382,329.1868292063815,56350.58836555629,4.809366045142861
1.1316155400336143,3.583449210106446,11.837938116664771,68.33141572791264,325.88616090822967,55520.11114689363,4.71506475014006
1.2259168350364158,3.583449210106446,11.872863251983595,68.32603957461616,325.9338682465615,55628.76348473285,4.62076345513726
1.3202181300392168,3.583449210106446,11.91028177533411,68.27438329404538,324.7814940086171,55260.29078183578,4.526462160134457
1.414519425042018,3.583449210106446,11.946414961005289,68.16646904943907,322.39571981117865,54441.80583082176,4.432160865131657
1.5088207200448194,3.583449210106446,11.986208624697229,68.16091800564553,324.4850880810889,55323.60103214733,4.337859570128855
1.6031220150476206,3.583449210106446,12.03093233753403,68.24204136996708,322.28690393666704,54317.29378591503,4.243558275126054
1.697423310050422,3.583449210106446,12.075697373525273,68.2459201398871,323.54585659395167,54814.96438814309,4.149256980123253
1.791724605053223,3.583449210106446,12.131752408518654,68.42927716571302,324.9709727200918,54939.94233517451,4.054955685120452
1.886025900056024,3.583449210106446,12.176477676292198,68.53670467497003,326.2452086034679,55333.31813724202,3.96065439011765
1.9803271950588257,3.583449210106446,12.217265435556907,68.54200234095767,325.99547529825156,55120.516343766125,3.8663530951148486
2.0746284900616265,3.583449210106446,12.291104451028094,68.82965096070248,326.82584404077465,54787.27083703521,3.772051800112048
2.168929785064428,3.583449210106446,12.336980685146973,68.95691658020503,329.009739234381,55521.87261378785,3.6777505051092465
2.263231080067229,3.583449210106446,12.409580822724202,69.24136850616563,333.2343379668303,56545.53243276065,3.583449210106446
2.35753237507003,3.583449210106446,12.476909229755938,69.50407187395982,333.13547186121843,55885.81414736529,3.4891479151036444
2.4518336700728316,3.583449210106446,12.54038703886638,69.82694777429708,337.64334368554967,57106.67055792972,3.394846620100843
2.5461349650756326,3.583449210106446,12.60628137802326,70.09105432016084,341.0278027628503,57928.54400977841,3.3005453250980423
2.6404362600784337,3.583449210106446,12.662555267686423,70.19788090589628,341.3169494744384,57672.04574897085,3.206244030095241
2.734737555081235,3.583449210106446,12.750045443084453,70.72728672734965,349.28250400008915,59835.5814400449,3.1119427350924393
2.829038850084036,3.583449210106446,12.824838467147522,71.18146887308197,353.6764146335803,60685.63940908547,3.0176414400896387
2.9233401450868377,3.583449210106446,12.896766838379296,71.39999622543743,355.29928633152036,60701.05746174688,2.9233401450868364
3.0176414400896387,3.583449210106446,12.979831612335955,71.9573146935326,366.26315692197903,64079.086342618975,2.8290388500840358
3.11194273509244,3.583449210106446,13.061321671960204,72.31362254889288,368.04287629096217,63944.208794812555,2.734737555081235
3.2062440300952413,3.583449210106446,13.132103355827468,72.74613250144427,372.3810431408973,64773.85596966138,2.640436260078433
3.3005453250980423,3.583449210106446,13.22758687532294,73.2860961221034,375.3565343381985,64769.66289303653,2.546134965075632
3.394846620100844,3.583449210106446,13.303375548685729,73.72370973728513,380.4945719418294,65854.19242539033,2.4518336700728307
3.489147915103645,3.583449210106446,13.386907438575912,74.10035433192158,386.50652394951703,67428.57748074608,2.357532375070029
3.583449210106446,3.583449210106446,13.481184606054391,74.73113235616754,393.3996670456277,68848.4549672085,2.2632310800672286
3.6777505051092474,3.583449210106446,13.561313973063186,75.21668330430356,398.45973971116894,69809.97116977484,2.168929785064427
3.772051800112048,3.583449210106446,13.648976009163562,75.58588872541408,404.5460958631989,71257.3153987998,2.0746284900616265
3.8663530951148495,3.583449210106446,13.74739077117104,76.28525595562495,411.2888081777104,72556.81328758599,1.980327195058825
3.960654390117651,3.583449210106446,13.835377667535752,76.70633006342243,415.51631126121833,73102.46969825207,1.8860259000560236
4.0549556851204525,3.583449210106446,13.94347812598538,77.4917831783103,428.60507349628944,76635.87849656567,1.791724605053222
4.149256980123253,3.583449210106446,14.037485456797096,78.13447636740298,438.6603588553102,79405.67954434536,1.6974233100504215
4.2435582751260545,3.583449210106446,14.12658158791622,78.66674074549019,448.06383309605025,81902.69880916186,1.60312201504762
4.337859570128856,3.583449210106446,14.226284710997856,79.21421325973664,451.3655799247515,81842.73537492017,1.5088207200448185
4.432160865131657,3.583449210106446,14.328182596959095,79.96758115681865,460.51217915622414,83875.63944038824,1.4145194250420179
4.526462160134458,3.583449210106446,14.438011393588036,80.73625475662001,472.474151489383,86885.21675080464,1.3202181300392164
4.62076345513726,3.583449210106446,14.52018191681992,81.20330125533874,478.4620754691703,88107.42570258192,1.225916835036415
4.71506475014006,3.583449210106446,14.647342348763368,82.23434831271165,490.563616592011,90782.1885427714,1.1316155400336143
4.809366045142862,3.583449210106446,14.737291811278448,82.66329419546557,500.8866239095593,93606.22587837222,1.0373142450308128
4.903667340145663,3.583449210106446,14.841721858856651,83.28538373209315,504.7758456703814,93754.96199626756,0.9430129500280113
4.997968635148464,3.583449210106446,14.9524936775028,84.08521729922467,518.8890074632117,97468.0485538744,0.8487116550252107
5.092269930151265,3.583449210106446,15.061071794258588,84.85710992503382,526.3686896684634,98606.91859418372,0.7544103600224092
5.186571225154067,3.583449210106446,15.164207525986274,85.45482503469083,535.8720801744499,100865.34955079504,0.6601090650196078
5.280872520156867,3.583449210106446,15.24651186402946,85.90022003420327,541.0011695616946,101745.7370896401,0.5658077700168072
5.375173815159669,3.583449210106446,15.377042026638502,86.97406016967386,560.0669770908163,107001.77660206676,0.47150647501400567
5.46947511016247,3.583449210106446,15.48232223817329,87.62611837929771,569.9639919943714,109116.6299801728,0.3772051800112042
5.563776405165272,3.583449210106446,15.587663740700272,88.45684883553236,578.9428728288613,110828.77100174384,0.2829038850084027
5.658077700168072,3.583449210106446,15.698778059585669,89.10185908546879,600.606032239952,117687.97850923122,0.1886025900056021
5.752378995170874,3.583449210106446,15.818906428759451,90.06040754850812,603.5027682701118,116562.1898624604,0.0943012950028006
5.846680290173675,3.583449210106446,15.942198661120113,90.89068831514066,626.393892888832,123556.5749887274,-8.881784197001252e-16
0.0,3.6777505051092474,11.8142888954447,72.82824289929539,375.76214131540746,63752.47514668378,5.752378995170873
0.0943012950028012,3.6777505051092474,11.802114953541924,72.26943696903719,373.4279707818581,64495.29484264385,5.658077700168072
0.1886025900056024,3.6777505051092474,11.787939435185752,71.71848012338071,366.5580668339053,63292.79537959688,5.56377640516527
0.2829038850084036,3.6777505051092474,11.79643425284825,71.38843177325539,362.4800581081744,62637.43469027702,5.4694751101624695
0.3772051800112048,3.6777505051092474,11.782654758132674,70.81911842030394,354.22127337081173,60721.324299682594,5.375173815159669
0.471506475014006,3.6777505051092474,11.80259933581288,70.64683348364254,353.37476904091363,61101.002484527446,5.2808725201568665
0.5658077700168073,3.6777505051092474,11.812789132905582,70.29044092747523,347.54781226515104,59631.420188111595,5.186571225154066
0.6601090650196084,3.6777505051092474,11.83086587959396,70.09914289443937,345.7523114162575,59495.362083815904,5.092269930151265
0.7544103600224097,3.6777505051092474,11.843780700052216,69.79474368827859,344.53698657053906,59805.144454919966,4.997968635148463
0.848711655025211,3.6777505051092474,11.86783026437714,69.65388992129348,342.191178339155,59294.23875352255,4.903667340145662
0.943012950028012,3.6777505051092474,11.893853641337762,69.48790019623817,339.9427365439545,58860.00540868881,4.809366045142862
1.0373142450308133,3.6777505051092474,11.913510883221717,69.17578229854757,335.7315291743262,57659.08925452081,4.715064750140059
1.1316155400336143,3.6777505051092474,11.953863386305958,69.13912321531889,335.2111636204556,57555.64021915565,4.620763455137259
1.2259168350364158,3.6777505051092474,11.978661326008485,68.96603214393292,333.04477947894014,57105.43315556135,4.526462160134458
1.3202181300392168,3.6777505051092474,12.01963152862759,68.92924660437542,330.55718028523046,56195.3255945744,4.432160865131656
1.414519425042018,3.6777505051092474,12.057853360201417,68.96566368496835,337.6864747531877,59046.13958391162,4.337859570128855
1.5088207200448194,3.6777505051092474,12.097511178968132,68.91169368723446,332.6435492637221,57114.00706022007,4.243558275126054
1.6031220150476206,3.6777505051092474,12.147263862208607,68.93870519219311,331.24546785824106,56413.11056877211,4.149256980123252
1.697423310050422,3.6777505051092474,12.178383266748536,68.831910537922,329.3432566537654,55941.98977554209,4.054955685120452
1.791724605053223,3.6777505051092474,12.240993714276078,69.10076471865426,332.4269677661473,56609.95107107782,3.96065439011765
1.886025900056024,3.6777505051092474,12.304045448335678,69.36697106074328,338.2118725685289,58469.7271684097,3.8663530951148486
1.9803271950588257,3.6777505051092474,12.361078641189469,69.47912660598284,338.0121890809447,58030.775947596114,3.772051800112047
2.0746284900616265,3.6777505051092474,12.409558680735394,69.42455958550487,333.23185627266344,56071.93571484412,3.6777505051092465
2.168929785064428,3.6777505051092474,12.48676335039978,69.84629802066362,340.70530141535517,58264.048760885235,3.583449210106445
2.263231080067229,3.6777505051092474,12.5448726401085,70.05916721678146,341.1402490965339,57934.68068427682,3.4891479151036444
2.35753237507003,3.6777505051092474,12.61165941621659,70.22724375302278,343.124487101695,58299.063713426345,3.394846620100843
2.4518336700728316,3.6777505051092474,12.669579084868284,70.48332788189504,343.7394501077025,58072.34469870875,3.3005453250980414
2.5461349650756326,3.6777505051092474,12.739307247705472,70.79581644791404,346.8102201700069,58592.430860023385,3.206244030095241
2.6404362600784337,3.6777505051092474,12.819249412027457,71.2026500766744,353.0556074684968,60263.68422969284,3.1119427350924393
2.734737555081235,3.6777505051092474,12.907482729591177,71.72385954855697,360.61736236804177,62261.030418913295,3.017641440089638
2.829038850084036,3.6777505051092474,12.97257417881112,71.92340852005363,358.8536421078492,61010.827311996414,2.9233401450868373
2.9233401450868377,3.6777505051092474,13.044917206969266,72.26389173386482,366.0361210879777,63088.714421929275,2.829038850084035
3.0176414400896387,3.6777505051092474,13.122327497609676,72.52882726679499,365.99197226951645,62288.30007886763,2.7347375550812343
3.11194273509244,3.6777505051092474,13.218761831941364,73.21885604487919,373.2636024258751,63907.11555065976,2.6404362600784337
3.2062440300952413,3.6777505051092474,13.28560827763634,73.54975965878401,378.56134002738463,65307.954047544365,2.5461349650756313
3.3005453250980423,3.6777505051092474,13.359823553619249,73.83184699819024,379.6822824097909,64983.0743211641,2.4518336700728307
3.394846620100844,3.6777505051092474,13.464195565564784,74.54248451924153,392.7842764531224,68799.35415901006,2.357532375070029
3.489147915103645,3.6777505051092474,13.538766027517967,74.95044315974812,393.1469014170706,68065.72111372925,2.2632310800672277
3.583449210106446,3.6777505051092474,13.63311237842772,75.45364932638157,397.8828824957124,68753.25836141118,2.168929785064427
3.6777505051092474,3.6777505051092474,13.72920268307504,76.08903187423147,406.263114587325,70791.67467397334,2.0746284900616256
3.772051800112048,3.6777505051092474,13.812698752734674,76.58740361594107,412.45965884260903,72157.00846205499,1.980327195058825
3.8663530951148495,3.6777505051092474,13.920885493455618,77.25701094173058,427.9072857970152,76820.84229261383,1.8860259000560236
3.960654390117651,3.6777505051092474,14.010506527711945,77.71372078618921,426.6189680580501,75184.18852737191,1.791724605053222
4.0549556851204525,3.6777505051092474,14.10861066747256,78.39821876328263,439.0677430879126,78700.29570309735,1.6974233100504206
4.149256980123253,3.6777505051092474,14.213153305338343,79.04859970638375,445.2157620882326,79645.6383958967,1.60312201504762
4.2435582751260545,3.6777505051092474,14.304163117752582,79.58112413950016,450.1855713821872,80408.89406371144,1.5088207200448185
4.337859570128856,3.6777505051092474,14.396312438278708,80.18381436324432,461.3239929545826,83472.51025804429,1.414519425042017
4.432160865131657,3.6777505051092474,14.515395379995638,81.03172995204105,476.7953659536171,87713.07433064653,1.3202181300392164
4.526462160134458,3.6777505051092474,14.601026540652382,81.58964815638512,481.87955524345335,88479.12843436055,1.225916835036415
4.62076345513726,3.6777505051092474,14.703991089576965,82.2879784073921,492.50908048112734,91206.20199358996,1.1316155400336134
4.71506475014006,3.6777505051092474,14.815860086286968,82.9739790376668,503.9175822372057,93978.26551044545,1.0373142450308128
4.809366045142862,3.6777505051092474,14.91163643811667,83.56129401946481,504.5745151831889,92768.63774035752,0.9430129500280113
4.903667340145663,3.6777505051092474,15.023321954664,84.32558173246004,514.9975234350255,95130.80670654752,0.8487116550252098
4.997968635148464,3.6777505051092474,15.133518734556484,85.01754275081588,527.6186404148923,98326.31942231071,0.7544103600224092
5.092269930151265,3.6777505051092474,15.237702162948226,85.70360533440734,533.9485569593068,99325.38382022132,0.6601090650196078
5.186571225154067,3.6777505051092474,15.344260559353335,86.48252948255525,552.8753869956571,105043.5611937344,0.5658077700168063
5.280872520156867,3.6777505051092474,15.449486783302223,87.19517720067869,567.5134039351391,109171.52990999512,0.47150647501400567
5.375173815159669,3.6777505051092474,15.56042165615126,87.95177741652242,574.2290955087107,109934.50535402609,0.3772051800112042
5.46947511016247,3.6777505051092474,15.673356861724528,88.67756362380061,583.6638015878038,111742.4061008176,0.2829038850084027
5.563776405165272,3.6777505051092474,15.783089330184332,89.26819218624209,590.7100451506809,112899.395361495,0.1886025900056012
5.658077700168072,3.6777505051092474,15.88766904118847,90.09141010443864,608.8937195247714,118315.5665444698,0.0943012950028006
5.752378995170874,3.6777505051092474,16.004814199074957,90.88412086709546,619.720222444713,120454.29842862843,-8.881784197001252e-16
0.0,3.772051800112048,11.879190580226094,73.24172442346709,380.4562629300429,64654.98870597807,5.658077700168072
0.0943012950028012,3.772051800112048,11.8680893167094,72.72995517440972,375.208622447138,64072.23380321647,5.563776405165272
0.1886025900056024,3.772051800112048,11.860736100839237,72.23106044835149,372.2927886374739,64375.95418197159,5.4694751101624695
0.2829038850084036,3.772051800112048,11.86601384391426,71.87661480118494,366.17525449957344,63023.88751064574,5.375173815159669
0.3772051800112048,3.772051800112048,11.87323890392326,71.53223622800053,360.7721512511247,61875.68700667112,5.280872520156868
0.471506475014006,3.772051800112048,11.87998911820426,71.18780614108437,357.62724634038705,61640.90991017946,5.186571225154066
0.5658077700168073,3.772051800112048,11.898351387698584,70.98318202382683,357.7447163560806,62412.87091668723,5.092269930151265
0.6601090650196084,3.772051800112048,11.909876711325998,70.59632419385747,352.0788055254804,60964.516297313006,4.997968635148465
0.7544103600224097,3.772051800112048,11.933270134649629,70.35037200335653,348.8037577697003,60280.38573514339,4.903667340145662
0.848711655025211,3.772051800112048,11.958261929623353,70.19395628245834,348.80475324690343,60733.07725759828,4.809366045142862
0.943012950028012,3.772051800112048,11.978938723206294,69.91381544491864,343.22782470431144,59036.28307935795,4.715064750140061
1.0373142450308133,3.772051800112048,12.020433912623782,69.84285092709095,340.384898323803,58115.77738398416,4.620763455137259
1.1316155400336143,3.772051800112048,12.049340713701516,69.71615178280972,341.81471564024656,59095.76750530434,4.526462160134458
1.2259168350364158,3.772051800112048,12.09681277189637,69.8077797426792,343.4545413205697,59639.84254747918,4.4321608651316575
1.3202181300392168,3.772051800112048,12.126285235270773,69.59802801791544,337.4382082393005,57566.87001114051,4.337859570128855
1.414519425042018,3.772051800112048,12.158712004617916,69.46323084348371,335.6104520307338,56975.221124693395,4.2435582751260545
1.5088207200448194,3.772051800112048,12.217071032229857,69.65769588985259,340.3039606627504,58557.01069693058,4.149256980123253
1.6031220150476206,3.772051800112048,12.267006551254736,69.68496223895106,338.88615615600014,57918.40507746878,4.054955685120452
1.697423310050422,3.772051800112048,12.32127399372918,69.83247185711885,341.7943737545488,58804.749085319374,3.960654390117651
1.791724605053223,3.772051800112048,12.372491409510566,69.94315192238935,341.4703092726377,58438.59115724144,3.8663530951148495
1.886025900056024,3.772051800112048,12.438062061966829,70.16755846116543,343.63045609948546,58910.22693914812,3.772051800112048
1.9803271950588257,3.772051800112048,12.488463432142312,70.18526699791748,347.00516224774844,60043.35537933093,3.6777505051092465
2.0746284900616265,3.772051800112048,12.555514307956305,70.46543013651457,346.66429746224804,59390.91833825765,3.583449210106446
2.168929785064428,3.772051800112048,12.609148225083322,70.5440110800894,344.98022016210797,58452.73999615316,3.4891479151036444
2.263231080067229,3.772051800112048,12.676620173886096,70.82010405568184,349.23048105156477,59530.02381938899,3.394846620100844
2.35753237507003,3.772051800112048,12.745823224764113,71.05272702722345,349.4595727170543,59149.61237950953,3.3005453250980423
2.4518336700728316,3.772051800112048,12.823070019348089,71.39528318376104,354.2454940665589,60139.30274619048,3.206244030095241
2.5461349650756326,3.772051800112048,12.890034276705002,71.69519334128009,357.7653306936924,61053.64987072012,3.1119427350924402
2.6404362600784337,3.772051800112048,12.967993518835806,72.08331800023457,363.522580568432,62495.85460511153,3.0176414400896387
2.734737555081235,3.772051800112048,13.031914813562176,72.25902155072075,365.00373872596055,62632.84974774338,2.9233401450868373
2.829038850084036,3.772051800112048,13.129320798323748,72.9153420215114,373.3344325617588,64698.20609522406,2.8290388500840367
2.9233401450868377,3.772051800112048,13.19605706762313,73.1405705568975,370.1233697437938,62739.29007524047,2.7347375550812343
3.0176414400896387,3.772051800112048,13.274468423013433,73.51513388973093,375.7536394090722,64158.40335394729,2.6404362600784337
3.11194273509244,3.772051800112048,13.358985165862114,73.97523265843252,379.37801467531466,64572.89660235316,2.546134965075633
3.2062440300952413,3.772051800112048,13.457606720242993,74.52638391627032,386.9285973830226,66397.81632450204,2.4518336700728307
3.3005453250980423,3.772051800112048,13.541538659724582,74.96656043161062,392.0736677631965,67370.25433075886,2.35753237507003
3.394846620100844,3.772051800112048,13.61138588351937,75.314997876111,395.70329253404975,68105.05489748904,2.2632310800672286
3.489147915103645,3.772051800112048,13.713042957806756,75.99166026139767,410.58733596858633,72641.15880807758,2.168929785064427
3.583449210106446,3.772051800112048,13.812393693881004,76.58109369488034,416.11203463725406,73544.35155997169,2.0746284900616265
3.6777505051092474,3.772051800112048,13.89831037388627,77.08526184756197,420.630743942379,74212.80743204283,1.980327195058825
0.0,0.2829038850084036,12.859299429935302,82.93669972570157,495.7096545300873,90109.18300469912,9.147225615271717
0.0943012950028012,0.2829038850084036,12.672221614173129,81.76064706407979,479.0020608619695,86732.29082010053,9.052924320268916
0.1886025900056024,0.2829038850084036,12.510097877289915,80.80160906090181,469.63146666561306,85720.86798038713,8.958623025266114
0.2829038850084036,0.2829038850084036,12.335863860740004,79.60269168397096,456.86140988183354,83706.94381596209,8.864321730263313
0.3772051800112048,0.2829038850084036,12.148860091413123,78.42840311003442,445.6916580772176,82228.53757593718,8.770020435260513
0.471506475014006,0.2829038850084036,12.00078792813372,77.6216426132816,441.2884689660998,82648.5507646138,8.67571914025771
0.5658077700168073,0.2829038850084036,11.829329121362107,76.5111405968576,429.0178089011642,80355.29339850777,8.58141784525491
0.6601090650196084,0.2829038850084036,11.67807037593947,75.63747717862913,415.8125734987446,77196.92847688372,8.487116550252109
0.7544103600224097,0.2829038850084036,11.525526914163446,74.82486337476658,409.4725222137244,76732.52357972624,8.392815255249307
0.848711655025211,0.2829038850084036,11.355311255357837,73.50284321451305,393.3780642310805,72897.7763841215,8.298513960246506
0.943012950028012,0.2829038850084036,11.220177363450556,72.75371273733693,386.6369030405874,71974.70673333951,8.204212665243706
1.0373142450308133,0.2829038850084036,11.076246582360351,71.9251991354324,377.17656889308074,70006.45238048755,8.109911370240903
1.1316155400336143,0.2829038850084036,10.945410650119788,71.16914690238357,371.70496756327935,69469.99283832088,8.015610075238103
1.2259168350364158,0.2829038850084036,10.807416866397473,70.3219607248106,363.1320971459821,67882.11352408899,7.921308780235302
1.3202181300392168,0.2829038850084036,10.69114709254151,69.76376749660102,357.3155301426639,66749.20108446068,7.8270074852325
1.414519425042018,0.2829038850084036,10.565399107033024,68.98087446535564,349.4381805295203,65225.317122171895,7.732706190229699
1.5088207200448194,0.2829038850084036,10.455216656930965,68.40156434450897,344.4067703037652,64469.82757395316,7.6384048952268975
1.6031220150476206,0.2829038850084036,10.338158410822714,67.61400408198263,336.23020215365176,62704.64999397881,7.544103600224096
1.697423310050422,0.2829038850084036,10.233218765143024,67.05089004306035,331.1459981481558,61827.5331863651,7.449802305221295
1.791724605053223,0.2829038850084036,10.132517605322716,66.52090295622197,328.18258769963103,61789.28806677394,7.355501010218494
1.886025900056024,0.2829038850084036,10.03894864342995,66.02849837195811,322.52029765813603,60544.438489947956,7.261199715215692
1.9803271950588257,0.2829038850084036,9.952534436225095,65.55726221031894,318.4551281779525,59850.4657728317,7.166898420212891
2.0746284900616265,0.2829038850084036,9.864515805185222,64.96763059146049,311.04094166668654,57928.131791961845,7.07259712521009
2.168929785064428,0.2829038850084036,9.782177162568768,64.65792034676831,311.0301875665471,58785.141145195026,6.978295830207289
2.263231080067229,0.2829038850084036,9.726833343843374,64.48784819035122,310.4652191519142,58940.05710409625,6.883994535204488
2.35753237507003,0.2829038850084036,9.649187509282122,63.94358426405229,304.0304455068962,57363.07391584053,6.789693240201687
2.4518336700728316,0.2829038850084036,9.587468365257592,63.74812931325167,304.07946303598095,57878.24227414021,6.695391945198885
2.5461349650756326,0.2829038850084036,9.528938255396689,63.44786493789154,300.9697343487591,57251.68857073086,6.601090650196085
2.6404362600784337,0.2829038850084036,9.476654886070175,63.15893576067656,300.3584657152792,57513.76854440596,6.506789355193283
2.734737555081235,0.2829038850084036,9.42569482296727,62.97330918721099,296.28029342789995,56351.85495394527,6.412488060190482
2.829038850084036,0.2829038850084036,9.393754980701871,62.94981275911397,298.71480772452793,57612.57965823879,6.318186765187681
2.9233401450868377,0.2829038850084036,9.34810206491156,62.701873788024386,296.10749497340277,56963.972976650315,6.223885470184879
3.0176414400896387,0.2829038850084036,9.314878257429193,62.644677963545554,295.4441765709845,56934.8268424316,6.129584175182078
3.11194273509244,0.2829038850084036,9.29184925745483,62.68379617032629,299.4241326161433,58617.83135571603,6.0352828801792775
3.2062440300952413,0.2829038850084036,9.266553314335638,62.62437498676938,297.2415218215372,57919.96779161384,5.940981585176475
3.3005453250980423,0.2829038850084036,9.251933917703491,62.70901128758317,300.0009684534037,58995.322734918554,5.8466802901736745
3.394846620100844,0.2829038850084036,9.2429526990778,62.758158882238895,300.9404012241008,59368.39959877388,5.752378995170873
3.489147915103645,0.2829038850084036,9.225461983017263,62.85261471405383,303.94042904240723,60592.81599527733,5.6580777001680715
3.583449210106446,0.2829038850084036,9.228506307475191,63.03949621942769,307.96535120991456,61987.872902129995,5.563776405165271
3.6777505051092474,0.2829038850084036,9.219531993903525,63.066576542384645,311.59078112154896,63472.76630866985,5.4694751101624695
3.772051800112048,0.2829038850084036,9.214966238015933,63.20116028957937,310.92900320123135,63073.74536826309,5.375173815159669
3.8663530951148495,0.2829038850084036,9.235965775323011,63.63354068098947,320.43398547242816,66320.47040974011,5.280872520156867
3.960654390117651,0.2829038850084036,9.241400635673289,63.71486375042691,322.13725928390494,66868.33594576518,5.186571225154066
4.0549556851204525,0.2829038850084036,9.24908153234767,63.893100665450234,324.5727080787607,67628.14993518256,5.092269930151264
4.149256980123253,0.2829038850084036,9.268999166908667,64.22367443748215,329.2281468319539,69008.25682094997,4.997968635148464
4.2435582751260545,0.2829038850084036,9.2891106461688,64.60562164814948,334.24225335716375,70500.6280278487,4.903667340145662
4.337859570128856,0.2829038850084036,9.311111310176528,64.84834308870441,335.82928477442505,70801.3446871863,4.809366045142861
4.432160865131657,0.2829038850084036,9.344871038487806,65.33244224070904,346.20684213383566,74230.97567600185,4.71506475014006
4.526462160134458,0.2829038850084036,9.37842688982739,65.75241591834418,352.9350670833093,76252.65249130849,4.620763455137259
4.62076345513726,0.2829038850084036,9.412101525767248,66.22762825065008,365.53722859729663,80637.64989362095,4.526462160134457
4.71506475014006,0.2829038850084036,9.448318535136233,66.64051410265336,368.1812293877395,81057.00161660746,4.432160865131657
4.809366045142862,0.2829038850084036,9.477046189471526,66.96897698807355,372.32854217021776,82138.71077572719,4.337859570128855
4.903667340145663,0.2829038850084036,9.527042529117765,67.49135816293116,384.1558765984908,86051.17480526652,4.243558275126054
4.997968635148464,0.2829038850084036,9.5738689954164,68.03868461551926,383.4073903540548,84845.2563094021,4.149256980123253
5.092269930151265,0.2829038850084036,9.636393340944084,68.75804233944969,400.271927023161,90485.7238022712,4.054955685120452
5.186571225154067,0.2829038850084036,9.67983021915424,69.12239681852587,397.8574309582742,88702.72881209893,3.96065439011765
5.280872520156867,0.2829038850084036,9.723341205478857,69.61700559542396,410.85790719873967,93197.86919280616,3.8663530951148495
5.375173815159669,0.2829038850084036,9.779366396052003,70.16985974981293,416.9164294938873,94666.3203691211,3.772051800112048
5.46947511016247,0.2829038850084036,9.84223915077209,70.8355291193511,430.4685133229645,98852.50691506872,3.6777505051092465
5.563776405165272,0.2829038850084036,9.909023801152731,71.56064272758329,434.82761472407816,99407.9348947416,3.583449210106445
5.658077700168072,0.2829038850084036,9.966494040329536,72.08296603932484,449.05552251801527,104105.11304166228,3.4891479151036444
5.752378995170874,0.2829038850084036,10.036496717125347,72.73387324261569,450.8380734168159,103530.99119697032,3.394846620100843
5.846680290173675,0.2829038850084036,10.09535939007504,73.35028644045342,466.4052293406899,108650.362140466,3.3005453250980414
5.940981585176476,0.2829038850084036,10.175050825527205,74.22302153204473,481.1902554761342,113082.19408676184,3.206244030095241
6.0352828801792775,0.2829038850084036,10.252749489641864,74.92471863105743,489.2903919320264,114909.24701850452,3.1119427350924393
6.129584175182079,0.2829038850084036,10.335510144424385,75.83540442324586,506.9838736010359,120392.19687001138,3.017641440089638
6.22388547018488,0.2829038850084036,10.384277098325908,76.13221320384214,507.8747859222398,119895.64481882002,2.9233401450868373
6.318186765187681,0.2829038850084036,10.483024400915523,77.2299303835096,533.5635757162123,128248.0013979496,2.8290388500840358
6.412488060190483,0.2829038850084036,10.5585757956405,77.95846025031065,542.593823689008,130343.638249969,2.7347375550812343
6.506789355193283,0.2829038850084036,10.648161802029534,78.77875854594832,547.8491683347394,130830.9250748354,2.6404362600784337
6.601090650196085,0.2829038850084036,10.71542690369792,79.35630506601365,582.252345493923,143392.70585693765,2.546134965075632
6.695391945198886,0.2829038850084036,10.820130818826634,80.42408515793365,584.1579742685302,142031.1485590665,2.4518336700728307
6.789693240201688,0.2829038850084036,10.887391713450585,81.02229789711957,588.5188190476512,142407.75349109207,2.357532375070029
6.883994535204488,0.2829038850084036,10.98032934769908,81.82304035605205,597.7726949105871,144328.11300095674,2.2632310800672286
6.97829583020729,0.2829038850084036,11.06872675487088,82.6868105742411,623.7457129983607,152841.06744353691,2.168929785064427
7.072597125210091,0.2829038850084036,11.149829077851658,83.35990604761204,618.4570392058148,149345.69585376454,2.0746284900616256
7.166898420212892,0.2829038850084036,11.247626700757724,84.38098966152917,644.7337989655566,157763.10058679729,1.980327195058825
7.261199715215693,0.2829038850084036,11.34923296315754,85.26274094907691,663.1886335189995,163184.02487897628,1.8860259000560236
7.355501010218495,0.2829038850084036,11.435447892001926,86.05933308427683,677.8193310047714,167209.90134661485,1.791724605053222
7.449802305221295,0.2829038850084036,11.543013690290351,87.14326438876884,699.6696330594161,173688.09782297403,1.6974233100504215
7.544103600224097,0.2829038850084036,11.626530434462694,87.78506299317931,714.3916426799731,177997.53066323634,1.60312201504762
7.638404895226898,0.2829038850084036,11.734297583568058,88.85483410003033,733.5968898262532,183233.8808855896,1.5088207200448185
7.732706190229699,0.2829038850084036,11.829845864527522,89.60482481624027,721.311613794261,176382.60938733406,1.4145194250420179
7.8270074852325004,0.2829038850084036,11.94258893051325,90.73633086248692,755.1998055286593,187504.3768567906,1.3202181300392164
7.921308780235302,0.2829038850084036,12.042435372849718,91.59561693117334,770.6427783419233,191534.50838964293,1.225916835036415
8.015610075238103,0.2829038850084036,12.141188819931928,92.52158425241518,793.1571370410311,198306.4662149897,1.1316155400336143
8.109911370240905,0.2829038850084036,12.227981733643272,93.16966427290008,783.862859734577,192818.17532798345,1.037314245030812
8.204212665243706,0.2829038850084036,12.355695809915304,94.46157036905704,828.3896697146812,207730.40013683835,0.9430129500280113
8.298513960246506,0.2829038850084036,12.446465302602642,95.23081523016192,842.1783159073693,211164.163061612,0.8487116550252107
8.392815255249308,0.2829038850084036,12.54221105004314,96.02207485984816,869.8309711740305,220208.12652072325,0.7544103600224084
8.487116550252109,0.2829038850084036,12.664792116186147,97.1842244327144,900.6838732459315,229750.81414837769,0.6601090650196078
8.58141784525491,0.2829038850084036,12.76608238179069,97.95289263277267,884.9129907934445,221147.23078091713,0.5658077700168072
8.675719140257712,0.2829038850084036,12.878349004701734,98.9542137988106,886.8182634363634,219292.6469539442,0.4715064750140048
8.770020435260513,0.2829038850084036,13.00521562446082,100.14675549242946,927.1108544575438,232274.4179465541,0.3772051800112042
8.864321730263313,0.2829038850084036,13.091872000681862,100.92115596792333,966.4146339983132,246145.28573419087,0.2829038850084036
8.958623025266116,0.2829038850084036,13.225601176909407,102.14629425003574,999.4666178805948,256138.67602896708,0.1886025900056012
9.052924320268916,0.2829038850084036,13.2970963199028,102.56650765448713,957.5428236874808,237940.32408597623,0.0943012950028006
9.147225615271717,0.2829038850084036,13.43024495204446,103.74279352319454,1018.1950785769374,259021.385099569,0.0
0.0,0.3772051800112048,12.750386649954464,81.90483063503001,483.3191688706604,88055.97767414553,9.052924320268916
0.0943012950028012,0.3772051800112048,12.57730028918135,80.88522853890537,471.6784594345374,86323.95895954859,8.958623025266116
0.1886025900056024,0.3772051800112048,12.394111793297762,79.69930436320942,458.290359158852,84134.95303647072,8.864321730263313
0.2829038850084036,0.3772051800112048,12.21661457488368,78.48969723080253,445.4826758661201,82073.4578079021,8.770020435260513
0.3772051800112048,0.3772051800112048,12.06019914893164,77.57577135296691,435.7194534706971,80561.37716662897,8.675719140257712
0.471506475014006,0.3772051800112048,11.899880019628249,76.54424148753932,424.6666119653507,78608.59409075872,8.58141784525491
0.5658077700168073,0.3772051800112048,11.74562258301772,75.67157557516018,417.5127058827808,78041.82319326038,8.487116550252109
0.6601090650196084,0.3772051800112048,11.58431561019458,74.66696687157636,405.02590753338154,75327.41871567018,8.392815255249308
0.7544103600224097,0.3772051800112048,11.429620559259646,73.59383060643543,393.8014552035318,73194.95013176443,8.298513960246506
0.848711655025211,0.3772051800112048,11.27663003830265,72.65733182196766,386.1249986458093,72191.80292207238,8.204212665243706
0.943012950028012,0.3772051800112048,11.154534712492302,71.94564502357375,377.9954361220458,70521.222288524,8.109911370240905
1.0373142450308133,0.3772051800112048,11.01205446426756,71.07546073575368,370.44843283730336,69461.30345443702,8.015610075238103
1.1316155400336143,0.3772051800112048,10.883890911342668,70.36683922040027,363.37324532691497,68179.03292599178,7.921308780235301
1.2259168350364158,0.3772051800112048,10.752354965528102,69.45331656880569,352.7933669266491,65761.62152569581,7.8270074852325004
1.3202181300392168,0.3772051800112048,10.63192650182638,68.71986112331662,346.49519669180273,64723.7449933869,7.732706190229698
1.414519425042018,0.3772051800112048,10.514821027192008,68.05273210849356,341.61826443248134,64288.027717791134,7.6384048952268975
1.5088207200448194,0.3772051800112048,10.41389301863314,67.54303112789057,334.1748091502273,62336.234658211506,7.544103600224096
1.6031220150476206,0.3772051800112048,10.310355707275912,66.9351221418041,330.5783339802312,62161.72009466111,7.4498023052212945
1.697423310050422,0.3772051800112048,10.216773487621532,66.50508722138352,328.22768808746804,62165.53258861539,7.355501010218494
1.791724605053223,0.3772051800112048,10.106358948509545,65.73112095275077,318.50848336761453,59744.92876696208,7.261199715215692
1.886025900056024,0.3772051800112048,10.031203863539078,65.41247566052311,320.8524008362636,61404.77997520179,7.166898420212891
1.9803271950588257,0.3772051800112048,9.937033751330086,64.78564094738537,312.01647330871907,59067.13136323027,7.072597125210089
2.0746284900616265,0.3772051800112048,9.856388206283404,64.32925849572729,305.93741735150496,57462.444572168024,6.978295830207289
2.168929785064428,0.3772051800112048,9.789684991972589,64.00346324221215,300.97721187440106,56181.25653009011,6.883994535204487
2.263231080067229,0.3772051800112048,9.71311021284033,63.5645231239363,298.8417346971713,56211.0438433903,6.789693240201687
2.35753237507003,0.3772051800112048,9.651150736692273,63.2807959119572,298.0569655727026,56478.099754161485,6.695391945198885
2.4518336700728316,0.3772051800112048,9.60620858016748,63.19976102953646,300.11218988239716,57632.73087466807,6.601090650196084
2.5461349650756326,0.3772051800112048,9.554083347250398,62.93155394499416,295.0881380802283,56152.92867534032,6.506789355193283
2.6404362600784337,0.3772051800112048,9.503988379010094,62.677257302242126,299.25649577728933,58387.94056954278,6.412488060190482
2.734737555081235,0.3772051800112048,9.474155314763976,62.65627139953047,294.10562060420926,56483.008748184664,6.31818676518768
2.829038850084036,0.3772051800112048,9.415557136686864,62.272324127251075,290.6207911898105,55768.23078699083,6.22388547018488
2.9233401450868377,0.3772051800112048,9.38467926044424,62.17026082450573,291.2177725180372,56293.78810534385,6.129584175182077
3.0176414400896387,0.3772051800112048,9.3627530303217,62.24322144075376,293.0733394259215,57088.55715787494,6.035282880179277
3.11194273509244,0.3772051800112048,9.334696223388915,62.068705668612125,289.7115795054388,55987.88679956622,5.940981585176476
3.2062440300952413,0.3772051800112048,9.32978327718307,62.25896309091846,295.14455786322816,58060.70074256055,5.846680290173674
3.3005453250980423,0.3772051800112048,9.310124544599512,62.24783857921049,295.5392902927566,58349.16907158762,5.752378995170873
3.394846620100844,0.3772051800112048,9.313051853951425,62.48122973785706,299.2946352971544,59576.42906980915,5.6580777001680715
3.489147915103645,0.3772051800112048,9.283453216508754,62.369334902390946,298.28185752556675,59405.69900512725,5.56377640516527
3.583449210106446,0.3772051800112048,9.300752229349012,62.626147285391696,306.8100200300465,62476.73564332382,5.4694751101624695
3.6777505051092474,0.3772051800112048,9.279947995426843,62.57254340410723,303.7869216227025,61467.688654926795,5.375173815159668
3.772051800112048,0.3772051800112048,9.299056434229206,62.918465561839085,313.48152579249097,64904.56060828251,5.280872520156867
3.8663530951148495,0.3772051800112048,9.315713417900126,63.24706621525604,315.8654071879656,65418.04293516271,5.186571225154066
3.960654390117651,0.3772051800112048,9.32012073267532,63.40124498046022,323.05013237395605,68138.15690664013,5.092269930151264
4.0549556851204525,0.3772051800112048,9.33311559522438,63.629047864446434,318.6422612550551,66112.9631315052,4.997968635148463
4.149256980123253,0.3772051800112048,9.359220012460325,64.02034215294512,326.72093926454966,68797.51312921643,4.903667340145662
4.2435582751260545,0.3772051800112048,9.393079257691651,64.41199171583199,329.6805451121377,69317.86754633138,4.809366045142861
4.337859570128856,0.3772051800112048,9.402691474877932,64.55727041856741,334.4027997487958,71031.40129566636,4.715064750140059
4.432160865131657,0.3772051800112048,9.443755091950145,65.05432999462298,340.29183395005424,72626.65299441769,4.620763455137259
4.526462160134458,0.3772051800112048,9.481304199938483,65.55331457773009,353.8913228513093,77337.38535132361,4.526462160134457
4.62076345513726,0.3772051800112048,9.512436799652647,65.84032387060645,351.972925114115,76039.84607403859,4.432160865131656
4.71506475014006,0.3772051800112048,9.559775773722787,66.45629916077692,363.82318943203967,79901.56556933839,4.337859570128855
4.809366045142862,0.3772051800112048,9.593411454734424,66.76547257025868,367.1710960058992,80754.39627041243,4.243558275126054
4.903667340145663,0.3772051800112048,9.658016849397857,67.4859364014657,375.6917664345309,82946.61102614299,4.149256980123252
4.997968635148464,0.3772051800112048,9.690633246182411,67.861210896993,387.4490843052389,87073.62239995843,4.054955685120452
5.092269930151265,0.3772051800112048,9.749799029816218,68.50726694685252,386.8151086553015,85764.86895288937,3.9606543901176505
5.186571225154067,0.3772051800112048,9.804116454083449,69.04229086151895,403.6604277851701,91550.8020240256,3.866353095114849
5.280872520156867,0.3772051800112048,9.85567223859712,69.62251326131044,408.5096265848187,92531.48161737376,3.7720518001120484
5.375173815159669,0.3772051800112048,9.916911241980875,70.24833020789197,420.08124988485827,96099.50542966374,3.677750505109247
5.46947511016247,0.3772051800112048,9.97513226037975,70.79992372185387,432.81084310580985,100166.70360030034,3.5834492101064455
5.563776405165272,0.3772051800112048,10.036097402747954,71.3651706867596,432.75057168612494,99039.23448729853,3.489147915103644
5.658077700168072,0.3772051800112048,10.099538891533332,72.02216414934513,444.9086535710212,102827.84059698344,3.3948466201008434
5.752378995170874,0.3772051800112048,10.165709125576834,72.62690203346794,457.9792585070285,106876.31951274692,3.300545325098042
5.846680290173675,0.3772051800112048,10.24985659028634,73.51115282132245,461.39329659714224,106662.58081361793,3.2062440300952404
5.940981585176476,0.3772051800112048,10.320741061629167,74.2903369686886,482.7400571631849,113941.2830929165,3.11194273509244
6.0352828801792775,0.3772051800112048,10.391721231130427,74.77301201451658,484.4085716855645,113387.12540297207,3.0176414400896383
6.129584175182079,0.3772051800112048,10.46614876998128,75.64798792562401,492.4866881749968,115125.70602340324,2.923340145086837
6.22388547018488,0.3772051800112048,10.540191834196865,76.21849126431462,502.31311437904674,117779.38396860656,2.829038850084036
6.318186765187681,0.3772051800112048,10.628308450908568,77.10088093884673,514.7169013861684,121078.5465341529,2.7347375550812347
6.412488060190483,0.3772051800112048,10.71851072095152,78.03146506355012,538.1562413063014,128631.1410183522,2.6404362600784332
6.506789355193283,0.3772051800112048,10.779182906581571,78.5567608690717,542.7057783152754,129470.14045104732,2.5461349650756326
6.601090650196085,0.3772051800112048,10.870635686216128,79.36907658262298,558.5635096296584,134128.349514067,2.451833670072831
6.695391945198886,0.3772051800112048,10.96411656579634,80.29004080228783,577.1275704002832,139615.69943904184,2.3575323750700297
6.789693240201688,0.3772051800112048,11.0492529597047,81.1003993799147,592.5207361979398,144178.1585947623,2.263231080067228
6.883994535204488,0.3772051800112048,11.14682990188368,82.08134143839004,612.3419064668741,150120.10615758845,2.1689297850644276
6.97829583020729,0.3772051800112048,11.2278173820713,82.74492856346012,611.7577223058532,148315.3075513157,2.074628490061626
7.072597125210091,0.3772051800112048,11.326597990347988,83.63793903482593,630.4307947453462,153946.08218745433,1.9803271950588244
7.166898420212892,0.3772051800112048,11.408865870021213,84.4971624178205,653.8571097129283,161629.62534329257,1.8860259000560238
7.261199715215693,0.3772051800112048,11.519479500111158,85.43167465595889,655.042787174504,159842.0500470724,1.7917246050532223
7.355501010218495,0.3772051800112048,11.613911167700603,86.26961298161471,672.8890125287163,165025.45574703242,1.6974233100504208
7.449802305221295,0.3772051800112048,11.697765689940002,86.95184827838878,669.9202913315025,162079.09930980642,1.6031220150476202
7.544103600224097,0.3772051800112048,11.786756834218057,87.7064195383173,683.532372649111,165867.1629991366,1.5088207200448187
7.638404895226898,0.3772051800112048,11.8852377054728,88.59234978639677,697.9790593034757,169503.16674245876,1.4145194250420172
7.732706190229699,0.3772051800112048,12.013364382129492,89.9677949406115,735.6916625661797,181741.45600052425,1.3202181300392166
7.8270074852325004,0.3772051800112048,12.09628252874172,90.531059812402,740.9746313693902,182244.7339313201,1.2259168350364151
7.921308780235302,0.3772051800112048,12.191942244585611,91.4055329867234,764.3040113911673,189501.404082226,1.1316155400336136
8.015610075238103,0.3772051800112048,12.311367268514998,92.41799901874538,768.7116457551929,188801.55562825105,1.037314245030813
8.109911370240905,0.3772051800112048,12.405144951864385,93.3382224032265,788.9185568767108,194623.3293945256,0.9430129500280107
8.204212665243706,0.3772051800112048,12.51365602677826,94.26468463850556,809.6881259663326,200690.38796995065,0.8487116550252101
8.298513960246506,0.3772051800112048,12.644514673068116,95.68491665058376,874.6544003451974,223513.0814386431,0.7544103600224095
8.392815255249308,0.3772051800112048,12.733537235397003,96.27465091823052,858.1394185003397,215175.05564670623,0.6601090650196071
8.487116550252109,0.3772051800112048,12.833124701922594,97.06918661671293,889.8317307316794,225732.52481630872,0.5658077700168065
8.58141784525491,0.3772051800112048,12.941517205013913,98.11737872080272,888.481877168964,222624.01247408817,0.47150647501400594
8.675719140257712,0.3772051800112048,13.059562360461095,99.249787793097,918.143479748528,231609.577848316,0.37720518001120357
8.770020435260513,0.3772051800112048,13.169264237719162,100.08475718808472,927.8988424201016,233039.86566948864,0.28290388500840297
8.864321730263313,0.3772051800112048,13.288468692498563,101.11094823043145,956.2759332999572,241515.14930501388,0.18860259000560237
8.958623025266116,0.3772051800112048,13.386342245833022,102.02804408917356,1009.9554788167288,260845.4134516836,0.09430129500279999
9.052924320268916,0.3772051800112048,13.495846711401557,102.985388313824,996.1973708684038,252578.10270626817,-6.106226635438361e-16
0.0,0.471506475014006,12.6355143231253,80.81619273666897,469.7267594855975,85396.45436037776,8.958623025266114
0.0943012950028012,0.471506475014006,12.470399054163323,79.90825475154003,464.29058878344586,86097.8248560084,8.864321730263313
0.1886025900056024,0.471506475014006,12.302348310180486,78.74907080413499,446.7774223095715,81935.47374913096,8.770020435260511
0.2829038850084036,0.471506475014006,12.128244098200309,77.62270804304626,436.2848835043661,80702.7556470612,8.67571914025771
0.3772051800112048,0.471506475014006,11.971755469985151,76.61126098106692,424.02514876467586,78336.94767142346,8.58141784525491
0.471506475014006,0.471506475014006,11.824126222310069,75.70152475463895,415.4183953095217,77037.28217436459,8.487116550252107
0.5658077700168073,0.471506475014006,11.655898072207886,74.56899630006887,399.8926005951085,73421.904315065,8.392815255249307
0.6601090650196084,0.471506475014006,11.510150960115368,73.72229483612526,394.2453405531336,73204.67219403925,8.298513960246506
0.7544103600224097,0.471506475014006,11.352234703305088,72.7002642153625,386.3340301068614,72425.29209894766,8.204212665243704
0.848711655025211,0.471506475014006,11.215419971253262,71.88509911918848,377.1411044895811,70538.1128659654,8.109911370240903
0.943012950028012,0.471506475014006,11.079739268452492,70.90291289452567,366.5937393487729,68270.87742542879,8.015610075238103
1.0373142450308133,0.471506475014006,10.944199604976674,70.1585119184586,358.83165768986737,66892.16561059428,7.921308780235301
1.1316155400336143,0.471506475014006,10.824031545618414,69.40780962720729,353.17397570585047,66208.54128827344,7.8270074852325004
1.2259168350364158,0.471506475014006,10.701607069951178,68.63219909598035,345.74958799081924,64802.08393455155,7.7327061902297
1.3202181300392168,0.471506475014006,10.596807481419331,68.12027196183325,341.3453900120463,64252.950939209346,7.6384048952268975
1.414519425042018,0.471506475014006,10.481474106040048,67.36330606994241,334.78930361556,63091.74812268445,7.544103600224097
1.5088207200448194,0.471506475014006,10.372726127390589,66.72294976384256,327.54530434106243,61519.26453284843,7.449802305221295
1.6031220150476206,0.471506475014006,10.273397108035148,66.138976689163,320.5971106561365,59916.83148487365,7.355501010218494
1.697423310050422,0.471506475014006,10.16725588356485,65.3943063316353,313.94861023638805,58679.49857880018,7.261199715215693
1.791724605053223,0.471506475014006,10.100883683789434,65.17528133174487,312.7352181812263,58745.39463337126,7.166898420212892
1.886025900056024,0.471506475014006,10.012163517924147,64.5630369197181,307.4926577360142,57781.576471738925,7.07259712521009
1.9803271950588257,0.471506475014006,9.932859818027886,64.18118746291864,304.33920172029815,57372.626170056115,6.978295830207289
2.0746284900616265,0.471506475014006,9.855939523471518,63.67396738826601,298.52721786978907,55947.0597804107,6.883994535204488
2.168929785064428,0.471506475014006,9.79397584979055,63.41937673904252,298.20748351726746,56431.82934807381,6.789693240201687
2.263231080067229,0.471506475014006,9.727877128391937,62.980544081744,293.31185834290477,55224.00714662821,6.695391945198886
2.35753237507003,0.471506475014006,9.680081056344171,62.81411921531054,293.9570296453359,55959.25038328756,6.601090650196085
2.4518336700728316,0.471506475014006,9.620069041449709,62.48704656846907,290.3039261704282,55100.81620402742,6.506789355193283
2.5461349650756326,0.471506475014006,9.57246514528894,62.257580887773834,287.85871129639406,54652.39367147911,6.412488060190483
2.6404362600784337,0.471506475014006,9.534943262959482,62.147599883396275,288.4509254313618,55168.91393243591,6.318186765187681
2.734737555081235,0.471506475014006,9.497917914746312,62.0062449711269,287.1194027416567,54992.96619501595,6.22388547018488
2.829038850084036,0.471506475014006,9.464365037860272,61.87982221061854,283.9996265315928,54063.852345051346,6.129584175182079
2.9233401450868377,0.471506475014006,9.44098428605276,61.89559334675461,288.1533466974601,55814.21822056348,6.035282880179277
3.0176414400896387,0.471506475014006,9.410579007813876,61.68697953552872,286.2248168300523,55395.20395169205,5.940981585176476
3.11194273509244,0.471506475014006,9.403089800589155,61.83839974177596,296.23045219120166,59329.97211847326,5.846680290173675
3.2062440300952413,0.471506475014006,9.393452865133794,61.94383276543782,299.13584434721287,60450.48490160658,5.752378995170873
3.3005453250980423,0.471506475014006,9.375077399303429,61.96999638813381,294.24412910332694,58562.73314015901,5.658077700168072
3.394846620100844,0.471506475014006,9.354309595350816,61.78148129743302,290.4514818084253,57357.98461867707,5.563776405165271
3.489147915103645,0.471506475014006,9.35911424484559,62.05205145909352,297.1514587411407,59753.387414395314,5.4694751101624695
3.583449210106446,0.471506475014006,9.36561970823247,62.24048898156143,296.3995384625046,59269.89753045637,5.375173815159669
3.6777505051092474,0.471506475014006,9.378141429056004,62.45217170905316,301.3033378828029,60907.400655273894,5.280872520156867
3.772051800112048,0.471506475014006,9.387208513199113,62.65574792318361,305.7231641526778,62439.43426117081,5.186571225154067
3.8663530951148495,0.471506475014006,9.39848136278926,62.89857045147912,311.98031595638105,64633.420737202185,5.092269930151265
3.960654390117651,0.471506475014006,9.39850160386617,62.94592406603505,310.3804845653623,63978.01763757096,4.997968635148464
4.0549556851204525,0.471506475014006,9.431102031251203,63.41918528736235,317.90621675263276,66367.7122911824,4.903667340145662
4.149256980123253,0.471506475014006,9.456191994491654,63.759584406658014,323.9582501400433,68254.8067485998,4.809366045142862
4.2435582751260545,0.471506475014006,9.49338316072743,64.22089097135401,332.3637932657827,70916.47299960612,4.71506475014006
4.337859570128856,0.471506475014006,9.5164791817756,64.49803234320666,333.9056413617546,71138.20281962358,4.620763455137259
4.432160865131657,0.471506475014006,9.54582965176423,64.81655220183262,335.2455602352151,71203.75735968855,4.526462160134458
4.526462160134458,0.471506475014006,9.581741830201452,65.24040705513167,342.5610108423152,73504.58426433706,4.432160865131657
4.62076345513726,0.471506475014006,9.61478378687152,65.58665306303645,345.7966628070271,74192.87641648344,4.337859570128855
4.71506475014006,0.471506475014006,9.690063279865091,66.43195241832962,367.476795107826,81554.17423248706,4.2435582751260545
4.809366045142862,0.471506475014006,9.7155816130831,66.71734882964815,372.4438258115549,83058.25056192,4.149256980123253
4.903667340145663,0.471506475014006,9.76183539214114,67.21558254055913,374.6283431169555,83191.45341388507,4.054955685120452
4.997968635148464,0.471506475014006,9.820724136320472,67.84208848641073,382.0218275001373,85076.02985033384,3.9606543901176505
5.092269930151265,0.471506475014006,9.875059036332932,68.33749181646117,388.5675560020659,86804.14624549822,3.866353095114849
5.186571225154067,0.471506475014006,9.935572002620807,68.95901446494037,398.1299552249126,89628.72053900546,3.7720518001120475
5.280872520156867,0.471506475014006,9.984313876997636,69.55349947245816,407.4543334814505,92399.46793123615,3.677750505109247
5.375173815159669,0.471506475014006,10.046763906353425,70.13599635509436,411.3552319392293,92954.032667193,3.5834492101064455
5.46947511016247,0.471506475014006,10.11168388839162,70.79095725952715,427.5092822218352,98197.27600538344,3.489147915103644
5.563776405165272,0.471506475014006,10.183235723412755,71.52204046687564,438.4086780083812,101325.33063917355,3.3948466201008425
5.658077700168072,0.471506475014006,10.242379859989516,72.06337052464684,443.5048186809598,102315.28890598922,3.300545325098042
5.752378995170874,0.471506475014006,10.315239698666426,72.77149251132212,458.7258073967285,107178.98098063369,3.2062440300952404
5.846680290173675,0.471506475014006,10.38859995524988,73.45872673448935,465.5363825956598,108625.1255435534,3.111942735092439
5.940981585176476,0.471506475014006,10.458753106486649,74.1009290827455,478.91689832779497,112716.60012562644,3.0176414400896383
6.0352828801792775,0.471506475014006,10.543967828158888,75.00898343491232,491.1058464409125,115951.85234327364,2.923340145086837
6.129584175182079,0.471506475014006,10.613626195057831,75.576925722013,499.3785418274059,118070.42560328924,2.8290388500840353
6.22388547018488,0.471506475014006,10.70036705199273,76.39879545432026,505.5553490743258,118908.9526937279,2.7347375550812347
6.318186765187681,0.471506475014006,10.775475770604896,77.10893170446457,515.3791399141264,121476.19125301292,2.6404362600784332
6.412488060190483,0.471506475014006,10.87012871322236,78.05088200229675,537.7888103594063,128549.09190717278,2.5461349650756318
6.506789355193283,0.471506475014006,10.94616677837925,78.74347914646503,552.3273331266572,133046.08406070227,2.451833670072831
6.601090650196085,0.471506475014006,11.027364573061067,79.52310190721656,560.5808675624978,134715.23574291714,2.3575323750700297
6.695391945198886,0.471506475014006,11.112741140692574,80.21178543893835,565.9085825945004,135375.6070672891,2.263231080067228
6.789693240201688,0.471506475014006,11.20816330513636,81.09229155951402,592.6580470099627,144229.07443513573,2.1689297850644267
6.883994535204488,0.471506475014006,11.303830092761928,82.05000559045777,599.6656651629364,145172.96895734168,2.074628490061626
6.97829583020729,0.471506475014006,11.395286924553472,82.95497305871115,612.7669829553057,148483.93668027484,1.9803271950588246
7.072597125210091,0.471506475014006,11.484690177619644,83.66285203545478,620.1536296007592,149882.47193310288,1.886025900056023
7.166898420212892,0.471506475014006,11.573130399164636,84.43964323647508,649.3495216733219,159781.80464141144,1.7917246050532225
7.261199715215693,0.471506475014006,11.67869985831177,85.50719266377125,660.4847827851128,162010.87208551427,1.697423310050421
7.355501010218495,0.471506475014006,11.775350901274486,86.42549683738883,678.759108311449,167304.84742288603,1.6031220150476195
7.449802305221295,0.471506475014006,11.876811782797017,87.26227046980104,686.0432111492141,168248.8975092026,1.508820720044819
7.544103600224097,0.471506475014006,11.980625591749009,88.20575645914488,702.3088576061413,172452.10921492733,1.4145194250420174
7.638404895226898,0.471506475014006,12.062274774713789,88.80787381767426,717.0958096262585,176818.97656859373,1.320218130039216
7.732706190229699,0.471506475014006,12.183031503096789,89.99283506679734,741.9107916210331,184208.1828703272,1.2259168350364154
7.8270074852325004,0.471506475014006,12.279315379175308,90.74972759146166,754.7222872281916,187421.44172143965,1.1316155400336139
7.921308780235302,0.471506475014006,12.381673928474664,91.7872367579647,771.4894469016798,191753.88464982825,1.0373142450308124
8.015610075238103,0.471506475014006,12.471508962335784,92.40456091104296,766.7421816102819,188135.72657131177,0.9430129500280119
8.109911370240905,0.471506475014006,12.581714743208645,93.48495924684022,795.6501270255859,197147.3585508412,0.8487116550252095
8.204212665243706,0.471506475014006,12.687831581024184,94.33476006427678,798.1389859654616,195760.86903305567,0.7544103600224089
8.298513960246506,0.471506475014006,12.816422377799974,95.61138158214366,831.2556866508704,206152.11741908296,0.6601090650196083
8.392815255249308,0.471506475014006,12.908959481633106,96.26540461974658,844.5080029687057,209644.51914121705,0.5658077700168059
8.487116550252109,0.471506475014006,13.013181420347715,97.32664269984112,872.1545557480606,218161.04507136,0.47150647501400533
8.58141784525491,0.471506475014006,13.122968070862964,98.1490069469442,883.5892865070502,220406.9847299423,0.37720518001120473
8.675719140257712,0.471506475014006,13.253687632935804,99.43574397656124,903.0301098152884,225000.54954711552,0.28290388500840236
8.770020435260513,0.471506475014006,13.351200699097886,100.32310158257155,967.9959662920244,248729.91549386457,0.18860259000560176
8.864321730263313,0.471506475014006,13.444541828531364,101.08047214222672,944.8025199245692,237533.64455697205,0.09430129500280116
8.958623025266116,0.471506475014006,13.567903765946594,102.14290089162076,977.0146576908296,247392.9569111567,-1.2212453270876722e-15
0.0,0.5658077700168073,12.552580160949246,80.11912861208013,467.2363167230996,86366.26061302747,8.864321730263313
0.0943012950028012,0.5658077700168073,12.373672153167211,78.90671643010026,452.8113608742101,83871.7400081971,8.770020435260513
0.1886025900056024,0.5658077700168073,12.204919277054518,77.8203779934586,438.1279800277088,80848.15445869797,8.67571914025771
0.2829038850084036,0.5658077700168073,12.039274135916717,76.63285721276321,422.2048341340047,77216.60206760635,8.58141784525491
0.3772051800112048,0.5658077700168073,11.87212138825835,75.51804166091159,417.01196403051546,77936.20276014239,8.487116550252109
0.471506475014006,0.5658077700168073,11.732664525836697,74.69665421940378,404.3901445559901,74954.47708188265,8.392815255249307
0.5658077700168073,0.5658077700168073,11.582640758321544,73.8811955519454,396.4557700912015,73883.13387855806,8.298513960246506
0.6601090650196084,0.5658077700168073,11.43858469775337,72.9086233048841,388.6270716891008,72911.50330939391,8.204212665243706
0.7544103600224097,0.5658077700168073,11.295169859816134,72.02142920205081,383.1802779248269,72820.20586636312,8.109911370240903
3.772051800112048,3.772051800112048,13.98751308945712,77.53828767944944,424.1281610793644,74497.48918199858,1.8860259000560244
3.8663530951148495,3.772051800112048,14.083218247755037,78.17204737701735,435.1166879780742,77519.44846920874,1.791724605053223
3.960654390117651,3.772051800112048,14.168561732011996,78.56146074467043,437.91157897996214,77569.66994296644,1.6974233100504215
4.0549556851204525,3.772051800112048,14.258238587328629,79.080908334051,446.48392508753386,79786.88779775499,1.60312201504762
4.149256980123253,3.772051800112048,14.376930269751876,79.88623167155475,454.4032839458628,81142.87091501437,1.5088207200448194
4.2435582751260545,3.772051800112048,14.4598880964221,80.43119953168707,465.5899455147007,84456.84858645781,1.4145194250420179
4.337859570128856,3.772051800112048,14.575193199679576,81.1688897987209,472.3640810316852,85340.64989432255,1.3202181300392164
4.432160865131657,3.772051800112048,14.676165494491634,81.75842171997174,475.45555929674146,85155.8701899299,1.2259168350364158
4.526462160134458,3.772051800112048,14.774104719929907,82.45432729543163,491.5135085971606,90051.57453515673,1.1316155400336143
4.62076345513726,3.772051800112048,14.882398274657923,83.11551775123883,497.4715293007274,90740.73698239207,1.0373142450308128
4.71506475014006,3.772051800112048,14.984747118455848,83.75434819333846,511.2216553332846,94681.56311534914,0.9430129500280122
4.809366045142862,3.772051800112048,15.096328381517562,84.51294812899806,518.9540291096401,96013.45904217688,0.8487116550252107
4.903667340145663,3.772051800112048,15.193009704372605,85.14304973828416,533.6707053356638,100280.17361769456,0.7544103600224092
4.997968635148464,3.772051800112048,15.29372933820435,85.77295138982747,536.5304554530767,99843.81099773086,0.6601090650196086
5.092269930151265,3.772051800112048,15.415464143946696,86.65131439687141,554.9294086714143,105075.7252214063,0.5658077700168072
5.186571225154067,3.772051800112048,15.515326081258584,87.18166364392088,556.1852666549216,104176.01498837968,0.47150647501400567
5.280872520156867,3.772051800112048,15.63003725216443,88.00618167594173,569.2854548286772,107350.733473163,0.37720518001120507
5.375173815159669,3.772051800112048,15.74388868078839,88.84501098053613,577.933094494089,108745.6007517582,0.2829038850084036
5.46947511016247,3.772051800112048,15.857587613381328,89.61095756417052,605.9120783373548,118048.65134442488,0.1886025900056021
5.563776405165272,3.772051800112048,15.97250755602894,90.28319267992669,605.1575417033245,115806.29236415312,0.0943012950028006
5.658077700168072,3.772051800112048,16.068277625810612,90.88406960443874,615.9760685752394,118527.08082362484,0.0
0.0,3.8663530951148495,11.938432070181522,73.78667096434165,388.3415239433415,66771.17271590748,5.563776405165271
0.0943012950028012,3.8663530951148495,11.928037547903038,73.22831726858752,380.98474460174873,65398.61690999495,5.46947511016247
0.1886025900056024,3.8663530951148495,11.938483728049214,72.90942613462204,378.2975766608604,65476.283397976535,5.375173815159668
0.2829038850084036,3.8663530951148495,11.942341626818878,72.42239185564243,371.4041276486247,63920.80819995961,5.280872520156867
0.3772051800112048,3.8663530951148495,11.959253244265204,72.15686297729687,371.63294683665646,64943.13998872438,5.186571225154067
0.471506475014006,3.8663530951148495,11.964808842787445,71.83714957188442,368.3805764160873,64583.46594489,5.092269930151264
0.5658077700168073,3.8663530951148495,11.9938142244191,71.61200469667898,362.3737957481435,62911.44012713994,4.997968635148464
0.6601090650196084,3.8663530951148495,12.01057080158998,71.34975097278628,358.8870433608994,62208.082986597125,4.903667340145663
0.7544103600224097,3.8663530951148495,12.026135734450488,70.91153434276552,351.78586632211193,60107.70409051448,4.809366045142861
0.848711655025211,3.8663530951148495,12.063388372294956,70.92934454042685,353.73242814868934,61166.3273759627,4.71506475014006
0.943012950028012,3.8663530951148495,12.090391546807238,70.67369903701669,351.3785525755138,60779.75952144965,4.62076345513726
1.0373142450308133,3.8663530951148495,12.12313296094887,70.5924754452251,351.97751857689383,61258.98341253803,4.526462160134457
1.1316155400336143,3.8663530951148495,12.154424650555274,70.37309272256375,345.8946986696942,59220.64858614587,4.432160865131657
1.2259168350364158,3.8663530951148495,12.202600533002617,70.51453021872209,349.7038757124807,60617.91107970824,4.337859570128856
1.3202181300392168,3.8663530951148495,12.240582335246522,70.44880858464941,348.9329418562353,60474.78328683015,4.243558275126054
1.414519425042018,3.8663530951148495,12.282358338419815,70.28841924671181,346.39414212991664,59635.67391081254,4.149256980123253
1.5088207200448194,3.8663530951148495,12.343545279895697,70.49296290351037,347.6206282083572,59755.21427892115,4.054955685120452
1.6031220150476206,3.8663530951148495,12.389355989599286,70.52681643687967,349.29898118332034,60402.38415060987,3.96065439011765
1.697423310050422,3.8663530951148495,12.447553839603682,70.57812185630253,347.4699942732069,59443.34849216486,3.8663530951148495
1.791724605053223,3.8663530951148495,12.517175763275496,70.8611239175736,351.60441985836803,60587.37171486715,3.772051800112048
1.886025900056024,3.8663530951148495,12.551858309715591,70.84444849704069,355.40495093365195,62138.64973065214,3.6777505051092465
1.9803271950588257,3.8663530951148495,12.622326208012744,71.06130959624099,351.05636319210134,59854.601445551314,3.583449210106445
2.0746284900616265,3.8663530951148495,12.68220676587118,71.17745150825854,355.63440156399577,61363.05572749506,3.4891479151036444
2.168929785064428,3.8663530951148495,12.751284692480285,71.39268575745311,354.6426610471927,60411.52947623301,3.394846620100843
2.263231080067229,3.8663530951148495,12.823605838905957,71.77371171447577,356.9656741294823,60617.26865765371,3.3005453250980423
2.35753237507003,3.8663530951148495,12.892175940313042,71.95842496134576,359.16742454163483,60990.301439251605,3.206244030095241
2.4518336700728316,3.8663530951148495,12.957531977055424,72.17771552005289,360.6782131680947,61027.773327453615,3.1119427350924393
2.5461349650756326,3.8663530951148495,13.045169857975395,72.60082587327295,365.488957874116,61982.53988546147,3.0176414400896387
2.6404362600784337,3.8663530951148495,13.109198721657933,72.91868039998283,374.7918676799679,65218.78624946397,2.9233401450868373
2.734737555081235,3.8663530951148495,13.19135859374716,73.26620443099321,373.88124727519113,64004.34940667832,2.8290388500840358
2.829038850084036,3.8663530951148495,13.273212407481006,73.75942102781582,380.6209775688264,65665.86155809538,2.734737555081235
2.9233401450868377,3.8663530951148495,13.351102890959249,74.06924549298134,380.9615794506542,65017.86529329018,2.640436260078433
3.0176414400896387,3.8663530951148495,13.432377383691632,74.39808714774716,383.6280925720029,65209.19801266555,2.546134965075632
3.11194273509244,3.8663530951148495,13.528160582823174,75.04754857885278,394.4741733228563,68271.60565469744,2.4518336700728316
3.2062440300952413,3.8663530951148495,13.605258234161678,75.40345124444342,398.06343839498135,68896.79578486996,2.357532375070029
3.3005453250980423,3.8663530951148495,13.695741114131868,75.82584182125976,401.8581292399847,69278.74821320815,2.2632310800672286
3.394846620100844,3.8663530951148495,13.77775818179127,76.26562518468432,412.6242286683526,72693.17320753462,2.168929785064427
3.489147915103645,3.8663530951148495,13.880929947997227,76.9373136125273,417.72470939750065,73249.90621766994,2.0746284900616256
3.583449210106446,3.8663530951148495,13.968897734743342,77.41064102590131,422.95612481404817,74263.10185067622,1.980327195058825
3.6777505051092474,3.8663530951148495,14.061896276360876,78.00518451278964,428.1732752207166,74978.28490340017,1.8860259000560236
3.772051800112048,3.8663530951148495,14.164370575510684,78.56034577965843,438.9521643120284,78001.37744772673,1.791724605053223
3.8663530951148495,3.8663530951148495,14.261709908311008,79.14783487448986,440.9081169300589,77345.1745792322,1.6974233100504215
3.960654390117651,3.8663530951148495,14.34677806327564,79.55233213142682,450.0313590931852,79968.04902888364,1.60312201504762
4.0549556851204525,3.8663530951148495,14.454560060193936,80.33405607500697,462.4703386541936,83241.17074983787,1.5088207200448185
4.149256980123253,3.8663530951148495,14.53787634913155,80.79155832444832,463.3454010955083,82504.68551132127,1.4145194250420179
4.2435582751260545,3.8663530951148495,14.650181608907548,81.46774965729442,473.0634614833295,84721.57206731096,1.3202181300392164
4.337859570128856,3.8663530951148495,14.749801163823708,82.05122931563952,479.87563480008686,85963.40010512073,1.225916835036415
4.432160865131657,3.8663530951148495,14.846418587854002,82.63119347391921,484.96841955601104,86559.70232764193,1.1316155400336143
4.526462160134458,3.8663530951148495,14.952543902175655,83.46677114335884,509.25750330610424,94531.10570760412,1.0373142450308128
4.62076345513726,3.8663530951148495,15.062489859608853,84.05229762318376,504.6824596976136,91034.50224213596,0.9430129500280113
4.71506475014006,3.8663530951148495,15.176884623511844,84.90507572864541,515.1739247413219,93356.03884559878,0.8487116550252107
4.809366045142862,3.8663530951148495,15.266474622155863,85.30949768507023,531.8488986387428,98819.89629249138,0.7544103600224092
4.903667340145663,3.8663530951148495,15.365371963690812,85.92202061134736,537.9336148908828,99764.51313299606,0.6601090650196078
4.997968635148464,3.8663530951148495,15.482150154305762,86.80102866019051,552.3696773713868,103448.42615568991,0.5658077700168072
5.092269930151265,3.8663530951148495,15.597992538241938,87.54395044291722,562.3837004389,105530.14311315316,0.47150647501400567
5.186571225154067,3.8663530951148495,15.67932983559047,87.99840368659693,567.9207029503259,106611.198895025,0.3772051800112042
5.280872520156867,3.8663530951148495,15.809182277918204,88.8726910472318,574.3815315360272,106898.04028898876,0.2829038850084036
5.375173815159669,3.8663530951148495,15.91580012337442,89.52438976768136,581.3610405995859,107897.86521378985,0.1886025900056021
5.46947511016247,3.8663530951148495,16.035162696155346,90.43045569213145,606.8442026501959,115894.02686992212,0.0943012950028006
5.563776405165272,3.8663530951148495,16.155893238420834,91.37454000786606,625.152542438185,121011.41950729616,-8.881784197001252e-16
0.0,3.960654390117651,12.007518387054375,74.16459442579847,392.5039458431886,67340.31148770027,5.4694751101624695
0.0943012950028012,3.960654390117651,12.00869819463724,73.78012647097484,385.0321558927775,65746.27672893868,5.375173815159669
0.1886025900056024,3.960654390117651,12.017800687388576,73.43339951852639,382.93028476503093,66069.08439170114,5.2808725201568665
0.2829038850084036,3.960654390117651,12.015946979284568,72.88992664640529,377.15220518510296,65200.55548511838,5.186571225154066
0.3772051800112048,3.960654390117651,12.04254204789512,72.7970830099873,375.9915866747885,65395.57355587673,5.092269930151265
0.471506475014006,3.960654390117651,12.059150813938022,72.45679648526644,371.9336260441543,64616.39458068269,4.997968635148463
0.5658077700168073,3.960654390117651,12.073365933306707,72.19076801787645,369.0511139024622,64305.958919313125,4.903667340145662
0.6601090650196084,3.960654390117651,12.10374648662925,72.00130596693012,367.37517221510706,64120.491514015135,4.809366045142862
0.7544103600224097,3.960654390117651,12.13159586887542,71.76268632149035,363.4543800190227,63154.66307570711,4.715064750140059
0.848711655025211,3.960654390117651,12.167872777679104,71.67431679006702,365.90462081263735,64446.66943809449,4.620763455137259
0.943012950028012,3.960654390117651,12.192302032705062,71.42348476613918,360.3800818159322,62847.30380716036,4.526462160134458
1.0373142450308133,3.960654390117651,12.230865487440518,71.24576454680388,355.5545704546423,61231.22083869937,4.432160865131656
1.1316155400336143,3.960654390117651,12.27214016095107,71.23736965614032,357.5049322897986,62146.805986634856,4.337859570128855
1.2259168350364158,3.960654390117651,12.312251139191469,71.18382729461862,355.74947438068483,61607.91197351146,4.2435582751260545
1.3202181300392168,3.960654390117651,12.357013077726542,71.15399691889276,355.45686667180587,61463.30186216532,4.149256980123252
1.414519425042018,3.960654390117651,12.416114360241506,71.27955812520105,356.9122087688326,61842.85391514314,4.054955685120452
1.5088207200448194,3.960654390117651,12.474698808801694,71.35402832557193,356.53954482067,61469.37176531867,3.96065439011765
1.6031220150476206,3.960654390117651,12.51671551536755,71.30959629331136,356.28085567781176,61507.43203689024,3.8663530951148486
1.697423310050422,3.960654390117651,12.575637563975915,71.4038229763054,356.2561492062024,61203.877824759984,3.772051800112048
1.791724605053223,3.960654390117651,12.648948147326694,71.76151903946258,364.4861261510513,63901.123746865305,3.6777505051092465
1.886025900056024,3.960654390117651,12.684840060415228,71.5694198521623,354.1948104061197,59905.9086763345,3.583449210106445
1.9803271950588257,3.960654390117651,12.761280276747728,71.96203075443543,363.45798654805697,62890.19336245635,3.4891479151036435
2.0746284900616265,3.960654390117651,12.821252823676597,72.0380174935318,360.03368189745686,61236.390760620416,3.394846620100843
2.168929785064428,3.960654390117651,12.888609704678164,72.29684690057596,364.33034732308226,62460.01682000822,3.3005453250980414
2.263231080067229,3.960654390117651,12.96163959869157,72.62939464432162,370.45931015389334,64209.30623925698,3.206244030095241
2.35753237507003,3.960654390117651,13.02822710645819,72.8206047716718,367.9403632470755,62678.23533069846,3.1119427350924393
2.4518336700728316,3.960654390117651,13.10617370758836,73.08515046636292,372.6805505820868,63906.717337479735,3.017641440089638
2.5461349650756326,3.960654390117651,13.189251169551133,73.61512110783434,382.96887454558635,66992.88604727313,2.9233401450868373
2.6404362600784337,3.960654390117651,13.25149723669868,73.70234694401233,380.66145588435666,65715.95335111981,2.8290388500840358
2.734737555081235,3.960654390117651,13.337999321027048,74.22834159026162,385.72897090318054,66604.44163171969,2.7347375550812343
2.829038850084036,3.960654390117651,13.431637099882217,74.6169459303956,386.4438019175131,65893.87094804116,2.6404362600784337
2.9233401450868377,3.960654390117651,13.501173039228838,74.86970563454898,393.5565672149549,68111.10175126663,2.5461349650756313
3.0176414400896387,3.960654390117651,13.572018853099552,75.13448126755311,393.5210017563596,67499.5866126462,2.4518336700728307
3.11194273509244,3.960654390117651,13.67910230960187,75.82735807636014,401.4192631083255,69130.80610529247,2.35753237507003
3.2062440300952413,3.960654390117651,13.78012721455466,76.4209692459665,408.5952119216506,70647.73041513846,2.2632310800672277
3.3005453250980423,3.960654390117651,13.856068031558644,76.81756251307169,417.003719257717,73208.6004820348,2.168929785064427
3.394846620100844,3.960654390117651,13.936750684176486,77.18822751121421,417.2458846416403,72333.81403690248,2.0746284900616256
3.489147915103645,3.960654390117651,14.032241164129363,77.73178589422376,423.7980908111032,73691.6142002093,1.9803271950588242
3.583449210106446,3.960654390117651,14.138344479981413,78.4604330505893,436.2313945408932,77079.45990063297,1.8860259000560236
3.6777505051092474,3.960654390117651,14.223694782097706,78.86739447036827,440.1594421280735,77619.78252836921,1.791724605053222
3.772051800112048,3.960654390117651,14.324934736784437,79.48004779998928,445.6042110690714,78390.49756775817,1.6974233100504215
3.8663530951148495,3.960654390117651,14.412027955973612,79.96221188016577,454.5152147281051,80862.50836966389,1.60312201504762
3.960654390117651,3.960654390117651,14.53008793660664,80.69953620891731,464.5927259433527,83105.96697529106,1.5088207200448185
4.0549556851204525,3.960654390117651,14.619166357515724,81.23009261300939,468.15884352085817,83244.2936628282,1.414519425042017
4.149256980123253,3.960654390117651,14.722231623115078,81.77785126926457,476.0473855988336,84921.47207653712,1.3202181300392164
4.2435582751260545,3.960654390117651,14.81661450125423,82.37327105561207,488.24480918913326,88501.69436181051,1.225916835036415
4.337859570128856,3.960654390117651,14.907034068235443,82.81847360703034,486.7905976190372,86645.169747054,1.1316155400336134
4.432160865131657,3.960654390117651,15.03323263134135,83.74969549542948,503.5407817028689,91287.6438258664,1.0373142450308128
4.526462160134458,3.960654390117651,15.127877481408667,84.24608362091082,510.3278768943898,92565.6655827078,0.9430129500280113
4.62076345513726,3.960654390117651,15.234244504574892,84.92647017888196,515.8331131848904,93198.6349957936,0.8487116550252098
4.71506475014006,3.960654390117651,15.323055998144842,85.43331205010423,525.4011070125548,95705.3787964768,0.7544103600224092
4.809366045142862,3.960654390117651,15.442927848809305,86.19751053068875,533.8288535400196,97066.8599247722,0.6601090650196078
4.903667340145663,3.960654390117651,15.554909613372924,86.98028845259262,547.4156449603491,100631.65480510343,0.5658077700168063
4.997968635148464,3.960654390117651,15.658775179540015,87.69106282241322,560.3574330089107,104137.76427490314,0.47150647501400567
5.092269930151265,3.960654390117651,15.78523097864263,88.47025001172324,587.0344064745558,112745.04798616115,0.3772051800112042
5.186571225154067,3.960654390117651,15.876031777053608,89.07244549052353,580.311635342488,108514.66748807608,0.2829038850084027
5.280872520156867,3.960654390117651,16.002958019903165,89.8427253492882,582.2911486396011,107145.51960321252,0.1886025900056021
5.375173815159669,3.960654390117651,16.110685909543957,90.6830658178056,606.2702215350025,114667.40422244355,0.0943012950028006
5.46947511016247,3.960654390117651,16.21821322809672,91.4060319935155,613.3968163428066,115723.9542107382,-8.881784197001252e-16
0.0,4.0549556851204525,12.085149355068898,74.84613969684315,398.0180047703112,68106.27505601144,5.375173815159668
0.0943012950028012,4.0549556851204525,12.086588553209266,74.41420425359567,395.7500297119563,68682.71869012511,5.280872520156867
0.1886025900056024,4.0549556851204525,12.097785932345166,74.06941204928196,387.6755573478639,66575.78636929097,5.186571225154065
0.2829038850084036,4.0549556851204525,12.10674952444423,73.61166085452356,386.1991179323937,67223.95713269598,5.092269930151264
0.3772051800112048,4.0549556851204525,12.13744377517421,73.49365234746317,387.3796967226478,68459.93859927174,4.997968635148464
0.471506475014006,4.0549556851204525,12.159023903165432,73.21399911069365,384.0420839787709,67838.68788849779,4.903667340145661
0.5658077700168073,4.0549556851204525,12.17486893972355,72.82697839576088,376.311557369744,65725.4379158265,4.809366045142861
0.6601090650196084,4.0549556851204525,12.193738470738534,72.59739551731043,372.28878535854466,64785.14598268013,4.71506475014006
0.7544103600224097,4.0549556851204525,12.230992208004077,72.41685969116858,370.24274870085446,64466.55766089286,4.620763455137258
0.848711655025211,4.0549556851204525,12.262661761661226,72.24247764799884,368.0225526079,64048.62972250557,4.526462160134457
0.943012950028012,4.0549556851204525,12.307731186039844,72.17546677530251,367.2944118219361,63979.12128798564,4.432160865131657
1.0373142450308133,4.0549556851204525,12.337892146511814,72.05663791542541,368.46005570094894,64781.68819434122,4.337859570128854
1.1316155400336143,4.0549556851204525,12.37453785729975,71.82979370949064,359.94909911346355,61745.521847567594,4.243558275126054
1.2259168350364158,4.0549556851204525,12.43532282733332,72.00592352736336,365.7758635879229,63829.686072122946,4.149256980123253
1.3202181300392168,4.0549556851204525,12.474765037458804,71.8281797558486,362.20489568011607,62686.696264624465,4.054955685120451
1.414519425042018,4.0549556851204525,12.539654435349057,72.01128192901935,362.92226663943705,62616.59800935632,3.96065439011765
1.5088207200448194,4.0549556851204525,12.577355417032816,71.95392632843166,365.33044920976135,63725.18749193939,3.8663530951148486
1.6031220150476206,4.0549556851204525,12.638741076355316,72.01860392206714,364.017789769139,63065.85881252178,3.772051800112047
1.697423310050422,4.0549556851204525,12.70876932228714,72.34432860558645,368.0315345716221,63951.7976899083,3.6777505051092465
1.791724605053223,4.0549556851204525,12.770242328874714,72.46130481610321,372.55953836993535,65462.26826083666,3.583449210106445
1.886025900056024,4.0549556851204525,12.82830243476615,72.54739356060892,365.7835945797787,62555.80052955188,3.4891479151036435
1.9803271950588257,4.0549556851204525,12.902543009733815,72.80351183799831,371.64322628859736,64267.46026730347,3.394846620100842
2.0746284900616265,4.0549556851204525,12.963026437018778,72.9898513199995,371.95527188013097,63949.76983472255,3.3005453250980414
2.168929785064428,4.0549556851204525,13.035668495249013,73.15428408699421,375.77424058736153,64994.59971473583,3.20624403009524
2.263231080067229,4.0549556851204525,13.095208153121146,73.3446420119277,372.5214722248389,63241.48590525917,3.1119427350924393
2.35753237507003,4.0549556851204525,13.185272183564724,73.85272152623142,388.6465673912734,68776.94020158854,3.017641440089638
2.4518336700728316,4.0549556851204525,13.24836386743898,73.92520823535295,380.3851237294445,65062.30497322015,2.9233401450868364
2.5461349650756326,4.0549556851204525,13.334542749824768,74.27915972547787,384.2472700072376,65706.44583888297,2.8290388500840358
2.6404362600784337,4.0549556851204525,13.41083656736337,74.69742729522909,388.90407703763015,66745.93787561674,2.7347375550812343
2.734737555081235,4.0549556851204525,13.49611461440325,75.18610162861825,395.5365816837723,68396.17442049742,2.640436260078433
2.829038850084036,4.0549556851204525,13.579400033512858,75.5363310860375,404.4181057369183,71094.81272522754,2.546134965075632
2.9233401450868377,4.0549556851204525,13.661676829653793,75.85719645215983,410.4984093376477,72659.06889191014,2.45183367007283
3.0176414400896387,4.0549556851204525,13.749158582904922,76.33088870096628,407.7605847772475,70470.85233553413,2.357532375070029
3.11194273509244,4.0549556851204525,13.838300050087494,76.8662821941513,411.6526203972732,70897.4973641135,2.2632310800672286
3.2062440300952413,4.0549556851204525,13.929707198034238,77.31669700366535,418.4552871091503,72538.76108162057,2.1689297850644262
3.3005453250980423,4.0549556851204525,14.014496568369868,77.67812637312568,423.3590748650963,73481.9335038921,2.0746284900616256
3.394846620100844,4.0549556851204525,14.108104269842848,78.21793850212138,430.16818469118493,75066.08856473496,1.9803271950588242
3.489147915103645,4.0549556851204525,14.21170258950316,78.89770330098317,440.21800910225767,77494.58044437137,1.8860259000560227
3.583449210106446,4.0549556851204525,14.301676584206882,79.24976255388695,440.4522248251067,76650.9233751403,1.791724605053222
3.6777505051092474,4.0549556851204525,14.38335058843734,79.71941873613468,449.3769673801314,79202.43463872834,1.6974233100504206
3.772051800112048,4.0549556851204525,14.488087197861022,80.32464455564354,456.6391271742647,80562.29089420132,1.60312201504762
3.8663530951148495,4.0549556851204525,14.576910757572657,80.84641285934471,460.74870037895187,80873.74475555313,1.5088207200448185
3.960654390117651,4.0549556851204525,14.702209830336862,81.66027491520065,470.5021202317344,82911.3514118181,1.414519425042017
4.0549556851204525,4.0549556851204525,14.79403146385022,82.12884128224164,478.4368840301611,84950.27464545741,1.3202181300392155
4.149256980123253,4.0549556851204525,14.906352254128656,82.86377536654435,492.486237785728,88810.70866730632,1.225916835036415
4.2435582751260545,4.0549556851204525,14.99431283228577,83.37761726412755,490.9035526133556,86977.34168000422,1.1316155400336134
4.337859570128856,4.0549556851204525,15.106617387013944,83.94818688219317,501.8743466288818,89815.75211261805,1.037314245030812
4.432160865131657,4.0549556851204525,15.201118275342534,84.63723851343765,514.100602397162,93148.90960896414,0.9430129500280113
4.526462160134458,4.0549556851204525,15.307531139721092,85.28924705900027,528.5112288113578,97257.498613156,0.8487116550252098
4.62076345513726,4.0549556851204525,15.408748195004137,85.89775060873272,531.2590165291816,96717.24010734742,0.7544103600224084
4.71506475014006,4.0549556851204525,15.516610121855871,86.49765912626454,536.3781472881252,97189.3269547889,0.6601090650196078
4.809366045142862,4.0549556851204525,15.621597975460327,87.28520831930595,547.0641628469699,99688.09984572484,0.5658077700168063
4.903667340145663,4.0549556851204525,15.725087666577018,87.85937823557981,560.6083951133136,103482.95857645538,0.4715064750140048
4.997968635148464,4.0549556851204525,15.848431256142392,88.70822247968643,572.5838688176013,106204.50362417626,0.3772051800112042
5.092269930151265,4.0549556851204525,15.95950157183698,89.44584053643891,583.1422056310155,108495.35160699756,0.2829038850084027
5.186571225154067,4.0549556851204525,16.05241349696992,89.8829651017808,579.0303752885147,105438.33807831886,0.1886025900056012
5.280872520156867,4.0549556851204525,16.17279954124573,90.74857650808444,598.9202526470591,111261.49013351709,0.0943012950028006
5.375173815159669,4.0549556851204525,16.278341546422652,91.39653827730648,612.000491207292,114666.152629816,-8.881784197001252e-16
0.0,4.149256980123253,12.14840866704421,75.33580179383695,406.1050508089494,70322.83012450971,5.280872520156867
0.0943012950028012,4.149256980123253,12.17481669252272,75.10987951340655,400.75101572811974,69139.23890574438,5.186571225154067
0.1886025900056024,4.149256980123253,12.179187237727731,74.68932872136858,399.0008200612884,69776.15280750714,5.092269930151264
0.2829038850084036,4.149256980123253,12.2022149686178,74.43232674585303,395.0688849439173,69203.10070123766,4.997968635148464
0.3772051800112048,4.149256980123253,12.220178700831134,74.1168296646964,391.910311642442,68832.2309558705,4.903667340145663
0.471506475014006,4.149256980123253,12.239640716978512,73.72482943333927,388.2572300241772,68382.28396026997,4.809366045142861
0.5658077700168073,4.149256980123253,12.26344465251342,73.44721536582205,384.5779411569372,67709.68414086681,4.71506475014006
0.6601090650196084,4.149256980123253,12.310193215616795,73.4426315331749,383.1383575855074,67315.63441537647,4.62076345513726
0.7544103600224097,4.149256980123253,12.330726689864402,73.06650468383178,376.3497943689376,65406.24379539649,4.526462160134457
0.848711655025211,4.149256980123253,12.38028524867466,73.0555005213236,377.79295281771493,66196.32998187927,4.432160865131657
0.943012950028012,4.149256980123253,12.418358223068378,72.9073804985477,374.9881599047736,65413.661868881936,4.337859570128856
1.0373142450308133,4.149256980123253,12.45908892827832,72.88455794776942,378.4550801992422,66964.97979285452,4.243558275126054
1.1316155400336143,4.149256980123253,12.510408407562318,72.90928368294824,378.1148198509426,66858.44580526014,4.149256980123253
1.2259168350364158,4.149256980123253,12.565915573478811,72.93689758305209,378.09322881147887,66770.34619100534,4.0549556851204525
1.3202181300392168,4.149256980123253,12.606675568745866,72.82874302698622,375.17571410399114,65822.53710243368,3.96065439011765
1.414519425042018,4.149256980123253,12.656472191881113,72.71138280746834,371.1736421091114,64316.30120595023,3.8663530951148495
1.5088207200448194,4.149256980123253,12.714207872127997,72.80973815360831,371.8326829428781,64403.797053158414,3.772051800112048
1.6031220150476206,4.149256980123253,12.77062216173626,72.92677552153627,377.5181385636211,66457.88251453587,3.6777505051092465
1.697423310050422,4.149256980123253,12.830879600252318,72.98682709206189,373.617173999912,64603.42890942488,3.583449210106446
1.791724605053223,4.149256980123253,12.895065809594824,73.20610277771192,377.1607041925239,65686.65381584689,3.4891479151036444
1.886025900056024,4.149256980123253,12.966962032001756,73.44834441364786,377.9665661704299,65439.88327324047,3.394846620100843
1.9803271950588257,4.149256980123253,13.036984401489883,73.68313513725778,380.4182724818514,65867.30761440088,3.3005453250980414
2.0746284900616265,4.149256980123253,13.104278987674906,73.84521579447586,380.6807064193736,65539.96705552666,3.206244030095241
2.168929785064428,4.149256980123253,13.172393248828062,74.0453068184297,383.7136262226021,66236.78863667676,3.1119427350924393
2.263231080067229,4.149256980123253,13.254930712250204,74.3388168442038,385.4824954808311,66248.5231799623,3.0176414400896387
2.35753237507003,4.149256980123253,13.32433241523579,74.53816478678444,386.6083470644295,66137.27613820614,2.9233401450868373
2.4518336700728316,4.149256980123253,13.401116080061316,74.92832901370792,393.41174721892224,68040.49123107633,2.8290388500840358
2.5461349650756326,4.149256980123253,13.481875425291348,75.22466024418308,392.5542721046244,67008.42683145551,2.734737555081235
2.6404362600784337,4.149256980123253,13.560729497351506,75.63417074805382,400.1689932571184,69145.82814572241,2.6404362600784337
2.734737555081235,4.149256980123253,13.637732130064178,75.93784257561337,401.46176789208863,68879.91226575185,2.546134965075632
2.829038850084036,4.149256980123253,13.742485267020404,76.61154141077932,410.4522637108733,71072.94241553967,2.4518336700728316
2.9233401450868377,4.149256980123253,13.823810239677227,76.88369238947473,411.61156422713594,70776.10546400984,2.357532375070029
3.0176414400896387,4.149256980123253,13.907588742916491,77.28322161384332,416.6160107262028,71776.43917924006,2.2632310800672286
3.11194273509244,4.149256980123253,14.002939580605595,77.8874957871167,423.4786616175702,73253.96244375198,2.168929785064428
3.2062440300952413,4.149256980123253,14.08697578434225,78.13638034181554,428.79419497671176,74587.26598531735,2.0746284900616256
3.3005453250980423,4.149256980123253,14.185453930876102,78.71365395097834,434.37352472473736,75571.05437874176,1.980327195058825
3.394846620100844,4.149256980123253,14.267478984027928,79.07132496879873,439.2239640978672,76515.883482556,1.8860259000560236
3.489147915103645,4.149256980123253,14.35560357181909,79.59650666699041,440.8378364350999,75953.55535262452,1.791724605053222
3.583449210106446,4.149256980123253,14.462387034617125,80.23016806926952,453.8101566457429,79512.18145735546,1.6974233100504215
3.6777505051092474,4.149256980123253,14.569427086884078,80.84355727233782,460.4127374356968,80778.90177179573,1.60312201504762
3.772051800112048,4.149256980123253,14.66802226089882,81.36395609570806,464.6721620302445,81187.25815159667,1.5088207200448194
3.8663530951148495,4.149256980123253,14.758464806358727,81.91795765154303,475.9763241050147,84482.68479726203,1.4145194250420179
3.960654390117651,4.149256980123253,14.857828325466514,82.4832615041641,479.73874030608334,84570.7086056918,1.3202181300392164
4.0549556851204525,4.149256980123253,14.948881812253177,82.98727222987446,485.71603937431314,85591.37533764631,1.225916835036415
4.149256980123253,4.149256980123253,15.058570259495111,83.57466622952856,495.9378636408658,88285.45969964251,1.1316155400336143
4.2435582751260545,4.149256980123253,15.17125829783764,84.29241816004443,505.8158788249695,90449.3907864809,1.0373142450308128
4.337859570128856,4.149256980123253,15.277308933330191,85.08776467006825,522.9718078816379,95540.17353442276,0.9430129500280113
4.432160865131657,4.149256980123253,15.393844410310596,85.7385148217391,528.8182327476459,96025.76563402211,0.8487116550252107
4.526462160134458,4.149256980123253,15.47453371978035,86.10745093788243,533.3935128342297,96921.61951035098,0.7544103600224092
4.62076345513726,4.149256980123253,15.58294339033677,86.9051092250144,544.6566191617385,99488.66342788996,0.6601090650196078
4.71506475014006,4.149256980123253,15.700256595724452,87.53476946740862,546.906814688046,98644.20559374748,0.5658077700168072
4.809366045142862,4.149256980123253,15.798472359277389,88.07702002467221,556.0940751788723,100834.06139135043,0.47150647501400567
4.903667340145663,4.149256980123253,15.922707829270518,89.01176012567188,569.8844674060796,104015.95770615846,0.3772051800112042
4.997968635148464,4.149256980123253,16.036619558104654,89.7419433022088,589.445469872485,109991.95555143052,0.2829038850084036
5.092269930151265,4.149256980123253,16.136806963863584,90.33848454336928,597.3018597919402,111549.75059451602,0.1886025900056021
5.186571225154067,4.149256980123253,16.241774520003055,90.95937859585254,608.5654276800212,114239.4004848153,0.0943012950028006
5.280872520156867,4.149256980123253,16.358731728316748,91.75392407970934,610.7105168690136,113078.03028010984,0.0
0.0,4.2435582751260545,12.237267791917848,75.99107886276019,412.3296400940223,71291.73971915706,5.186571225154066
0.0943012950028012,4.2435582751260545,12.262673080464198,75.81283544468035,412.19615921154633,72220.9146120947,5.092269930151265
0.1886025900056024,4.2435582751260545,12.269285559928324,75.32234963724551,404.3677650949062,70518.65690309054,4.997968635148463
0.2829038850084036,4.2435582751260545,12.300688321629204,75.19184525711938,404.9007661968208,71374.20605498894,4.903667340145662
0.3772051800112048,4.2435582751260545,12.31876561049995,74.75304511961944,399.5197152505994,70316.09762822837,4.809366045142862
0.471506475014006,4.2435582751260545,12.339430399357562,74.44190767694239,395.8608741541269,69864.90041881375,4.715064750140059
0.5658077700168073,4.2435582751260545,12.380546097947306,74.34856244664581,393.6502472332497,69357.01118869484,4.620763455137259
0.6601090650196084,4.2435582751260545,12.420245259848686,74.27183952494906,396.1819783891942,70776.63386562077,4.526462160134458
0.7544103600224097,4.2435582751260545,12.446685026886255,73.95541693118415,388.339424133616,68356.33955032173,4.432160865131656
0.848711655025211,4.2435582751260545,12.482500447221504,73.79480453685107,385.3025964748418,67624.18935577584,4.337859570128855
0.943012950028012,4.2435582751260545,12.529198552365228,73.72025774939601,384.6459547799191,67551.38946834541,4.2435582751260545
1.0373142450308133,4.2435582751260545,12.582477682957473,73.7473820368539,383.27591444757576,66980.99324615998,4.149256980123252
1.1316155400336143,4.2435582751260545,12.62449421286476,73.63364917098252,383.0101757720032,67173.06985370997,4.054955685120452
1.2259168350364158,4.2435582751260545,12.669041581186496,73.5296121269156,382.1132929858191,67064.21088601192,3.960654390117651
1.3202181300392168,4.2435582751260545,12.73539122896042,73.67094475908584,380.7564107104274,66188.41602482088,3.8663530951148486
1.414519425042018,4.2435582751260545,12.783747384229155,73.67467037050535,383.6090138526713,67367.90443239237,3.772051800112048
1.5088207200448194,4.2435582751260545,12.851485264175231,73.78087440529225,382.51957566660974,66569.54704100288,3.6777505051092465
1.6031220150476206,4.2435582751260545,12.899185001479792,73.6668890223869,378.70032970764487,65208.18983103873,3.583449210106445
1.697423310050422,4.2435582751260545,12.977903565085777,74.06609766249906,385.2778119291056,67024.85640053495,3.4891479151036444
1.791724605053223,4.2435582751260545,13.040787728656497,74.16082481531589,385.9599958069376,67054.11782510983,3.394846620100843
1.886025900056024,4.2435582751260545,13.106075825099024,74.26720336870248,386.2896009692113,66857.000539136,3.3005453250980414
1.9803271950588257,4.2435582751260545,13.18360281275734,74.57859018612997,388.83794062863274,67159.21675225254,3.20624403009524
2.0746284900616265,4.2435582751260545,13.244503734501595,74.72440877256702,389.4144104062644,67062.77867234583,3.1119427350924393
2.168929785064428,4.2435582751260545,13.31831127673824,75.01345599905409,392.2504854997964,67550.40305188143,3.017641440089638
2.263231080067229,4.2435582751260545,13.395457330147329,75.2359233041051,394.8832180705311,68004.76431402017,2.9233401450868373
2.35753237507003,4.2435582751260545,13.486189333228513,75.66127917954074,397.0080529097495,67817.8173976413,2.8290388500840358
2.4518336700728316,4.2435582751260545,13.55511861389392,76.00848601041503,407.9032099502342,71562.30146734638,2.7347375550812343
2.5461349650756326,4.2435582751260545,13.637590388826236,76.26776265778258,405.1612106760826,69637.51970257566,2.6404362600784337
2.6404362600784337,4.2435582751260545,13.707453113286736,76.4046249291248,404.85461807436394,69109.56173923607,2.546134965075632
2.734737555081235,4.2435582751260545,13.805560094685188,77.01395501669111,419.4771480393746,73648.11851854943,2.4518336700728307
2.829038850084036,4.2435582751260545,13.892998064990866,77.3839409864477,420.0060819261755,72996.8040278205,2.35753237507003
2.9233401450868377,4.2435582751260545,13.977041635433466,77.76855479262983,423.1479745201959,73245.73592358685,2.2632310800672277
3.0176414400896387,4.2435582751260545,14.07172006094844,78.23730129885979,428.518879144072,74242.65551265267,2.168929785064427
3.11194273509244,4.2435582751260545,14.163372703470973,78.7203332744893,434.6476132510954,75580.45479017422,2.0746284900616265
3.2062440300952413,4.2435582751260545,14.251215195727813,79.11893394939548,437.14638679504486,75549.36265398344,1.9803271950588242
3.3005453250980423,4.2435582751260545,14.347433734761784,79.70501360635413,449.29794361358006,79168.42415013823,1.8860259000560236
3.394846620100844,4.2435582751260545,14.431999301440472,80.1190458931184,457.0730236915191,81194.55439445423,1.791724605053222
3.489147915103645,4.2435582751260545,14.543556232801365,80.71734297064026,458.9705098361752,80456.88280595206,1.6974233100504206
3.583449210106446,4.2435582751260545,14.631598752994826,81.17594915302475,461.0116295347595,80098.69010410405,1.60312201504762
3.6777505051092474,4.2435582751260545,14.73777131461573,81.77928976169576,470.2611178734914,82297.70026696024,1.5088207200448185
3.772051800112048,4.2435582751260545,14.819626650002691,82.23101595293231,515.1086725111456,99196.39888261864,1.4145194250420179
3.8663530951148495,4.2435582751260545,14.93019857948116,82.85797521035911,488.5135373494784,87001.5186810232,1.3202181300392164
3.960654390117651,4.2435582751260545,15.039562081751514,83.61118492363323,500.07206335977907,89924.10576729086,1.225916835036415
4.0549556851204525,4.2435582751260545,15.135407672570208,84.06779141941293,500.2234758735008,88699.17420935893,1.1316155400336134
4.149256980123253,4.2435582751260545,15.239055252862844,84.67642832147064,513.4872188265438,92502.87957879229,1.0373142450308128
4.2435582751260545,4.2435582751260545,15.341845413772964,85.22120935350398,520.9115390584311,93994.85092925908,0.9430129500280113
4.337859570128856,4.2435582751260545,15.446611913963809,85.81677445085556,523.4873413663029,93337.8910618222,0.8487116550252098
4.432160865131657,4.2435582751260545,15.556064912539458,86.64293994276794,535.0359439062405,96148.47811251233,0.7544103600224092
4.526462160134458,4.2435582751260545,15.656952519843566,87.10030708409548,545.4965840745393,98988.09615518089,0.6601090650196078
4.62076345513726,4.2435582751260545,15.774863909073924,88.00538420792078,559.1807613111495,102330.60656226968,0.5658077700168063
4.71506475014006,4.2435582751260545,15.871768386650508,88.52050139870582,559.1466185719655,100865.39024521488,0.47150647501400567
4.809366045142862,4.2435582751260545,15.98370118791871,89.18951585507486,568.4088301609679,102762.29830116576,0.3772051800112042
4.903667340145663,4.2435582751260545,16.092162653649346,89.77138459527534,582.4823886100837,106748.37556675432,0.2829038850084027
4.997968635148464,4.2435582751260545,16.213707164094735,90.67067177621948,596.2812847705901,109962.06291265546,0.1886025900056021
5.092269930151265,4.2435582751260545,16.3164443572233,91.31683325318104,604.8701715248831,111891.97631909844,0.0943012950028006
5.186571225154067,4.2435582751260545,16.425681598374997,91.90258960710396,610.9817195075101,112507.52881019285,-8.881784197001252e-16
0.0,4.337859570128856,12.323738839802065,76.63931744251335,419.7013458684602,72756.99647232029,5.092269930151264
0.0943012950028012,4.337859570128856,12.336697383546015,76.29902050493729,415.741364421214,72477.18395096142,4.997968635148464
0.1886025900056024,4.337859570128856,12.358100371153432,75.97157615622572,411.70781599908247,71924.9305037753,4.903667340145661
0.2829038850084036,4.337859570128856,12.392620974968462,75.74689079270192,409.5752508895194,71900.03761198737,4.809366045142861
0.3772051800112048,4.337859570128856,12.410395749387195,75.38462318301387,405.0544206495543,71169.24753755824,4.71506475014006
0.471506475014006,4.337859570128856,12.46258082721663,75.45483897052856,407.93928787935926,72523.66913507313,4.620763455137258
0.5658077700168073,4.337859570128856,12.488006699422163,75.11373592263334,402.11653485812747,71006.28881779693,4.526462160134457
0.6601090650196084,4.337859570128856,12.509289259677246,74.83772915808912,400.8245285145101,71383.47878907924,4.432160865131657
0.7544103600224097,4.337859570128856,12.564481395249652,74.8120420250691,396.75580635282745,69844.69235462302,4.337859570128854
0.848711655025211,4.337859570128856,12.590361660732876,74.48022210109039,394.7257352674887,69821.22313004435,4.243558275126054
0.943012950028012,4.337859570128856,12.6490504758403,74.60772109964779,395.05073882391406,69859.72501118558,4.149256980123253
1.0373142450308133,4.337859570128856,12.691442314869564,74.40981776430118,393.5664691216178,69663.58676101224,4.054955685120451
1.1316155400336143,4.337859570128856,12.746666622024351,74.45367894156672,392.1621692901161,69029.04413139877,3.96065439011765
1.2259168350364158,4.337859570128856,12.795982739764526,74.3475195528372,393.2421939588272,69558.30311749087,3.8663530951148495
1.3202181300392168,4.337859570128856,12.858139590585765,74.43846057504263,390.8004322730535,68496.26113220901,3.772051800112047
1.414519425042018,4.337859570128856,12.921123666749525,74.6018539738035,395.91098753458976,70165.18962046917,3.6777505051092465
1.5088207200448194,4.337859570128856,12.97623194299432,74.65089486416286,391.8847603002242,68502.48070419763,3.583449210106445
1.6031220150476206,4.337859570128856,13.045261599761275,74.7166185902343,392.568629447959,68454.40148023322,3.4891479151036435
1.697423310050422,4.337859570128856,13.100367514954884,74.86307308745312,394.6774797113292,69044.63562666156,3.394846620100843
1.791724605053223,4.337859570128856,13.173409711154015,75.01746760218941,397.4511667184525,69774.61571461898,3.3005453250980414
1.886025900056024,4.337859570128856,13.247401000867743,75.17986318890027,401.3990944150673,70811.00962435716,3.20624403009524
1.9803271950588257,4.337859570128856,13.317432359251384,75.49977947445001,402.16138320155983,70555.67674271706,3.1119427350924385
2.0746284900616265,4.337859570128856,13.400212621743066,75.7411889264908,401.93347709255954,69781.8040702141,3.017641440089638
2.168929785064428,4.337859570128856,13.470031963819752,75.91836422556204,403.06238973292176,69781.67768202687,2.9233401450868364
2.263231080067229,4.337859570128856,13.550067673164504,76.25036433131623,407.6935238709488,70849.31734123231,2.8290388500840358
2.35753237507003,4.337859570128856,13.619313440504524,76.43303127183,411.1154398724312,71687.9913508683,2.7347375550812343
2.4518336700728316,4.337859570128856,13.709782048302277,76.86274399204486,413.2693562960536,71543.43593073678,2.640436260078433
2.5461349650756326,4.337859570128856,13.776242001862984,76.97198200406095,413.80942460893255,71323.81468067202,2.546134965075632
2.6404362600784337,4.337859570128856,13.861583295635604,77.43002696763133,417.7701579671034,71931.28515068594,2.4518336700728307
2.734737555081235,4.337859570128856,13.961051231605616,77.90207476638172,421.7693193261708,72318.4481207968,2.357532375070029
2.829038850084036,4.337859570128856,14.063911339662935,78.53756463830945,434.28471906088,75948.99835025315,2.2632310800672286
2.9233401450868377,4.337859570128856,14.134646026548785,78.68177242645424,435.2439053874344,75869.42539832735,2.1689297850644262
3.0176414400896387,4.337859570128856,14.232716996377397,79.17111366628185,439.70302834601466,76487.47561628056,2.0746284900616256
3.11194273509244,4.337859570128856,14.326972972821382,79.71121680781579,445.2507790706944,77430.8146914715,1.980327195058825
3.2062440300952413,4.337859570128856,14.417060880594954,80.10950796395622,451.44607010836063,78788.97254599677,1.8860259000560227
3.3005453250980423,4.337859570128856,14.505872187364991,80.53935881929809,454.8739413894326,79118.61618469073,1.791724605053222
3.394846620100844,4.337859570128856,14.615131644927088,81.26856062298862,465.8767789150827,81798.08573082596,1.6974233100504206
3.489147915103645,4.337859570128856,14.715682658468928,81.74351103398975,469.9047358789687,82247.62838602062,1.603122015047619
3.583449210106446,4.337859570128856,14.799744118704671,82.18492746752392,475.466374028039,83334.18239647562,1.5088207200448185
3.6777505051092474,4.337859570128856,14.90803042807101,82.78915913940943,486.00013407405714,86138.51598470741,1.414519425042017
3.772051800112048,4.337859570128856,14.995385221510553,83.23135546158315,488.2915415341765,85910.89299313967,1.3202181300392164
3.8663530951148495,4.337859570128856,15.111622244611011,83.97012674567677,498.6704650010999,88230.79157452102,1.225916835036415
3.960654390117651,4.337859570128856,15.206216453842249,84.4746628761072,512.689031169505,92545.38865350607,1.1316155400336134
4.0549556851204525,4.337859570128856,15.2966855621528,84.86540712022406,514.1732462022089,91869.32221554896,1.037314245030812
4.149256980123253,4.337859570128856,15.415450946773335,85.66880550094876,520.6823231727122,92679.0443934133,0.9430129500280113
4.2435582751260545,4.337859570128856,15.517604105651584,86.27447011091792,527.2030007422403,93704.66547387742,0.8487116550252098
4.337859570128856,4.337859570128856,15.622561382709378,86.8579150787158,537.3882579744801,96290.81415392854,0.7544103600224084
4.432160865131657,4.337859570128856,15.740361516228486,87.57645300982267,543.4992440944839,96860.63323775848,0.6601090650196078
4.526462160134458,4.337859570128856,15.8437865522937,88.28329093900658,561.0002246342161,102148.78905504216,0.5658077700168063
4.62076345513726,4.337859570128856,15.94168573541758,88.72163103012866,566.8389865366848,103154.02505826172,0.4715064750140048
4.71506475014006,4.337859570128856,16.05128922181165,89.42248397207112,573.2828042864764,103875.98405034252,0.3772051800112042
4.809366045142862,4.337859570128856,16.165700587295248,90.09338951805942,581.6843347515423,105422.63221708396,0.2829038850084027
4.903667340145663,4.337859570128856,16.271971772447905,90.74299642387818,589.7350061648808,106781.90704962298,0.1886025900056012
4.997968635148464,4.337859570128856,16.39389815082096,91.64014544080948,604.6677395832897,110628.73416080816,0.0943012950028006
5.092269930151265,4.337859570128856,16.482498563641414,91.93198101782848,605.095577832217,109743.42510391396,-8.881784197001252e-16
0.0,4.432160865131657,12.418560043365868,77.48839544447506,433.36325925390634,76394.60303994428,4.997968635148464
0.0943012950028012,4.432160865131657,12.432244407727577,77.04409015634513,428.0745890764052,75643.7073454607,4.903667340145663
0.1886025900056024,4.432160865131657,12.463616404397238,76.82854760507045,425.0104945219989,75400.96311260687,4.809366045142861
0.2829038850084036,4.432160865131657,12.48583928418357,76.48721621071452,417.5899794479122,73460.57049601267,4.71506475014006
0.3772051800112048,4.432160865131657,12.521154296871222,76.34530616314724,416.3205832163874,73717.88052770607,4.62076345513726
0.471506475014006,4.432160865131657,12.544808526068817,75.96517247402687,412.4707232610201,73160.49700546282,4.526462160134457
0.5658077700168073,4.432160865131657,12.581209837766616,75.75817295816532,409.4544715732465,72601.98664457926,4.432160865131657
0.6601090650196084,4.432160865131657,12.623764069314564,75.63499444863852,410.01849721071494,73232.23695805552,4.337859570128856
0.7544103600224097,4.432160865131657,12.6619905119804,75.37086935636347,405.37521955921903,71980.45108940823,4.243558275126054
0.848711655025211,4.432160865131657,12.711169562501745,75.40201069193202,404.01420286972177,71529.64389828943,4.149256980123253
0.943012950028012,4.432160865131657,12.77914933816005,75.48920449574706,407.4929044433632,72777.59875825504,4.0549556851204525
1.0373142450308133,4.432160865131657,12.826990967699114,75.37079619678335,404.33292642462953,71833.96636510918,3.96065439011765
1.1316155400336143,4.432160865131657,12.87214277988169,75.3175205084475,402.4877233971338,71246.43072618537,3.8663530951148495
1.2259168350364158,4.432160865131657,12.93022839393804,75.35306091030097,404.50028687583335,71948.71908123702,3.772051800112049
1.3202181300392168,4.432160865131657,12.991698003248194,75.4358693209268,402.3957968943487,70957.09527859492,3.6777505051092465
1.414519425042018,4.432160865131657,13.04641707967031,75.37707278904824,408.2753639660451,73405.98251929718,3.583449210106446
1.5088207200448194,4.432160865131657,13.10221793171136,75.39099114093236,396.83730965029224,68689.33028456577,3.4891479151036444
1.6031220150476206,4.432160865131657,13.17625807843933,75.59965321630834,401.73047847142414,70172.2565322432,3.394846620100843
1.697423310050422,4.432160865131657,13.250723842952914,75.84462057824283,404.34376163282815,70706.9008330002,3.3005453250980423
1.791724605053223,4.432160865131657,13.3303092913077,76.11451318578331,411.08333486558365,72769.33277288669,3.206244030095241
1.886025900056024,4.432160865131657,13.392241288557669,76.16835769455471,407.65068151148495,71203.20451225256,3.1119427350924393
1.9803271950588257,4.432160865131657,13.464873767187562,76.42697999079286,412.52929816551017,72546.98207775022,3.017641440089638
2.0746284900616265,4.432160865131657,13.539162651325675,76.64047776167095,410.582464622837,71181.48431667742,2.9233401450868373
2.168929785064428,4.432160865131657,13.622673308294027,76.96551202150985,416.2279399473281,72660.1356625918,2.8290388500840358
2.263231080067229,4.432160865131657,13.705978657955852,77.26290989485445,423.24479670246245,74689.84311223825,2.734737555081235
2.35753237507003,4.432160865131657,13.773433212767715,77.45641575115846,420.9773050810304,73237.14110228789,2.6404362600784337
2.4518336700728316,4.432160865131657,13.859314522170004,77.7431579791486,422.6756223434744,73215.5320103332,2.546134965075632
2.5461349650756326,4.432160865131657,13.941717287584884,78.08775901550743,428.59365976061633,74823.20369835892,2.4518336700728316
2.6404362600784337,4.432160865131657,14.026526167462674,78.4719523741511,432.59864829934304,75423.84425299522,2.35753237507003
2.734737555081235,4.432160865131657,14.144047629343826,79.21919843909822,440.17132379956655,76716.74727561457,2.2632310800672286
2.829038850084036,4.432160865131657,14.217701490789995,79.42450997237125,442.68826044114405,77137.14115041365,2.168929785064428
2.9233401450868377,4.432160865131657,14.311545857082578,79.8617133129795,445.5721571550624,77280.94071437328,2.0746284900616256
3.0176414400896387,4.432160865131657,14.38971289289656,80.16675721833003,447.0146418370605,76939.94626378485,1.980327195058825
3.11194273509244,4.432160865131657,14.487817757835236,80.69469750051579,457.7255782572312,80046.56778324301,1.8860259000560244
3.2062440300952413,4.432160865131657,14.587201073206634,81.19144518375688,461.464649821758,80259.13907256107,1.791724605053222
3.3005453250980423,4.432160865131657,14.685615536947957,81.78454826758465,469.2765879272594,81920.8112763196,1.6974233100504215
3.394846620100844,4.432160865131657,14.77761919242966,82.16699372855226,481.3444910149004,85686.30896736142,1.60312201504762
3.489147915103645,4.432160865131657,14.880288502623612,82.73228491021652,481.1390201469666,84269.40703718222,1.5088207200448185
3.583449210106446,4.432160865131657,14.978535080076265,83.25663368341561,490.6913395970318,86808.41269729406,1.4145194250420179
3.6777505051092474,4.432160865131657,15.080857788056752,83.8871279244353,492.69173599326086,85955.86218390708,1.3202181300392164
3.772051800112048,4.432160865131657,15.183666779345977,84.29405233398984,501.42191044343633,88221.31583702596,1.2259168350364158
3.8663530951148495,4.432160865131657,15.27381905686625,84.82611450026346,508.5066398214368,89790.48688054734,1.1316155400336143
3.960654390117651,4.432160865131657,15.384793745805382,85.44314939782234,521.0638878361514,93184.8558249338,1.0373142450308128
4.0549556851204525,4.432160865131657,15.483364607125022,86.03064447810632,523.0164456145214,92531.54568996908,0.9430129500280113
4.149256980123253,4.432160865131657,15.586772468654626,86.70461652818815,532.7035610758122,94725.90971590628,0.8487116550252107
4.2435582751260545,4.432160865131657,15.702187177844118,87.37364694692242,545.3241858875574,98010.94061529182,0.7544103600224092
4.337859570128856,4.432160865131657,15.809359579108923,87.9900073191039,557.8120104543003,101489.49308211693,0.6601090650196078
4.432160865131657,4.432160865131657,15.915243880464535,88.50230813239438,560.7554463692471,101058.76809579536,0.5658077700168072
4.526462160134458,4.432160865131657,16.016880930381788,89.1838538156041,568.2399606028046,102412.4904505467,0.47150647501400567
4.62076345513726,4.432160865131657,16.12892921737791,89.83205967828158,576.701557052899,104070.71359332088,0.3772051800112042
4.71506475014006,4.432160865131657,16.232871249708058,90.41794207445672,588.4622083218917,107031.95734014164,0.2829038850084036
4.809366045142862,4.432160865131657,16.351648400913145,91.19148668427576,599.7583348577351,109540.72874671395,0.1886025900056021
4.903667340145663,4.432160865131657,16.46936928817878,91.94434496781416,605.3457941161331,109888.5708961161,0.0943012950028006
4.997968635148464,4.432160865131657,16.573257984007,92.57194119532534,625.5572013672663,116206.41671283163,0.0
0.0,4.526462160134458,12.505146547697017,78.20440321272024,440.8917656323056,77833.80069761975,4.903667340145662
0.0943012950028012,4.526462160134458,12.54040677202886,78.02783334946994,439.8427140242836,78345.14840848738,4.809366045142862
0.1886025900056024,4.526462160134458,12.5590354462126,77.62748867715574,436.2530179572368,78228.92174446663,4.715064750140059
0.2829038850084036,4.526462160134458,12.580701543557714,77.12695198102249,423.45881986538546,74274.21152698953,4.620763455137259
0.3772051800112048,4.526462160134458,12.62357071130679,77.09819879940252,427.7283705349307,76589.74937900077,4.526462160134458
0.471506475014006,4.526462160134458,12.652612178733133,76.81987329561272,422.6317931120855,75394.4122820548,4.432160865131656
0.5658077700168073,4.526462160134458,12.680870582094316,76.46701580807454,419.9226702177422,75109.71984837306,4.337859570128855
0.6601090650196084,4.526462160134458,12.738136385455348,76.44380837513194,418.7960471877634,74957.11741635257,4.2435582751260545
0.7544103600224097,4.526462160134458,12.791893122591524,76.38826813345119,415.80282626261294,73901.9722666336,4.149256980123252
0.848711655025211,4.526462160134458,12.833104829274395,76.1203987059672,411.4812650465056,72778.42260980836,4.054955685120452
0.943012950028012,4.526462160134458,12.888002899780911,76.21277473877473,414.64408518272006,73973.28686232805,3.960654390117651
1.0373142450308133,4.526462160134458,12.943084679843317,76.17814852302101,412.6968603006336,73374.16102893777,3.8663530951148486
1.1316155400336143,4.526462160134458,13.001815326912803,76.22005079329239,411.46384188520506,72753.10697412492,3.772051800112048
1.2259168350364158,4.526462160134458,13.067003778036426,76.34201070444654,412.41997994973394,73054.55319591105,3.6777505051092474
1.3202181300392168,4.526462160134458,13.120939075865198,76.3093617280349,413.702851408502,73520.28702712456,3.583449210106445
1.414519425042018,4.526462160134458,13.178223825068004,76.32670509989478,413.8816039186646,73579.46251181992,3.4891479151036444
1.5088207200448194,4.526462160134458,13.243301603313531,76.43826274553805,414.44571076757,73513.54739870288,3.394846620100843
1.6031220150476206,4.526462160134458,13.311469641462551,76.48163873444588,413.5837953059697,72899.55977929627,3.3005453250980414
1.697423310050422,4.526462160134458,13.402737476674746,76.82937920393707,414.4819625469472,72439.00688891119,3.206244030095241
1.791724605053223,4.526462160134458,13.460543159832293,76.95246320078387,417.7791393812099,73524.90385609388,3.1119427350924393
1.886025900056024,4.526462160134458,13.528512135592567,77.00794061666461,419.39567823919657,73849.05269730087,3.017641440089638
1.9803271950588257,4.526462160134458,13.610511067295532,77.35694425715081,420.2501839469288,73469.86477529503,2.9233401450868364
2.0746284900616265,4.526462160134458,13.685806967456193,77.50839373112746,423.4893634328526,74264.46544856578,2.8290388500840358
2.168929785064428,4.526462160134458,13.779650277961286,77.98351607121492,424.923575131476,73722.99385513221,2.7347375550812343
2.263231080067229,4.526462160134458,13.853000158643194,78.16572291272644,429.9319834585776,75251.83873101417,2.6404362600784337
2.35753237507003,4.526462160134458,13.92970192783594,78.41501086390976,432.51624859153173,75584.24153581844,2.546134965075632
2.4518336700728316,4.526462160134458,14.031051055971194,78.90530415268628,436.78448570982226,76138.65096819041,2.4518336700728307
2.5461349650756326,4.526462160134458,14.100301933795237,79.09540548094115,438.0114947121813,76071.35044333918,2.35753237507003
2.6404362600784337,4.526462160134458,14.19017804517439,79.49184954919787,446.2741755856731,78428.48157017224,2.2632310800672286
2.734737555081235,4.526462160134458,14.281480884747452,79.85545513009927,444.0160372761636,76500.60277384662,2.168929785064427
2.829038850084036,4.526462160134458,14.372564227368471,80.36150324708021,454.480449170766,79565.87507526105,2.0746284900616265
2.9233401450868377,4.526462160134458,14.462003383805405,80.78206862634593,458.17484145836914,80005.34492988315,1.9803271950588242
3.0176414400896387,4.526462160134458,14.546055741976636,81.05659283416142,455.0953529928076,77900.8785582766,1.8860259000560236
3.11194273509244,4.526462160134458,14.65806613505088,81.71902528953633,473.1430705457911,83694.09159603552,1.791724605053223
3.2062440300952413,4.526462160134458,14.752792024898568,82.17760909096958,471.6997200983484,81927.20926937072,1.6974233100504206
3.3005453250980423,4.526462160134458,14.85220790013368,82.67548685072776,477.7247039146942,82983.03299605679,1.60312201504762
3.394846620100844,4.526462160134458,14.957873096122343,83.30838875399873,491.243347608302,86911.04360968819,1.5088207200448185
3.489147915103645,4.526462160134458,15.040583557082169,83.63059039570885,495.04607099013526,87496.29771503653,1.414519425042017
3.583449210106446,4.526462160134458,15.143026442286002,84.24171507385226,498.0784649427616,87165.70556720595,1.3202181300392164
3.6777505051092474,4.526462160134458,15.248248027340516,84.79557483700108,512.4623218307779,91523.6808904098,1.225916835036415
3.772051800112048,4.526462160134458,15.34559910754266,85.25455187290711,516.925161366705,92027.61059259882,1.1316155400336143
3.8663530951148495,4.526462160134458,15.45756868178412,85.92613678303421,524.3983822556328,93273.09866474084,1.0373142450308128
3.960654390117651,4.526462160134458,15.568798339622193,86.66619604786791,532.6355050859852,94775.76176872352,0.9430129500280113
4.0549556851204525,4.526462160134458,15.659068067774696,86.93965696675201,536.072134434776,95235.08244738608,0.8487116550252098
4.149256980123253,4.526462160134458,15.76682538794482,87.5634478739124,540.1847579989626,95147.17972103132,0.7544103600224092
4.2435582751260545,4.526462160134458,15.88764192099458,88.38104135247445,556.7873998676861,99795.16214731571,0.6601090650196078
4.337859570128856,4.526462160134458,15.969692598148908,88.71955492686011,558.8716184525979,99597.00264489552,0.5658077700168063
4.432160865131657,4.526462160134458,16.078990916613588,89.49023638475899,566.8946823406663,100884.8295052618,0.47150647501400567
4.526462160134458,4.526462160134458,16.194230703190513,90.13983872823091,579.3499123467843,104142.73535604504,0.3772051800112042
4.62076345513726,4.526462160134458,16.31885871571043,91.00184303122678,592.5398552886012,107152.13759303284,0.2829038850084027
4.71506475014006,4.526462160134458,16.419994740516092,91.51827517376606,595.7697383711136,106885.27694301076,0.1886025900056021
4.809366045142862,4.526462160134458,16.528962625147383,92.13581969455224,606.345495364798,109437.0770394172,0.0943012950028006
4.903667340145663,4.526462160134458,16.644702120463744,92.8550729185428,618.0217977983381,112150.78071358553,-8.881784197001252e-16
0.0,4.62076345513726,12.600443558103656,78.85588776596961,450.1936490168397,79840.74092358345,4.809366045142861
0.0943012950028012,4.62076345513726,12.62571039186619,78.55534766123579,443.4919011435003,78456.75476072398,4.71506475014006
0.1886025900056024,4.62076345513726,12.66734774174398,78.4191304740458,443.83790359234615,79312.5529140037,4.620763455137258
0.2829038850084036,4.62076345513726,12.69416834937579,78.07116230765632,435.88846888700783,77244.75642192294,4.526462160134457
0.3772051800112048,4.62076345513726,12.737499143398532,77.92438752889782,437.9312449484869,78795.97717155959,4.432160865131657
0.471506475014006,4.62076345513726,12.774806310182012,77.63557953018811,431.121785517696,76813.08883608216,4.337859570128854
0.5658077700168073,4.62076345513726,12.82629786729033,77.69399245381899,431.7501629967025,77262.7744466947,4.243558275126054
0.6601090650196084,4.62076345513726,12.857801493644208,77.32404539076319,426.48997008021246,76005.8292703218,4.149256980123253
0.7544103600224097,4.62076345513726,12.933379685945113,77.48848790879327,433.7419886743888,78726.76633154154,4.054955685120451
0.848711655025211,4.62076345513726,12.969436899315555,77.20483017359113,424.811363989721,75792.17769206874,3.96065439011765
0.943012950028012,4.62076345513726,13.011316901817398,77.11823632334881,424.7415048062183,76032.32882409838,3.8663530951148495
1.0373142450308133,4.62076345513726,13.0719191502291,77.11414788774806,422.7001444670525,75267.93796459762,3.772051800112047
1.1316155400336143,4.62076345513726,13.13209879424966,77.05097412904485,421.9782244149278,75035.71790313777,3.6777505051092465
1.2259168350364158,4.62076345513726,13.203985186540596,77.24787310864224,424.0127577322596,75526.90786207978,3.583449210106446
1.3202181300392168,4.62076345513726,13.264215036720657,77.26340638616784,425.9211944884852,76159.03829705699,3.4891479151036435
1.414519425042018,4.62076345513726,13.32206132643972,77.34065168217793,425.0345143511734,75653.09699188545,3.394846620100843
1.5088207200448194,4.62076345513726,13.381195727579378,77.25097261358943,420.2621748238624,73830.02518358771,3.3005453250980414
1.6031220150476206,4.62076345513726,13.45988044755012,77.5407667085763,428.3521013359079,76448.40930171846,3.20624403009524
1.697423310050422,4.62076345513726,13.517676344793015,77.49905637745647,426.2110405797954,75582.37011201064,3.1119427350924393
1.791724605053223,4.62076345513726,13.60847225739291,77.87790805912623,430.40927536609576,76365.68623080912,3.017641440089638
1.886025900056024,4.62076345513726,13.68643938660852,78.08439841101698,433.28021557709747,77000.70267814005,2.9233401450868364
1.9803271950588257,4.62076345513726,13.759239524092484,78.30325928082777,432.2391103376739,76056.76631408655,2.829038850084035
2.0746284900616265,4.62076345513726,13.850630581585223,78.67515074397963,434.39015245181014,75982.7338656173,2.7347375550812343
2.168929785064428,4.62076345513726,13.923642478314912,78.8806633852027,436.663659169424,76285.5095786794,2.640436260078433
2.263231080067229,4.62076345513726,14.020413011823544,79.24877622913695,445.767412200559,79026.35973876838,2.546134965075632
2.35753237507003,4.62076345513726,14.088600550307746,79.4588617931914,440.5311517032857,76384.47534832412,2.4518336700728307
2.4518336700728316,4.62076345513726,14.176258898544386,79.82849254672601,449.36624654306024,78944.88816835398,2.357532375070029
2.5461349650756326,4.62076345513726,14.27022661012388,80.2157962258612,452.62512476619423,79273.00930118033,2.2632310800672286
2.6404362600784337,4.62076345513726,14.347678847153263,80.48117319419703,453.1105203322922,78738.18856237865,2.168929785064427
2.734737555081235,4.62076345513726,14.43439222976088,80.86714342385147,456.8324787807794,79257.16109145586,2.0746284900616256
2.829038850084036,4.62076345513726,14.536318687144805,81.39923418147978,468.5117195170738,82573.36583092304,1.980327195058825
2.9233401450868377,4.62076345513726,14.631446565855924,81.74438895422392,468.9020839809159,81790.22062329439,1.8860259000560227
3.0176414400896387,4.62076345513726,14.714926774030827,82.18889651001268,470.8215470195401,81511.17571897767,1.791724605053222
3.11194273509244,4.62076345513726,14.798250272015649,82.44037079275051,480.4877059685989,84541.60307345004,1.6974233100504215
3.2062440300952413,4.62076345513726,14.911244359494445,83.09746935046543,483.7597411559567,84326.41820212663,1.603122015047619
3.3005453250980423,4.62076345513726,15.006900754718568,83.48216413598266,487.1030953270296,84491.08545007819,1.5088207200448185
3.394846620100844,4.62076345513726,15.12611217900892,84.2470544064868,498.3755871033382,87171.94268983297,1.414519425042017
3.489147915103645,4.62076345513726,15.210627859410742,84.6967494230514,504.0928250240099,88393.11893275056,1.3202181300392155
3.583449210106446,4.62076345513726,15.31643471718902,85.26777052940778,512.7562439959116,90265.77573335914,1.225916835036415
3.6777505051092474,4.62076345513726,15.4258940118291,85.84037448019333,517.3718642788078,90569.55923568444,1.1316155400336134
3.772051800112048,4.62076345513726,15.51752551284027,86.21328144287786,520.9280868579161,90870.6197536879,1.0373142450308128
3.8663530951148495,4.62076345513726,15.619264084519063,86.81934017364493,529.3057060764768,92804.19400024237,0.9430129500280113
3.960654390117651,4.62076345513726,15.728079212600148,87.5289627814168,539.8026215187697,95247.1659247154,0.8487116550252098
4.0549556851204525,4.62076345513726,15.822905466813689,87.79806352246874,544.1360642493349,95904.8978300302,0.7544103600224084
4.149256980123253,4.62076345513726,15.952731376151826,88.77167121788696,559.4335250685317,99757.42555847118,0.6601090650196078
4.2435582751260545,4.62076345513726,16.049727499128302,89.18665485167429,565.9801324761457,101188.39087961396,0.5658077700168063
4.337859570128856,4.62076345513726,16.162349121549436,89.91937390166098,576.0566832840021,103172.50666098075,0.4715064750140048
4.432160865131657,4.62076345513726,16.267649004806525,90.57536960861034,586.5531800418511,105722.24778347043,0.3772051800112042
4.526462160134458,4.62076345513726,16.381612888076393,91.0547688165998,587.9177223671522,104716.79646241791,0.2829038850084027
4.62076345513726,4.62076345513726,16.49709713108529,91.86971321096976,604.8184702351704,109336.23437789905,0.1886025900056012
4.71506475014006,4.62076345513726,16.61236811158056,92.50906870193752,610.3028314726467,109672.49725715508,0.0943012950028006
4.809366045142862,4.62076345513726,16.71789629791663,93.20103651777303,618.95590665145,111510.42039827952,-8.881784197001252e-16
0.0,4.71506475014006,12.697804867710897,79.66685156886626,461.1386370396136,82453.9473928303,4.71506475014006
0.0943012950028012,4.71506475014006,12.7400052921094,79.4609783595189,452.8776494413027,80193.36409722596,4.62076345513726
0.1886025900056024,4.71506475014006,12.76349762387852,79.11244551110073,454.7127758410735,82073.35901317731,4.526462160134457
0.2829038850084036,4.71506475014006,12.803501699307152,78.89326816391385,449.6341028684567,80869.77779796129,4.432160865131657
0.3772051800112048,4.71506475014006,12.847125559995051,78.74474577232206,442.5573390563913,78599.7122216394,4.337859570128856
0.471506475014006,4.71506475014006,12.894446071996311,78.53603702813854,444.1937194788565,79912.4838138851,4.243558275126054
0.5658077700168073,4.71506475014006,12.94121228598608,78.42900696704926,440.7163787164117,79017.4038231285,4.149256980123253
0.6601090650196084,4.71506475014006,12.97430718337572,78.16469491490395,442.4503768773819,80532.01198374067,4.0549556851204525
0.7544103600224097,4.71506475014006,13.031199013261489,78.0606046547046,432.46428814387184,76770.28594958714,3.96065439011765
0.848711655025211,4.71506475014006,13.088241635247218,78.11718294613574,434.7895854456432,77705.36163381749,3.8663530951148495
0.943012950028012,4.71506475014006,13.151113231532683,78.13858657471468,438.43765124208153,79297.81940172896,3.772051800112049
1.0373142450308133,4.71506475014006,13.204539019932753,77.93774205076011,433.39355702776305,77483.06381519436,3.6777505051092465
1.1316155400336143,4.71506475014006,13.27139169847565,78.02793491722629,432.3811853201142,76939.66007847872,3.583449210106446
1.2259168350364158,4.71506475014006,13.332342083627305,78.07850270200399,434.7015042254502,77787.67230745214,3.4891479151036453
1.3202181300392168,4.71506475014006,13.403093056720111,78.3284954311278,435.45572697491775,77697.66250621053,3.394846620100843
1.414519425042018,4.71506475014006,13.478007053378237,78.37226028858663,434.3875064371805,77016.22170794333,3.3005453250980423
1.5088207200448194,4.71506475014006,13.53704391018455,78.45487621776428,436.42422014213065,77652.80545062474,3.206244030095241
1.6031220150476206,4.71506475014006,13.607066757348928,78.53333847360223,436.1533556670568,77204.97824389928,3.1119427350924393
1.697423310050422,4.71506475014006,13.687900883548028,78.74066715126165,438.12647364208215,77466.45613959714,3.0176414400896387
1.791724605053223,4.71506475014006,13.755439151620418,78.90544053890912,439.5611763314802,77659.05209140336,2.9233401450868373
1.886025900056024,4.71506475014006,13.846389837978846,79.19476126908032,443.08570356504345,78309.59119227405,2.8290388500840358
1.9803271950588257,4.71506475014006,13.90180031588556,79.18045103202121,440.1639557022238,76952.730403442,2.7347375550812343
2.0746284900616265,4.71506475014006,14.004389461158386,79.75870047830807,448.03220548612785,78942.44329100812,2.6404362600784337
2.168929785064428,4.71506475014006,14.086883636075354,80.05717932524942,454.29405882937345,80787.07847329942,2.546134965075632
2.263231080067229,4.71506475014006,14.14924291141679,80.10076223531681,448.04377370247346,77920.26972150624,2.4518336700728316
2.35753237507003,4.71506475014006,14.243235697782032,80.33294984214399,451.7362594861091,78585.7990218844,2.35753237507003
2.4518336700728316,4.71506475014006,14.338520546634152,80.82136671293812,456.1725033947238,79342.76911586939,2.2632310800672286
2.5461349650756326,4.71506475014006,14.430680085046504,81.29385841234716,465.7271127686002,81952.70682664007,2.168929785064428
2.6404362600784337,4.71506475014006,14.504959710190509,81.45518967573227,463.9363286082422,80605.06897951498,2.0746284900616265
2.734737555081235,4.71506475014006,14.611023738215888,82.0572659877522,471.5670470689339,82357.43176390938,1.980327195058825
2.829038850084036,4.71506475014006,14.717311141759986,82.57617219796748,479.8319528731532,84319.5238736565,1.8860259000560244
2.9233401450868377,4.71506475014006,14.797665077520724,82.87532425876196,480.8966838648938,83866.0023895802,1.791724605053222
3.0176414400896387,4.71506475014006,14.908152381707415,83.50071134954322,490.2197013615483,86025.59406532529,1.6974233100504215
3.11194273509244,4.71506475014006,14.994897209166014,83.81900068752307,498.3852003131206,88399.84243600967,1.6031220150476209
3.2062440300952413,4.71506475014006,15.083792793675707,84.15487718168094,501.0642541459037,88515.63473585428,1.5088207200448185
3.3005453250980423,4.71506475014006,15.193945138223484,84.75589487263203,503.952268323438,88070.42356676953,1.4145194250420179
3.394846620100844,4.71506475014006,15.295218194916073,85.3881546091374,514.371965400074,90869.74893276417,1.3202181300392164
3.489147915103645,4.71506475014006,15.395414881506044,85.75599681395937,513.9286839520908,89427.83413153107,1.225916835036415
3.583449210106446,4.71506475014006,15.493208871504038,86.35650630119373,534.0401181012318,96021.48912154444,1.1316155400336143
3.6777505051092474,4.71506475014006,15.59850631650441,86.93513533186892,536.5072230979956,95548.38497991522,1.0373142450308128
3.772051800112048,4.71506475014006,15.703538586240416,87.4424963967058,538.4168151243825,94769.12646910393,0.9430129500280122
3.8663530951148495,4.71506475014006,15.79891054845588,87.90931966914914,548.7523199881732,97707.30506834146,0.8487116550252107
3.960654390117651,4.71506475014006,15.915355981504437,88.62462012998623,553.461728560328,97668.50785969204,0.7544103600224092
4.0549556851204525,4.71506475014006,16.018897182972953,89.08811287046404,566.4544376796539,101583.79918060223,0.6601090650196078
4.149256980123253,4.71506475014006,16.130893663036517,89.8061465183415,573.9315385380617,102641.69224673316,0.5658077700168072
4.2435582751260545,4.71506475014006,16.231841102545953,90.41448333378634,577.0622646874114,102368.17122809406,0.47150647501400567
4.337859570128856,4.71506475014006,16.34120084088203,90.96556062857168,590.3257255472406,106069.70752662743,0.3772051800112042
4.432160865131657,4.71506475014006,16.44380299231287,91.53092360255069,593.8386732116236,105867.81512800066,0.2829038850084036
4.526462160134458,4.71506475014006,16.56815781263825,92.2795994301957,606.9525086875972,108994.06374220533,0.1886025900056021
4.62076345513726,4.71506475014006,16.663396667039187,92.7311221257764,606.7388865679976,107563.52835702892,0.0943012950028006
4.71506475014006,4.71506475014006,16.798162630092193,93.66466591413403,628.5602000510406,113764.0307876148,0.0
0.0,4.809366045142862,12.805506931753094,80.40861845735448,478.0389328829562,87378.8387673496,4.620763455137259
0.0943012950028012,4.809366045142862,12.83347305215743,80.12312553874582,464.1444667006148,83050.40903848191,4.526462160134458
0.1886025900056024,4.809366045142862,12.87306758753868,79.94495633080064,461.0581518427213,82638.43195302927,4.432160865131656
0.2829038850084036,4.809366045142862,12.902279257285894,79.52861718153576,453.1506846202516,80674.21196079446,4.337859570128855
0.3772051800112048,4.809366045142862,12.951319825645744,79.39340457466668,459.50189445756536,83823.08243655386,4.2435582751260545
0.471506475014006,4.809366045142862,13.00439185801727,79.31392199647593,451.8449672075679,81260.16258242096,4.149256980123252
0.5658077700168073,4.809366045142862,13.052896907615372,79.24484581176307,450.2340983666542,80896.19226340714,4.054955685120452
0.6601090650196084,4.809366045142862,13.111064929244105,79.23195966065782,459.66230513127647,84965.02533476459,3.960654390117651
0.7544103600224097,4.809366045142862,13.15940763553467,79.07797146125154,446.4142026439889,80158.07363525515,3.8663530951148486
0.848711655025211,4.809366045142862,13.21259369592437,78.9672583160645,445.2045024444709,79944.3486817993,3.772051800112048
0.943012950028012,4.809366045142862,13.277879769573852,79.02721743578084,449.2732794650347,81549.24122263602,3.6777505051092474
1.0373142450308133,4.809366045142862,13.3406191121711,78.89940705059966,444.4459327030394,79701.1515168177,3.583449210106445
1.1316155400336143,4.809366045142862,13.399305833936811,78.93836868308364,446.32757503340355,80591.26322384254,3.4891479151036444
1.2259168350364158,4.809366045142862,13.459435702658268,78.97925506708113,443.5982013052848,79294.2340202027,3.394846620100844
1.3202181300392168,4.809366045142862,13.529479239932092,79.07242551843318,445.9130230304533,80035.04361672336,3.3005453250980414
1.414519425042018,4.809366045142862,13.605070197732,79.1273486171216,444.4196622661997,79217.70402628576,3.206244030095241
1.5088207200448194,4.809366045142862,13.669631329698136,79.21151273788743,443.9172354604669,78703.757505548,3.1119427350924393
1.6031220150476206,4.809366045142862,13.755513009048492,79.52768789230255,447.96962656770467,79629.79049436812,3.017641440089638
1.697423310050422,4.809366045142862,13.83060587047305,79.66336810806908,447.30021492296976,78989.84220819094,2.9233401450868373
1.791724605053223,4.809366045142862,13.898827148728552,79.7060579104525,449.05554070232074,79338.24617510095,2.8290388500840358
1.886025900056024,4.809366045142862,13.974662766791075,79.94407045771031,451.0943992650358,79547.9447570829,2.7347375550812343
1.9803271950588257,4.809366045142862,14.078557068462002,80.53467875733159,460.9558483081188,82371.63124181735,2.640436260078433
2.0746284900616265,4.809366045142862,14.153437428238874,80.63651223942914,456.2570618957407,79963.13302237206,2.546134965075632
2.168929785064428,4.809366045142862,14.2312718396778,80.88733641198108,462.3712732543622,81831.03700062908,2.4518336700728307
2.263231080067229,4.809366045142862,14.331844155287104,81.34287923700369,469.81267088535424,83567.82752179146,2.35753237507003
2.35753237507003,4.809366045142862,14.407826374263871,81.51597972421645,467.3671360336336,82096.55275044736,2.2632310800672286
2.4518336700728316,4.809366045142862,14.50251944039653,81.89897133045534,469.1070890759938,81825.68067418484,2.168929785064427
2.5461349650756326,4.809366045142862,14.58816528564748,82.2484072329786,476.01713545731906,83540.38743389465,2.0746284900616265
2.6404362600784337,4.809366045142862,14.681025958555471,82.58411332124406,480.1841746120802,84440.12614327858,1.980327195058825
2.734737555081235,4.809366045142862,14.774056885899013,83.08498138670264,488.61771443405473,86519.70430024345,1.8860259000560236
2.829038850084036,4.809366045142862,14.872413480358771,83.51474221224865,489.2687585831704,85675.26346515304,1.791724605053223
2.9233401450868377,4.809366045142862,14.980650956990882,83.99396230626101,495.9262805936562,87003.97859277515,1.6974233100504206
3.0176414400896387,4.809366045142862,15.069184225923616,84.43398759477408,498.387172482652,86879.17955777592,1.60312201504762
3.11194273509244,4.809366045142862,15.166190475392083,84.80242932490228,509.1233887621312,90185.6674790284,1.5088207200448194
3.2062440300952413,4.809366045142862,15.26410065025062,85.35368882403496,514.3745399669414,90802.51009182696,1.414519425042017
3.3005453250980423,4.809366045142862,15.352121219648785,85.75211039748177,519.2227119998448,91684.70487384086,1.3202181300392164
3.394846620100844,4.809366045142862,15.46934032922438,86.28157214335174,524.76000511317,92343.1869393895,1.225916835036415
3.489147915103645,4.809366045142862,15.562671903840426,86.79065363434495,526.3037590337825,91699.0488621609,1.1316155400336134
3.583449210106446,4.809366045142862,15.670391431347168,87.35473403468757,537.9149413544374,94907.40258749569,1.0373142450308128
3.6777505051092474,4.809366045142862,15.77007027088702,87.80926699994933,544.5185663319033,96044.83656175804,0.9430129500280113
3.772051800112048,4.809366045142862,15.876498264833453,88.46709542001898,549.691575714503,96604.57091005029,0.8487116550252107
3.8663530951148495,4.809366045142862,15.987292399055,89.00553338640162,555.3059860071769,97227.4390927286,0.7544103600224092
3.960654390117651,4.809366045142862,16.085280213910618,89.53143187033541,563.9180014004908,99287.61491722982,0.6601090650196078
4.0549556851204525,4.809366045142862,16.20118004010561,90.22660837046416,575.3075382342529,102066.97598789184,0.5658077700168063
4.149256980123253,4.809366045142862,16.307209347448527,90.80883269898456,586.9774524544669,105065.56689772358,0.47150647501400567
4.2435582751260545,4.809366045142862,16.40354610713111,91.19268937113046,587.6128911448626,103978.7450044768,0.3772051800112042
4.337859570128856,4.809366045142862,16.50930012288042,91.86195125966664,601.3376274890113,107804.67214005116,0.2829038850084027
4.432160865131657,4.809366045142862,16.632458874674477,92.52617311478988,608.4586098692427,108705.06450624616,0.1886025900056021
4.526462160134458,4.809366045142862,16.756984633073536,93.44111987370977,624.9627689124236,113004.495181245,0.0943012950028006
4.62076345513726,4.809366045142862,16.86465385339182,93.9826711666578,637.7446978943148,116434.54682451744,-8.881784197001252e-16
0.0,4.903667340145663,12.90644028314097,81.22698827297123,480.4503905505504,86458.15080440803,4.526462160134457
0.0943012950028012,4.903667340145663,12.946754816296156,80.99154227365094,474.2524688076578,84999.86457141096,4.432160865131657
0.1886025900056024,4.903667340145663,12.98472525731338,80.77348333540031,471.26932828628856,84787.50160625121,4.337859570128854
0.2829038850084036,4.903667340145663,13.02169545172245,80.49107764072126,467.0091619808918,84085.5630471441,4.243558275126054
0.3772051800112048,4.903667340145663,13.074174599984202,80.33070665943154,464.80856127720926,83788.51002048858,4.149256980123253
0.471506475014006,4.903667340145663,13.133952773417503,80.3754888880251,463.6741475241584,83556.0514763129,4.054955685120451
0.5658077700168073,4.903667340145663,13.166450257448302,80.01639041797503,459.93922004721094,83012.48695237859,3.96065439011765
0.6601090650196084,4.903667340145663,13.23279447834452,79.97525671704032,462.79000346997304,84258.68801735321,3.8663530951148495
0.7544103600224097,4.903667340145663,13.295161992317126,80.01829415400623,459.6282298269059,83156.25153634482,3.772051800112047
0.848711655025211,4.903667340145663,13.343468092818211,79.79791406604734,457.0894805109391,82636.89082411473,3.6777505051092465
0.943012950028012,4.903667340145663,13.404383066032873,79.85495961144557,458.18627542953845,83111.48997673862,3.583449210106446
1.0373142450308133,4.903667340145663,13.47039716021536,80.01046477837482,459.1226553019037,83335.99871311539,3.4891479151036435
1.1316155400336143,4.903667340145663,13.53225035290012,79.89225118128536,456.6346220446247,82428.12103865833,3.394846620100843
1.2259168350364158,4.903667340145663,13.610875386798233,80.00757003764585,455.2307157061052,81532.13177918733,3.3005453250980423
1.3202181300392168,4.903667340145663,13.667673364151591,80.04503550625921,457.4886273319993,82346.89686047015,3.20624403009524
1.414519425042018,4.903667340145663,13.740713392766082,80.14996984628438,459.7694370227918,82988.63651247193,3.1119427350924393
1.5088207200448194,4.903667340145663,13.820472472347944,80.27109894447372,461.4487560749391,83270.67222669769,3.017641440089638
1.6031220150476206,4.903667340145663,13.890513449110168,80.33831001933632,455.341085707091,80551.90393702124,2.9233401450868364
1.697423310050422,4.903667340145663,13.97900301565326,80.71439330242615,459.3681005882991,81346.34335444127,2.8290388500840358
1.791724605053223,4.903667340145663,14.056172404927102,80.8396164643365,462.03984234646725,82022.73069813744,2.7347375550812343
1.886025900056024,4.903667340145663,14.134043741019166,81.09169959333423,467.337474829728,83471.8383507512,2.640436260078433
1.9803271950588257,4.903667340145663,14.229652343540971,81.4603707830909,468.0824073285026,82886.44011797279,2.5461349650756313
2.0746284900616265,4.903667340145663,14.301616838040369,81.52500878194701,469.6499900008381,83062.45026834385,2.4518336700728307
2.168929785064428,4.903667340145663,14.397003495555202,81.96613060488338,476.5671261907843,84845.90066441963,2.357532375070029
2.263231080067229,4.903667340145663,14.4819435347445,82.30964859937879,481.7845649111013,86029.63760420162,2.2632310800672286
2.35753237507003,4.903667340145663,14.568346425406135,82.58602887057116,482.22806264541,85458.46254885572,2.168929785064427
2.4518336700728316,4.903667340145663,14.658676752326931,82.82468847723652,481.3639038741065,84315.9348861075,2.0746284900616256
2.5461349650756326,4.903667340145663,14.7508461446806,83.29180160744318,492.3396301327408,87638.12392027685,1.980327195058825
2.6404362600784337,4.903667340145663,14.838284167396964,83.64693567136067,498.9703141532533,89244.24918617916,1.8860259000560236
2.734737555081235,4.903667340145663,14.938864386003791,84.04271740919431,495.07810847736766,86587.2406882685,1.791724605053222
2.829038850084036,4.903667340145663,15.027920273977523,84.39159130895455,502.989006989,88809.3613333939,1.6974233100504215
2.9233401450868377,4.903667340145663,15.118903502880269,84.67018152674174,506.5107353178078,89250.49674008304,1.603122015047619
3.0176414400896387,4.903667340145663,15.232738425587987,85.2992892247334,510.7030302758262,89418.3550428149,1.5088207200448185
3.11194273509244,4.903667340145663,15.319191039886,85.6908536456713,513.8285000320143,89603.45899721063,1.4145194250420179
3.2062440300952413,4.903667340145663,15.415098068026005,86.1096600806307,519.8485338515128,90853.75631842224,1.3202181300392155
3.3005453250980423,4.903667340145663,15.530305609642769,86.75068389980031,524.9465332344339,91327.38047112733,1.225916835036415
3.394846620100844,4.903667340145663,15.632900777202655,87.18592606935856,533.1827938013874,93169.04100306072,1.1316155400336134
3.489147915103645,4.903667340145663,15.741081074872492,87.9224264468495,547.4255799721226,97194.4807564276,1.037314245030812
3.583449210106446,4.903667340145663,15.84940116090942,88.45895742362293,550.3690026966127,96826.330672484,0.9430129500280113
3.6777505051092474,4.903667340145663,15.95984718684548,89.00422701641153,556.4194519941083,97666.34432083674,0.8487116550252098
3.772051800112048,4.903667340145663,16.052016299540313,89.50615061613752,565.651288983778,100158.09943921668,0.7544103600224092
3.8663530951148495,4.903667340145663,16.17883043824712,90.29909661278336,578.1110521127038,103080.50191482285,0.6601090650196078
3.960654390117651,4.903667340145663,16.250802763056363,90.53733820997618,585.0590157104419,104985.97010627738,0.5658077700168063
4.0549556851204525,4.903667340145663,16.375601580013882,91.2245484006412,586.6431191244599,103655.81183005431,0.4715064750140048
4.149256980123253,4.903667340145663,16.483143506426014,91.76692001036832,593.6879142650056,104871.628230051,0.3772051800112042
4.2435582751260545,4.903667340145663,16.601635307561136,92.56286128191218,614.4966124949841,111233.72554853524,0.2829038850084027
4.337859570128856,4.903667340145663,16.69130777270524,92.84810227960068,610.083446307346,108262.59837264594,0.1886025900056012
4.432160865131657,4.903667340145663,16.82661213334741,93.62474011963776,621.2958413541917,110592.25983704448,0.0943012950028006
4.526462160134458,4.903667340145663,16.923196122141547,94.17817160977978,638.2909216641426,115831.57554564936,-8.881784197001252e-16
0.0,4.997968635148464,13.02362649363093,82.14513114095885,495.780730756857,90446.23242484272,4.432160865131657
0.0943012950028012,4.997968635148464,13.047491047098829,81.74333680307275,483.9976379038998,87220.59358856549,4.337859570128856
0.1886025900056024,4.997968635148464,13.101305171473586,81.55078627048675,483.24820969625335,87531.51900635882,4.243558275126054
0.2829038850084036,4.997968635148464,13.141423150240149,81.45539712809993,485.1178783026161,89189.98005231167,4.149256980123253
0.3772051800112048,4.997968635148464,13.19341632324257,81.18649671812342,471.12428753397586,84176.71347661606,4.0549556851204525
0.471506475014006,4.997968635148464,13.252463479810316,81.21776308686805,475.84008998683635,86370.29047559234,3.96065439011765
0.5658077700168073,4.997968635148464,13.310850533894056,81.19187498505354,479.4536291126268,88152.1063798268,3.8663530951148495
0.6601090650196084,4.997968635148464,13.367540225777429,81.06235089125227,473.0776123119723,86012.86595800536,3.772051800112049
0.7544103600224097,4.997968635148464,13.421817218144726,80.880512239206,469.784849926865,85188.57636825745,3.6777505051092465
0.848711655025211,4.997968635148464,13.488941506298122,80.94199591714917,470.6429822246504,85447.1034943065,3.583449210106446
0.943012950028012,4.997968635148464,13.523781555877102,80.65236465333246,468.7311525028738,85356.84616861132,3.4891479151036453
1.0373142450308133,4.997968635148464,13.624406662864516,81.05429330035462,474.99007199215305,87118.626080399,3.394846620100843
1.1316155400336143,4.997968635148464,13.679160874989131,80.90434656280337,466.15093721466343,83816.68005045227,3.3005453250980423
1.2259168350364158,4.997968635148464,13.745494828683036,80.98268717312813,471.56344926623063,85827.52663294369,3.2062440300952417
1.3202181300392168,4.997968635148464,13.81680723440471,81.05557901791519,472.4722894318023,85952.84743234863,3.1119427350924393
1.414519425042018,4.997968635148464,13.889436069948838,81.1537521865675,467.6479905446751,83759.02365738722,3.0176414400896387
1.5088207200448194,4.997968635148464,13.975891826041908,81.42167259404462,474.3700335949276,85756.84696035707,2.9233401450868373
1.6031220150476206,4.997968635148464,14.051630249675538,81.56554249256286,476.2720062526256,86086.87838784231,2.8290388500840358
1.697423310050422,4.997968635148464,14.12896305428504,81.680209541948,475.90342963093735,85524.84825162047,2.734737555081235
1.791724605053223,4.997968635148464,14.211723712582751,81.86682325067812,475.0466056482575,84747.26243838925,2.6404362600784337
1.886025900056024,4.997968635148464,14.297068203825113,82.25033777790529,478.7993444104329,85338.31808106598,2.546134965075632
1.9803271950588257,4.997968635148464,14.378411066240773,82.36249148844776,479.8753176636113,85202.38803277146,2.4518336700728307
2.0746284900616265,4.997968635148464,14.458624427673858,82.64876890507216,483.5555757199733,85969.4020052819,2.35753237507003
2.168929785064428,4.997968635148464,14.563756979935572,83.0714566124159,487.6261871060275,86532.93694419482,2.2632310800672286
2.263231080067229,4.997968635148464,14.646243759532451,83.3745162010108,493.3244834999904,88064.35530352028,2.168929785064428
2.35753237507003,4.997968635148464,14.733648656289096,83.571964424578,493.1130405402697,87164.40658722474,2.0746284900616265
2.4518336700728316,4.997968635148464,14.817415594066292,83.95913626205589,498.49435132781207,88546.47769896648,1.980327195058825
2.5461349650756326,4.997968635148464,14.928748324634771,84.52430314908555,507.50796624989266,90639.89526268876,1.8860259000560244
2.6404362600784337,4.997968635148464,15.012201261223506,84.71113524763567,510.15514941102583,90971.76849589932,1.791724605053223
2.734737555081235,4.997968635148464,15.119036361983689,85.19703479102675,508.0582828916722,88889.64923750718,1.6974233100504215
2.829038850084036,4.997968635148464,15.198316717074338,85.50717913269179,514.1450360182793,90460.03480320948,1.6031220150476209
2.9233401450868377,4.997968635148464,15.302203539852009,85.91868294762054,520.9855055971028,92026.16480187669,1.5088207200448185
3.0176414400896387,4.997968635148464,15.41080716064252,86.53445033048055,528.8413236163191,93539.90675693414,1.4145194250420179
3.11194273509244,4.997968635148464,15.508639990700072,87.05611119463597,535.4281099536939,94882.6215500306,1.3202181300392173
3.2062440300952413,4.997968635148464,15.60566427082263,87.37804462689499,545.2864062101359,97792.97330534336,1.225916835036415
3.3005453250980423,4.997968635148464,15.709317921264688,87.84916503055624,543.5930162791739,95738.09846422369,1.1316155400336143
3.394846620100844,4.997968635148464,15.802488647465989,88.2435271007921,544.5981245948483,95004.9605755794,1.0373142450308128
3.489147915103645,4.997968635148464,15.917585003763309,88.95549602629283,561.2703501107546,99959.88923625623,0.9430129500280113
3.583449210106446,4.997968635148464,16.017491573319088,89.42876580183449,561.8119615865247,98630.49120563314,0.8487116550252107
3.6777505051092474,4.997968635148464,16.11846704320403,89.90729541437382,566.6498605592814,99245.61080000202,0.7544103600224092
3.772051800112048,4.997968635148464,16.21425569750992,90.34151554686552,574.671079065729,101204.97202239602,0.6601090650196086
3.8663530951148495,4.997968635148464,16.335065466764473,91.05759784580592,589.2085905551778,105126.12352475151,0.5658077700168072
3.960654390117651,4.997968635148464,16.461970388672174,91.78555428075616,589.486335672159,103169.75172474208,0.47150647501400567
4.0549556851204525,4.997968635148464,16.553101828427963,92.2043640052548,603.5147702617322,107586.61527512057,0.3772051800112042
4.149256980123253,4.997968635148464,16.658221380197112,92.77511480202816,615.4867822298291,110748.97431856852,0.2829038850084036
4.2435582751260545,4.997968635148464,16.78596716131227,93.61775963991684,632.1009137299648,115094.72900946824,0.1886025900056021
4.337859570128856,4.997968635148464,16.884188558481366,94.09471474597682,627.4803713795538,111827.2946032498,0.0943012950028006
4.432160865131657,4.997968635148464,16.98738463418129,94.62574565946764,656.5189924741468,121916.54871888872,0.0
0.0,5.092269930151265,13.118044416230196,82.81107669849317,502.2087884787251,91331.7472445161,4.337859570128855
0.0943012950028012,5.092269930151265,13.171814629972536,82.7410732171848,501.198443687355,91615.0768184559,4.2435582751260545
0.1886025900056024,5.092269930151265,13.222937759085514,82.59262757324802,492.1626408911112,88697.3333474343,4.149256980123252
0.2829038850084036,5.092269930151265,13.275261056453571,82.48720689935047,492.9182156344983,89689.92255924713,4.054955685120452
0.3772051800112048,5.092269930151265,13.314922226701537,82.22264383301405,490.4858669365292,89689.02440272669,3.960654390117651
0.471506475014006,5.092269930151265,13.376107650216346,82.14059712988053,489.0470640649749,89385.82970273818,3.8663530951148486
0.5658077700168073,5.092269930151265,13.423759040505008,81.83048924099475,480.3279932942659,86707.96926090983,3.772051800112048
0.6601090650196084,5.092269930151265,13.491598018660422,81.85062491432222,484.3382521541831,88441.45259002357,3.6777505051092474
0.7544103600224097,5.092269930151265,13.556660791548964,81.96890691561954,488.72392197460033,90235.53240023248,3.583449210106445
0.848711655025211,5.092269930151265,13.621656652524711,81.89498227052869,483.387562980935,88241.0209904023,3.4891479151036444
0.943012950028012,5.092269930151265,13.679281388234758,81.87511295249371,481.6429478766818,87741.63068257188,3.394846620100844
1.0373142450308133,5.092269930151265,13.74477448725999,81.85218739955299,484.9541271746192,89102.09841821544,3.3005453250980414
1.1316155400336143,5.092269930151265,13.8193649927993,81.90443279675272,483.1788079043663,88163.60366550818,3.206244030095241
1.2259168350364158,5.092269930151265,13.899260127861846,82.07017300985052,485.43063235585,88711.72349549028,3.1119427350924402
1.3202181300392168,5.092269930151265,13.952192969183356,81.90900576166487,475.5778180240286,84936.13193131582,3.017641440089638
1.414519425042018,5.092269930151265,14.039286191890476,82.17830880535234,484.57793092362016,87952.42619091852,2.9233401450868373
1.5088207200448194,5.092269930151265,14.133399579192767,82.5444260327182,494.41959328671373,91095.40957440338,2.8290388500840358
1.6031220150476206,5.092269930151265,14.193681851089222,82.48200589016741,484.2788869296514,87022.98414545662,2.7347375550812343
1.697423310050422,5.092269930151265,14.2649529057758,82.58521869529166,481.3334973320105,85431.22817116132,2.6404362600784337
1.791724605053223,5.092269930151265,14.369530027478651,83.00956323954182,489.93223447311095,87808.10251581174,2.546134965075632
1.886025900056024,5.092269930151265,14.450081142306104,83.24371714081056,491.67481370351385,88033.02858087684,2.4518336700728307
1.9803271950588257,5.092269930151265,14.534379453757328,83.44263568301164,494.68532093991223,88527.67396884825,2.357532375070029
2.0746284900616265,5.092269930151265,14.62902044596605,83.69385249045068,497.7549930233774,88962.94102982273,2.2632310800672286
2.168929785064428,5.092269930151265,14.717509255530462,84.10221755115711,501.90539068161297,89735.72249332245,2.168929785064427
2.263231080067229,5.092269930151265,14.81658383089002,84.59842765796506,506.2987617998248,90296.382605097,2.0746284900616265
2.35753237507003,5.092269930151265,14.8885599190209,84.6678353905279,507.9439149389977,90470.38645913704,1.980327195058825
2.4518336700728316,5.092269930151265,14.989414390184097,85.0847152193151,511.09520449624233,90597.18959805208,1.8860259000560236
2.5461349650756326,5.092269930151265,15.081975650294012,85.43183528379407,516.003853004642,91598.88823777896,1.791724605053223
2.6404362600784337,5.092269930151265,15.1819134854826,85.89105424686502,526.2995833462512,94536.38603143896,1.6974233100504215
2.734737555081235,5.092269930151265,15.273526027380656,86.26188024583345,531.3617536132732,95668.19617634756,1.60312201504762
2.829038850084036,5.092269930151265,15.365059078867578,86.49566545859466,532.1761362278413,95035.10061669195,1.5088207200448194
2.9233401450868377,5.092269930151265,15.478529626505104,87.07766477340489,532.1538014637105,93325.25091826712,1.414519425042017
3.0176414400896387,5.092269930151265,15.574414361786308,87.56596937198788,540.5121871243181,95643.92734733236,1.3202181300392164
3.11194273509244,5.092269930151265,15.66731406779387,87.87516680030224,542.2738232077752,95171.75917713446,1.2259168350364158
3.2062440300952413,5.092269930151265,15.789844838375457,88.64948933378614,558.5711263558708,99834.39524017554,1.1316155400336134
3.3005453250980423,5.092269930151265,15.873764941696846,88.83077356865019,557.0720569166427,98415.31405274569,1.0373142450308128
3.394846620100844,5.092269930151265,15.99308168357715,89.53127566932503,564.5506549837409,99524.21153649905,0.9430129500280113
3.489147915103645,5.092269930151265,16.096266404033088,89.98244150671503,571.1058763582394,100983.88253620492,0.8487116550252098
3.583449210106446,5.092269930151265,16.19487946995508,90.42270620661672,576.3533826069443,101765.77377697515,0.7544103600224092
3.6777505051092474,5.092269930151265,16.307442735827927,91.14833499966932,579.5560803502183,101113.33417933904,0.6601090650196078
3.772051800112048,5.092269930151265,16.408554169007168,91.60569693099669,590.1610744108362,103996.75251519556,0.5658077700168072
3.8663530951148495,5.092269930151265,16.52221100178991,92.26880500303002,602.9455865436005,107354.64506644216,0.47150647501400567
3.960654390117651,5.092269930151265,16.619980322371816,92.65934499646067,606.3454454417067,107342.53093479083,0.3772051800112042
4.0549556851204525,5.092269930151265,16.739662654515012,93.4649599288399,617.9933306944159,109913.4130859711,0.2829038850084027
4.149256980123253,5.092269930151265,16.847667905021808,93.86724487865406,619.6948835689087,109192.85358710414,0.1886025900056021
4.2435582751260545,5.092269930151265,16.98012377612256,94.83813225677837,638.1280276431022,114152.90394713612,0.0943012950028006
4.337859570128856,5.092269930151265,17.074312853934792,95.16294513280236,642.9941863530984,114821.0019525978,-8.881784197001252e-16
0.0,5.186571225154067,13.243458918803809,83.90023295884957,522.7243129052988,97007.73733138226,4.243558275126054
0.0943012950028012,5.186571225154067,13.293683756406924,83.64392163659747,508.1102755468243,92172.4455676112,4.149256980123253
0.1886025900056024,5.186571225154067,13.343809528795177,83.5032726155865,507.4711955267368,92695.85765753745,4.054955685120451
0.2829038850084036,5.186571225154067,13.395974275351994,83.38525724862325,510.6521161632989,94711.67281350844,3.96065439011765
0.3772051800112048,5.186571225154067,13.447321269180913,83.21442623925289,504.8617772602483,93053.77903837046,3.8663530951148495
0.471506475014006,5.186571225154067,13.513294284277848,83.17924638757779,503.6016168033902,92785.28550131332,3.772051800112047
0.5658077700168073,5.186571225154067,13.560175749841129,82.951643654094,496.06194981868737,90521.72444995976,3.6777505051092465
0.6601090650196084,5.186571225154067,13.623961739605589,82.85234293102593,497.43058208497047,91323.0436726197,3.583449210106446
0.7544103600224097,5.186571225154067,13.687826964693942,82.79344161134159,495.7341708281453,90885.01917817,3.4891479151036435
0.848711655025211,5.186571225154067,13.755780453672218,82.90089182108203,492.7488931046714,89621.84265573669,3.394846620100843
0.943012950028012,5.186571225154067,13.819278567192084,82.75132074869362,491.6696786000742,89410.65569101842,3.3005453250980423
1.0373142450308133,5.186571225154067,13.899320941303632,82.89304618684841,494.0526980168104,90134.81215402194,3.20624403009524
1.1316155400336143,5.186571225154067,13.968419445455616,83.001097479464,498.711267569711,91786.5755904446,3.1119427350924393
1.2259168350364158,5.186571225154067,14.0337048015004,82.93961914505846,494.82146700304054,90277.8361186368,3.0176414400896387
1.3202181300392168,5.186571225154067,14.116751780544323,83.1516687533977,502.1613967865689,92638.61995862884,2.9233401450868364
1.414519425042018,5.186571225154067,14.189844900559478,83.20981765329647,495.3456590506749,89685.8924137475,2.8290388500840358
1.5088207200448194,5.186571225154067,14.286073324460578,83.55810929397447,497.4940455539111,89750.93666120639,2.7347375550812343
1.6031220150476206,5.186571225154067,14.351375330565553,83.54060966609242,498.32621194297144,89993.64704726364,2.640436260078433
1.697423310050422,5.186571225154067,14.446711825391407,83.86573430900114,503.5968235397559,91258.8688269133,2.546134965075632
1.791724605053223,5.186571225154067,14.52685349040752,84.08443203648999,504.95839211469774,91278.07143508505,2.4518336700728307
1.886025900056024,5.186571225154067,14.60613716233018,84.25431669684124,504.59065452382816,90630.1158932101,2.357532375070029
1.9803271950588257,5.186571225154067,14.700638219776357,84.62473549419384,511.02298931538354,92165.47905294766,2.2632310800672277
2.0746284900616265,5.186571225154067,14.797267332275071,84.93708918782275,512.4438059932351,91986.6155772757,2.168929785064427
2.168929785064428,5.186571225154067,14.877706428253784,85.13144298901516,515.3414964117678,92433.43009274834,2.0746284900616256
2.263231080067229,5.186571225154067,14.964226115264925,85.40413342260253,518.5943185632076,92971.52297957624,1.980327195058825
2.35753237507003,5.186571225154067,15.07181742097782,85.9129270351832,523.0066220887173,93412.50647450102,1.8860259000560236
2.4518336700728316,5.186571225154067,15.159866653562355,86.23597131694402,527.9255869257281,94441.23671023943,1.791724605053222
2.5461349650756326,5.186571225154067,15.249175699373255,86.39910877799502,525.6619508576458,92791.2373640941,1.6974233100504215
2.6404362600784337,5.186571225154067,15.354813530825174,86.9540690643241,536.0175694002256,95608.61070826408,1.60312201504762
2.734737555081235,5.186571225154067,15.455496980957747,87.38435330540892,543.8369849497662,97489.70843017976,1.5088207200448185
2.829038850084036,5.186571225154067,15.5615769386657,87.91627824285186,548.258133783194,97736.60359469008,1.4145194250420179
2.9233401450868377,5.186571225154067,15.639635569770515,88.05024448412323,545.2660136440462,96044.24192093933,1.3202181300392155
3.0176414400896387,5.186571225154067,15.739988950025108,88.58779778652392,553.1244193298412,97766.41961372337,1.225916835036415
3.11194273509244,5.186571225154067,15.854487400817668,89.17000357453773,571.228984286359,103522.39325986258,1.1316155400336143
3.2062440300952413,5.186571225154067,15.941488789523286,89.46837602545403,563.8216630255695,99563.31256629345,1.037314245030812
3.3005453250980423,5.186571225154067,16.055207212867998,90.03885903456154,574.0177001675563,102024.85853367696,0.9430129500280113
3.394846620100844,5.186571225154067,16.167637949314432,90.61068139481227,581.4984276917954,103409.07695498066,0.8487116550252098
3.489147915103645,5.186571225154067,16.281023203339753,91.27304040405863,593.160325900766,106405.83294654007,0.7544103600224084
3.583449210106446,5.186571225154067,16.382799070638324,91.66440907816347,591.4843829576849,104350.06453461351,0.6601090650196078
3.6777505051092474,5.186571225154067,16.488868788768524,92.15972885254318,598.3823894039979,105675.4773386137,0.5658077700168063
3.772051800112048,5.186571225154067,16.600623563393285,92.7724056855826,603.9664207524171,106291.06032597544,0.47150647501400567
3.8663530951148495,5.186571225154067,16.712424831090228,93.36298316906392,766.7505501250303,169601.7289569284,0.3772051800112042
3.960654390117651,5.186571225154067,16.80229537998694,93.7872695582876,625.1149467236281,111692.0486809861,0.2829038850084027
4.0549556851204525,5.186571225154067,16.92032336146538,94.50906868658323,642.1092604702675,116658.26020315247,0.1886025900056012
4.149256980123253,5.186571225154067,17.03598727579699,95.074692468327,641.1550002233578,114400.39059712026,0.0943012950028006
4.2435582751260545,5.186571225154067,17.141965786652495,95.52664247881448,644.7155000785756,114277.6081960866,-8.881784197001252e-16
0.0,5.280872520156867,13.35569357551587,84.6966426940904,524.8996016808912,95810.41134524369,4.149256980123253
0.0943012950028012,5.280872520156867,13.414061545614116,84.52702224926522,523.0722189715922,95970.8137769813,4.0549556851204525
0.1886025900056024,5.280872520156867,13.471111931233096,84.52707187135084,524.6864878525662,97171.45567341504,3.96065439011765
0.2829038850084036,5.280872520156867,13.511732138018257,84.0618795018595,516.162630283735,94951.23710772708,3.8663530951148495
0.3772051800112048,5.280872520156867,13.566786689489003,83.94114909003167,507.5333795996237,91975.4243385258,3.772051800112049
0.471506475014006,5.280872520156867,13.627638544895763,84.01350385601472,512.180495407677,94144.43726647436,3.6777505051092465
0.5658077700168073,5.280872520156867,13.693606295316645,83.94406281514959,513.8524345024439,95150.88132512911,3.583449210106446
0.6601090650196084,5.280872520156867,13.75439308090502,83.9406148013244,508.851285182957,93443.6216073526,3.4891479151036453
0.7544103600224097,5.280872520156867,13.822841155504909,83.81361887837171,507.2286966000025,93008.06843567196,3.394846620100843
0.848711655025211,5.280872520156867,13.896544656197774,83.86025638000073,508.9820624757931,93658.78306271542,3.3005453250980423
0.943012950028012,5.280872520156867,13.93808452633117,83.64612856162944,506.0772716476739,93148.45167693468,3.2062440300952417
1.0373142450308133,5.280872520156867,14.033714478685544,83.96752714822088,511.949414277571,94789.4035229437,3.1119427350924393
1.1316155400336143,5.280872520156867,14.103071923514271,83.83173628902162,505.8232122999209,92479.89806016804,3.0176414400896387
1.2259168350364158,5.280872520156867,14.184131122008605,83.93593117787374,506.4698693212541,92350.10839782064,2.923340145086838
1.3202181300392168,5.280872520156867,14.27523045249501,84.22218156079343,511.3227607014813,93717.43924806046,2.8290388500840358
1.414519425042018,5.280872520156867,14.340747559910811,84.240481473373,512.2939362372853,93913.55026479228,2.734737555081235
1.5088207200448194,5.280872520156867,14.420668773088428,84.40220443259636,509.3976624113026,92337.7115537519,2.6404362600784337
1.6031220150476206,5.280872520156867,14.497673601427108,84.53143511258928,509.6674954850005,92082.95865999733,2.546134965075632
1.697423310050422,5.280872520156867,14.597232482750812,84.93831917965765,518.7794710671564,94652.75494464448,2.4518336700728316
1.791724605053223,5.280872520156867,14.680181051107288,85.06490497720907,513.9805435357005,92372.51641877006,2.35753237507003
1.886025900056024,5.280872520156867,14.751653656707424,85.14260075376153,517.0404633220751,93167.174637351,2.2632310800672286
1.9803271950588257,5.280872520156867,14.854175649688544,85.4796460641136,522.022799424595,94181.78065848329,2.168929785064427
2.0746284900616265,5.280872520156867,14.948704998754549,85.971304665729,526.2773783957845,94809.26879707808,2.0746284900616265
2.168929785064428,5.280872520156867,15.031170218423254,86.03681573443018,523.555855578972,93138.11435259091,1.980327195058825
2.263231080067229,5.280872520156867,15.12667763031433,86.52543697864952,534.810237249791,96559.45713322768,1.8860259000560244
2.35753237507003,5.280872520156867,15.228677011340148,86.88252933892707,535.0137133867249,95616.47805457991,1.791724605053223
2.4518336700728316,5.280872520156867,15.328085009324402,87.24094859833563,537.3993487476602,95462.63426042648,1.6974233100504215
2.5461349650756326,5.280872520156867,15.413437678336717,87.51298349449957,541.8246140434588,96407.00317672009,1.6031220150476209
2.6404362600784337,5.280872520156867,15.514041347675525,87.90766928177845,545.6871208608724,96881.44899905148,1.5088207200448194
2.734737555081235,5.280872520156867,15.614365918303164,88.30648424705102,558.7858526042586,100984.1018808213,1.4145194250420179
2.829038850084036,5.280872520156867,15.72259702834563,88.93327743409762,561.363506022948,100594.76001458168,1.3202181300392173
2.9233401450868377,5.280872520156867,15.815218334782353,89.20837947949377,557.4747059889578,97913.6828282804,1.225916835036415
3.0176414400896387,5.280872520156867,15.921881074605508,89.62307256091223,566.6139535003784,100269.05717091488,1.1316155400336143
3.11194273509244,5.280872520156867,16.024940958713866,90.24352682147044,622.1849375148021,121061.22035331944,1.0373142450308137
3.2062440300952413,5.280872520156867,16.121274938591146,90.59255882365184,583.0283437622303,104111.42908510235,0.9430129500280113
3.3005453250980423,5.280872520156867,16.23976540598041,91.22643012221634,590.0679538248837,105176.70179217942,0.8487116550252107
3.394846620100844,5.280872520156867,16.340867361667176,91.60587032556192,595.2146065754035,106098.75339916794,0.7544103600224092
3.489147915103645,5.280872520156867,16.442650345752746,92.13552791523412,602.6275261643119,107525.19977927112,0.6601090650196078
3.583449210106446,5.280872520156867,16.564861164074262,92.9293919783812,611.3992059853314,109037.59407222376,0.5658077700168072
3.6777505051092474,5.280872520156867,16.656241254275994,93.21632767995465,618.6305553204519,110929.34058918734,0.47150647501400567
3.772051800112048,5.280872520156867,16.785384649325145,93.9408342779899,626.8095591629989,111977.40775682183,0.37720518001120507
3.8663530951148495,5.280872520156867,16.875288601415132,94.30119667373113,624.2002405851698,109741.64879825494,0.2829038850084036
3.960654390117651,5.280872520156867,16.99315485876703,94.94593378201898,638.0543377732089,113462.89321471236,0.1886025900056021
4.0549556851204525,5.280872520156867,17.108020936651943,95.70141793394292,653.7085205477387,117724.72921383004,0.0943012950028006
4.149256980123253,5.280872520156867,17.22330391094354,96.1860705192151,657.2647542504164,117538.60432009088,0.0
0.0,5.375173815159669,13.475901026566572,85.5573159421681,535.4098801485272,97710.62139949547,4.054955685120452
0.0943012950028012,5.375173815159669,13.538331086491976,85.50392891725015,535.7498508281333,98720.57188177036,3.960654390117651
0.1886025900056024,5.375173815159669,13.589385905806548,85.20255263448999,528.6885818626678,96798.00859766846,3.8663530951148486
0.2829038850084036,5.375173815159669,13.64456419145566,85.18559052001052,531.5756125302324,98553.78547256593,3.772051800112048
0.3772051800112048,5.375173815159669,13.705023767109594,84.99479117875681,524.6194590721583,96228.61916952276,3.6777505051092474
0.471506475014006,5.375173815159669,13.751223328258904,84.82296208611604,525.7545813588999,97536.3553007968,3.583449210106445
0.5658077700168073,5.375173815159669,13.827973796869871,84.82799684751251,523.2232650792655,96616.23623080444,3.4891479151036444
0.6601090650196084,5.375173815159669,13.885122559630204,84.76701643096246,525.0370037582496,97795.14491996542,3.394846620100844
0.7544103600224097,5.375173815159669,13.962001237945035,84.80644623130388,522.6485022202406,96715.6455378688,3.3005453250980414
0.848711655025211,5.375173815159669,14.0494709832285,84.98305545532756,522.5397960714108,96361.63829298742,3.206244030095241
0.943012950028012,5.375173815159669,14.11128653360326,84.96718334682255,525.9039500294855,97790.35801236752,3.1119427350924402
1.0373142450308133,5.375173815159669,14.183676813390711,84.93058574150285,518.4177633377631,94875.91201277402,3.017641440089638
1.1316155400336143,5.375173815159669,14.261287450506025,85.09061150981377,521.7275994940233,95740.76255707224,2.9233401450868373
1.2259168350364158,5.375173815159669,14.34330728361416,85.18753947185142,522.459126233083,95828.33940619035,2.8290388500840367
1.3202181300392168,5.375173815159669,14.410743609725545,85.18188413735983,527.2575592845864,97705.38489453206,2.7347375550812343
1.414519425042018,5.375173815159669,14.477495109887656,85.13314639054576,523.949604236958,96354.08493113746,2.6404362600784337
1.5088207200448194,5.375173815159669,14.581986891093642,85.58474873703005,528.7781925549734,97246.0501641107,2.546134965075632
1.6031220150476206,5.375173815159669,14.670959411336524,85.76842957334398,528.8889789374464,96646.24798368862,2.4518336700728307
1.697423310050422,5.375173815159669,14.754536729587077,85.97955251462335,530.9436921732236,96895.20378086422,2.35753237507003
1.791724605053223,5.375173815159669,14.831737126735886,86.09894515229524,528.580844421434,95553.75506283857,2.2632310800672286
1.886025900056024,5.375173815159669,14.929820820913598,86.442287104641,536.8778049524295,97910.19885842726,2.168929785064427
1.9803271950588257,5.375173815159669,15.020487023933578,86.71341227406842,536.1453674277064,96859.29103966065,2.0746284900616256
2.0746284900616265,5.375173815159669,15.089101406221689,86.6826720357657,530.5174020352051,94475.75715527426,1.980327195058825
2.168929785064428,5.375173815159669,15.207277280093232,87.34733028658124,543.2843392092066,97862.3516532461,1.8860259000560236
2.263231080067229,5.375173815159669,15.300534387033927,87.66400433052826,551.7063399573153,100381.73560835012,1.791724605053223
2.35753237507003,5.375173815159669,15.39969961055272,88.00523711239995,550.3158859799713,98788.53306979306,1.6974233100504215
2.4518336700728316,5.375173815159669,15.495725741839832,88.41160857827981,564.0987464429435,103196.91961605416,1.60312201504762
2.5461349650756326,5.375173815159669,15.580193619427854,88.54482306183803,551.9641087607497,97656.65975765012,1.5088207200448194
2.6404362600784337,5.375173815159669,15.685116152458116,89.11329399872504,561.8945270895139,100239.3643283588,1.4145194250420179
2.734737555081235,5.375173815159669,15.7728135804305,89.31394022167443,562.426555625357,99634.69842125128,1.3202181300392164
2.829038850084036,5.375173815159669,15.900477391102106,89.952929641994,572.7307721146127,102007.28743947568,1.2259168350364158
2.9233401450868377,5.375173815159669,15.996774624266797,90.36463075194222,578.0298991903193,103018.5263438732,1.1316155400336134
3.0176414400896387,5.375173815159669,16.093834563060717,90.79902054475455,584.0150430310006,104142.80748070632,1.0373142450308128
3.11194273509244,5.375173815159669,16.19583563374018,91.29596961656247,589.5365605939394,104940.49054713102,0.9430129500280122
3.2062440300952413,5.375173815159669,16.312548473299735,91.86913685967784,599.4331588902074,107295.3975144474,0.8487116550252098
3.3005453250980423,5.375173815159669,16.420855056777402,92.30606767221607,606.085376831024,108512.92108025476,0.7544103600224092
3.394846620100844,5.375173815159669,16.49466315570592,92.50314917386136,606.9642398399751,108168.2998382517,0.6601090650196078
3.489147915103645,5.375173815159669,16.619571950346984,93.30223605355764,617.5253977194958,110392.6524161004,0.5658077700168063
3.583449210106446,5.375173815159669,16.72936558353834,93.71132851061108,632.8717025385827,115017.06391021187,0.47150647501400567
3.6777505051092474,5.375173815159669,16.847850003343368,94.44512013394151,633.0652379894773,113126.64630490332,0.3772051800112042
3.772051800112048,5.375173815159669,16.94039430766786,94.76765183185792,632.268959547103,111625.75298112264,0.2829038850084036
3.8663530951148495,5.375173815159669,17.060210277253738,95.40596722344269,637.5142765169697,111828.43959592548,0.1886025900056021
3.960654390117651,5.375173815159669,17.175935043564223,96.07323576661751,654.2965160928965,116698.94351651716,0.0943012950028006
4.0549556851204525,5.375173815159669,17.29386340514855,96.6457713997835,665.0301819520846,119186.1362474817,-8.881784197001252e-16
0.0,5.46947511016247,13.61302730243543,86.66885650230037,556.2946018762669,103394.68746784894,3.96065439011765
0.0943012950028012,5.46947511016247,13.65387938337644,86.34263888137224,549.2066727496511,101931.1167963072,3.8663530951148495
0.1886025900056024,5.46947511016247,13.722303495125642,86.24062171940689,542.7850393933988,99800.2965679356,3.772051800112047
0.2829038850084036,5.46947511016247,13.780506882029236,86.16039070286783,541.027972505926,99765.72866911055,3.6777505051092465
0.3772051800112048,5.46947511016247,13.8369055665805,86.0658900890521,540.1484133068849,100046.75750508596,3.583449210106446
0.471506475014006,5.46947511016247,13.898518930451283,85.90583478346915,541.6783369399482,101165.55253726352,3.4891479151036435
0.5658077700168073,5.46947511016247,13.958659445544306,85.86131865948411,534.2906872265098,98447.26003507224,3.394846620100843
0.6601090650196084,5.46947511016247,14.043048744730374,85.92376164044406,540.2836926996491,100901.63862788772,3.3005453250980423
0.7544103600224097,5.46947511016247,14.10346478550913,85.88088013869498,536.5674609015707,99730.61399112974,3.20624403009524
0.848711655025211,5.46947511016247,14.174082287673755,85.82778345095429,532.8778075125574,98380.26425596922,3.1119427350924393
0.943012950028012,5.46947511016247,14.254420993573405,85.94892841401055,536.7513824963212,99723.92009200469,3.0176414400896387
1.0373142450308133,5.46947511016247,14.322997164169491,85.94679929064827,536.6858959881386,99624.62473041718,2.9233401450868364
1.1316155400336143,5.46947511016247,14.39681576130589,86.01985656050637,534.7750849161534,98723.98209596815,2.8290388500840358
1.2259168350364158,5.46947511016247,14.474936847888616,86.03242663759146,536.7464430309316,99343.36146550538,2.734737555081235
1.3202181300392168,5.46947511016247,14.55128313831221,86.11733622070568,533.3737629170299,97708.40606865512,2.640436260078433
1.414519425042018,5.46947511016247,14.652282963727876,86.50303676989068,539.4407600325349,99151.21053458152,2.546134965075632
1.5088207200448194,5.46947511016247,14.7326769084496,86.59196028822295,536.4609706360563,97770.19654574292,2.4518336700728307
1.6031220150476206,5.46947511016247,14.810378988082102,86.61355023697534,535.4276466536825,96989.70063415208,2.357532375070029
1.697423310050422,5.46947511016247,14.903373739656118,87.00742043723028,541.7723754906588,98659.45573882664,2.2632310800672286
1.791724605053223,5.46947511016247,15.001303133069651,87.31040537063797,549.3854237894667,100843.08406089834,2.168929785064427
1.886025900056024,5.46947511016247,15.0938575026141,87.65905979549649,552.7508309136339,101276.85320807976,2.0746284900616256
1.9803271950588257,5.46947511016247,15.19205976573584,88.01859201434976,555.8809511140785,101586.80574290968,1.9803271950588242
2.0746284900616265,5.46947511016247,15.259504671806985,87.8566372504445,550.4710400220438,99329.58382340823,1.8860259000560236
2.168929785064428,5.46947511016247,15.368440638592697,88.33958786511445,560.5080921447841,102117.34642956416,1.791724605053222
2.263231080067229,5.46947511016247,15.461813932044947,88.6487922093765,560.2578190742448,101092.8379814084,1.6974233100504215
2.35753237507003,5.46947511016247,15.566325101558943,89.06539678128757,564.7394379726592,101761.79565889738,1.60312201504762
2.4518336700728316,5.46947511016247,15.660654856793569,89.37919832518214,565.4171183891422,100878.65167022364,1.5088207200448185
2.5461349650756326,5.46947511016247,15.779084806240624,90.03320015673535,578.0870980583701,104337.99459193104,1.4145194250420179
2.6404362600784337,5.46947511016247,15.862551313977304,90.10959473277651,571.7741334385781,101287.04369755209,1.3202181300392164
2.734737555081235,5.46947511016247,15.966738682641962,90.6876052973196,583.7346200556319,104639.95118669044,1.225916835036415
2.829038850084036,5.46947511016247,16.04874056809498,90.90700983844826,585.9125338956969,104634.84041729936,1.1316155400336143
2.9233401450868377,5.46947511016247,16.17488576012859,91.62681661820967,603.7477333370034,109972.25852749344,1.037314245030812
3.0176414400896387,5.46947511016247,16.27570726705531,91.9105853039779,596.7141173221407,106104.91385497482,0.9430129500280113
3.11194273509244,5.46947511016247,16.372171829811588,92.3270642595942,599.0557208427782,105770.0105028228,0.8487116550252107
3.2062440300952413,5.46947511016247,16.466752701856308,92.70932492430974,607.7526159304372,108187.92109916398,0.7544103600224084
3.3005453250980423,5.46947511016247,16.58951116978126,93.36881936604664,618.8349875549388,110612.78277966943,0.6601090650196078
3.394846620100844,5.46947511016247,16.68268499894999,93.7313706777935,621.5240258364511,110591.38080665332,0.5658077700168063
3.489147915103645,5.46947511016247,16.809547385613982,94.42440501078192,632.4006067818303,112915.44474735334,0.4715064750140048
3.583449210106446,5.46947511016247,16.916109333469986,94.92843267678757,636.264099102829,112935.97154445492,0.3772051800112042
3.6777505051092474,5.46947511016247,17.03693045073347,95.53690215208329,643.7531732429848,114015.44764560348,0.2829038850084027
3.772051800112048,5.46947511016247,17.14648892817757,96.10260377407803,653.8848297850352,116482.19932446515,0.1886025900056021
3.8663530951148495,5.46947511016247,17.244802784637134,96.59709956304113,660.3070079907462,117703.38673648312,0.0943012950028006
3.960654390117651,5.46947511016247,17.353918464589473,97.04801933223246,669.0395099499557,119585.803551507,-8.881784197001252e-16
0.0,5.563776405165272,13.733145996432867,87.55815188822606,561.959396843735,103337.08674278342,3.8663530951148486
0.0943012950028012,5.563776405165272,13.79326851792872,87.3836257173974,558.2582745275123,102599.0591336619,3.772051800112048
0.1886025900056024,5.563776405165272,13.842363023512734,87.2024311993477,556.3407246074318,102901.72898616608,3.6777505051092456
0.2829038850084036,5.563776405165272,13.900385951395732,87.09173812073806,557.5765438115698,104077.35196012436,3.583449210106445
0.3772051800112048,5.563776405165272,13.97027702190734,87.01606468362687,552.8821978627104,102661.47756218718,3.4891479151036444
0.471506475014006,5.563776405165272,14.046846253772811,87.15816048508538,560.2648756931155,105647.96892056584,3.394846620100842
0.5658077700168073,5.563776405165272,14.104479500243256,86.93305591008153,549.0439526995444,101796.88284763903,3.3005453250980414
0.6601090650196084,5.563776405165272,14.175999807082537,86.90809452353538,546.8993834629342,101067.55808348744,3.206244030095241
0.7544103600224097,5.563776405165272,14.249703802677203,86.92496980460379,548.334704465717,101678.61942487916,3.1119427350924385
0.848711655025211,5.563776405165272,14.331072276912645,86.9426913139763,548.6782526393382,101846.48662365394,3.017641440089638
0.943012950028012,5.563776405165272,14.39112962890847,86.80792684698564,547.9199936138054,101908.80133985156,2.9233401450868373
1.0373142450308133,5.563776405165272,14.481857386393695,87.06006720687336,550.2873655373908,102256.70285368973,2.829038850084035
1.1316155400336143,5.563776405165272,14.564960448887913,87.158912775993,552.1056032000715,102649.80516012458,2.7347375550812343
1.2259168350364158,5.563776405165272,14.638019302170628,87.28833950862784,558.9301275502355,105141.79077770418,2.6404362600784337
1.3202181300392168,5.563776405165272,14.725442497535496,87.33336227116897,549.7261243559635,101060.4915595906,2.5461349650756313
1.414519425042018,5.563776405165272,14.811920316905802,87.61016014068667,553.8363938102598,102268.9377070578,2.4518336700728307
1.5088207200448194,5.563776405165272,14.893911290368754,87.67506391602299,558.0851739117501,103492.2639817442,2.357532375070029
1.6031220150476206,5.563776405165272,14.977419474261332,87.86859582862985,559.8363729370997,103657.38014325568,2.2632310800672277
1.697423310050422,5.563776405165272,15.060362840107317,88.04188904513003,557.3840636546392,102179.71711389424,2.168929785064427
1.791724605053223,5.563776405165272,15.152521474332724,88.30869444826814,559.4349992043828,102188.7250757473,2.0746284900616256
1.886025900056024,5.563776405165272,15.261226995036155,88.6697617702323,564.3955483326131,103146.47657523036,1.9803271950588242
1.9803271950588257,5.563776405165272,15.358684037657731,89.16144342668206,570.170499012831,104319.84501723589,1.8860259000560227
2.0746284900616265,5.563776405165272,15.434976320491897,89.11501152097506,565.1820909973158,102062.52864960108,1.791724605053222
2.168929785064428,5.563776405165272,15.53802125754676,89.516625167503,567.19009577492,101652.28246016373,1.6974233100504206
2.263231080067229,5.563776405165272,15.6353496844967,89.81913607172609,574.6531229631158,103717.09850189844,1.60312201504762
2.35753237507003,5.563776405165272,15.725480849463072,90.08149912001292,575.9812204266244,103416.19337741689,1.5088207200448185
2.4518336700728316,5.563776405165272,15.832121834780434,90.61821593943392,581.5509580216736,104342.0638363588,1.414519425042017
2.5461349650756326,5.563776405165272,15.917326661041717,90.73145319265392,587.9494514955865,106245.7503039506,1.3202181300392164
2.6404362600784337,5.563776405165272,16.030934585243745,91.37681970663736,591.862387742331,106075.74868354408,1.225916835036415
2.734737555081235,5.563776405165272,16.14676021652678,91.9041417193026,621.4875302775234,116470.44238052204,1.1316155400336134
2.829038850084036,5.563776405165272,16.24356789909161,92.25486334598084,604.6839593980502,108585.29032076786,1.0373142450308128
2.9233401450868377,5.563776405165272,16.350209213318916,92.5724529483407,605.1683689487973,107551.00131958885,0.9430129500280104
3.0176414400896387,5.563776405165272,16.433302761213454,92.84417975406544,607.9226497966536,107867.20555936794,0.8487116550252098
3.11194273509244,5.563776405165272,16.554846108723574,93.5460084528184,617.6597330009322,109856.56846153436,0.7544103600224092
3.2062440300952413,5.563776405165272,16.65851844776212,94.08856381698436,630.4468033875239,113489.96584715816,0.6601090650196069
3.3005453250980423,5.563776405165272,16.755834871089096,94.40389945665102,630.6701815752821,112428.11616390925,0.5658077700168063
3.394846620100844,5.563776405165272,16.87580734962912,94.97899267488862,642.681326343587,115505.44665210128,0.4715064750140048
3.489147915103645,5.563776405165272,16.99215049500282,95.6367748012265,648.4491799584191,116071.3366007642,0.3772051800112033
3.583449210106446,5.563776405165272,17.115800606315855,96.23186061211857,659.9591004265534,118749.44904599233,0.2829038850084027
3.6777505051092474,5.563776405165272,17.1991015897705,96.54653118716756,666.4662130755889,120464.0071673261,0.1886025900056012
3.772051800112048,5.563776405165272,17.327202030290472,97.2480224034884,674.2190781393593,121281.6886477979,0.0943012950028006
3.8663530951148495,5.563776405165272,17.4253123602783,97.63847663902408,671.8039179263751,119040.00317752986,-8.881784197001252e-16
0.0,5.658077700168072,13.84951579583276,88.41273809256353,576.3286217164664,106899.18621607823,3.772051800112048
0.0943012950028012,5.658077700168072,13.917515543353067,88.31363534037649,572.0380227079926,105822.0596191858,3.6777505051092474
0.1886025900056024,5.658077700168072,13.974355743152824,88.19910128697073,572.7587940337812,106922.15476058956,3.583449210106445
0.2829038850084036,5.658077700168072,14.039228077886357,88.10904319036845,569.9788846362275,106424.88586844144,3.4891479151036444
0.3772051800112048,5.658077700168072,14.101083260339882,87.95980392255791,565.8243645730173,105272.28071489156,3.394846620100844
0.471506475014006,5.658077700168072,14.180732190797324,88.10235044067579,571.0387506295169,107438.33140064865,3.3005453250980414
0.5658077700168073,5.658077700168072,14.252819780365758,88.01978883153669,564.361174049302,105111.44123810384,3.206244030095241
0.6601090650196084,5.658077700168072,14.312378642853922,87.89126530705758,565.1533516561718,105820.37693329868,3.1119427350924402
0.7544103600224097,5.658077700168072,14.392771453784064,87.99669674122053,562.8968737136161,104856.82710550864,3.017641440089638
0.848711655025211,5.658077700168072,14.472775280147308,87.98100519349289,559.6372849220106,103505.28310506954,2.9233401450868373
0.943012950028012,5.658077700168072,14.544093211150477,87.96665788141584,563.9225148942157,105251.95852531397,2.8290388500840367
1.0373142450308133,5.658077700168072,14.61824536893922,88.0161618238018,566.7560954524619,106309.01116373712,2.7347375550812343
1.1316155400336143,5.658077700168072,14.704583904629752,88.02969661224242,561.963691422751,104210.88299536156,2.6404362600784337
1.2259168350364158,5.658077700168072,14.795571823983792,88.40487380463011,572.0224515419256,107461.53845408677,2.546134965075633
1.3202181300392168,5.658077700168072,14.885890341483403,88.49069065599944,567.5048135518579,105255.11766138274,2.4518336700728307
1.414519425042018,5.658077700168072,14.965372548528675,88.63882331324795,571.2348963518014,106385.2481249362,2.35753237507003
1.5088207200448194,5.658077700168072,15.039821589699752,88.64743935307615,560.2713808275126,101705.75883905166,2.2632310800672286
1.6031220150476206,5.658077700168072,15.150773715360284,89.13242048914924,574.2727384508453,106225.52000038468,2.168929785064427
1.697423310050422,5.658077700168072,15.237763214032553,89.32133837550415,574.7382513615873,105743.7248623778,2.0746284900616265
1.791724605053223,5.658077700168072,15.329061645544195,89.4473160255049,578.5250549548323,106741.17822760686,1.980327195058825
1.886025900056024,5.658077700168072,15.41752461781708,89.75608576954305,580.1187285785975,106552.96533742498,1.8860259000560236
1.9803271950588257,5.658077700168072,15.528396927200353,90.16112002118336,586.4096661032517,107936.17090754437,1.791724605053222
2.0746284900616265,5.658077700168072,15.613908489612609,90.43828046190224,590.5619089631948,108811.51451658562,1.6974233100504215
2.168929785064428,5.658077700168072,15.703897833434056,90.5607786742633,580.3447420185225,104125.23858488,1.60312201504762
2.263231080067229,5.658077700168072,15.80623182485202,90.93381455252153,592.0864629819798,107716.3148104249,1.5088207200448194
2.35753237507003,5.658077700168072,15.917469408787126,91.39900004378538,597.5361600039295,108513.07468234104,1.4145194250420179
2.4518336700728316,5.658077700168072,16.00312188509837,91.58781949471548,603.2419911949503,110017.86510094051,1.3202181300392164
2.5461349650756326,5.658077700168072,16.110263948984368,92.10490832620825,602.1313271706537,108127.02508930177,1.2259168350364158
2.6404362600784337,5.658077700168072,16.213679482256826,92.5630227265104,606.3656998203397,108596.6547991226,1.1316155400336143
2.734737555081235,5.658077700168072,16.30665412883861,92.84000521547642,617.3619341118956,112019.45582964628,1.0373142450308128
2.829038850084036,5.658077700168072,16.42330462959624,93.3625220830962,622.9005040693111,112774.2994473258,0.9430129500280122
2.9233401450868377,5.658077700168072,16.531748994012858,93.923838078123,627.0994243273346,112877.13603855945,0.8487116550252098
3.0176414400896387,5.658077700168072,16.623767216766932,94.12147247086315,626.9386754958014,111849.3830126016,0.7544103600224092
3.11194273509244,5.658077700168072,16.745880540652003,94.85927931435806,636.6149435316904,113856.4099220772,0.6601090650196086
3.2062440300952413,5.658077700168072,16.83948300399171,95.1705445374522,641.1081507393625,114565.01626577615,0.5658077700168063
3.3005453250980423,5.658077700168072,16.946087011195395,95.55813545926723,644.1731328198431,114365.47523965272,0.47150647501400567
3.394846620100844,5.658077700168072,17.072857029131477,96.30040219917292,657.0673012486278,117492.35511879172,0.3772051800112042
3.489147915103645,5.658077700168072,17.171139713910083,96.66662147478463,662.8869202506635,118683.3874334758,0.2829038850084027
3.583449210106446,5.658077700168072,17.282948257436445,97.22501289238272,668.8447544924916,119397.0124851348,0.1886025900056021
3.6777505051092474,5.658077700168072,17.38836987035413,97.6989344614748,678.9050833197081,121811.88148747609,0.0943012950028006
3.772051800112048,5.658077700168072,17.49512264121215,98.15584736290988,679.5370034200932,120661.42066025158,0.0
0.0,5.752378995170874,13.97367797291142,89.32823189588338,587.5232397722965,108899.185969612,3.6777505051092465
0.0943012950028012,5.752378995170874,14.055762022264537,89.43545525875338,590.3928873821782,110427.65752538887,3.583449210106446
0.1886025900056024,5.752378995170874,14.12220684029134,89.41883432317758,594.033418301515,112444.43153605524,3.4891479151036435
0.2829038850084036,5.752378995170874,14.180496869962194,89.06304028647334,578.3922253510029,107055.04059775225,3.394846620100843
0.3772051800112048,5.752378995170874,14.254249097343385,89.23670011474593,583.9910252621186,109409.5090854876,3.3005453250980423
0.471506475014006,5.752378995170874,14.32363066083748,89.09212763686922,585.0145973241447,110388.34241712278,3.20624403009524
0.5658077700168073,5.752378995170874,14.38481802964947,88.9220100344778,579.834618459847,108864.53078500726,3.1119427350924393
0.6601090650196084,5.752378995170874,14.46610460630675,89.0190366977204,577.3642978774545,107838.07031905366,3.0176414400896387
0.7544103600224097,5.752378995170874,14.538448175476187,88.91189897270732,575.6438962612305,107395.96678173324,2.9233401450868364
0.848711655025211,5.752378995170874,14.625350519766991,89.17945705164027,587.2370618348677,111649.04244141896,2.8290388500840358
0.943012950028012,5.752378995170874,14.692980823764456,89.01961881385037,576.861570395417,107644.15486868842,2.734737555081235
1.0373142450308133,5.752378995170874,14.787729945573112,89.27784042424912,580.9645130094619,108674.62736828288,2.640436260078433
1.1316155400336143,5.752378995170874,14.860483460391436,89.09821725479196,574.0688891993666,106281.15739943588,2.546134965075632
1.2259168350364158,5.752378995170874,14.94484545345244,89.3650735543098,579.7204790193665,107923.64868915046,2.4518336700728316
1.3202181300392168,5.752378995170874,15.051915268481594,89.69961897558522,583.1220066936118,108352.4743751534,2.357532375070029
1.414519425042018,5.752378995170874,15.12163642350765,89.71502354301415,580.2137032831839,107148.66794933204,2.2632310800672286
1.5088207200448194,5.752378995170874,15.20527696912158,89.81793725615807,579.6162476085508,106424.68139364096,2.168929785064427
1.6031220150476206,5.752378995170874,15.311844464749834,90.1971420377672,590.5341322610809,109898.03196158572,2.0746284900616256
1.697423310050422,5.752378995170874,15.38265996085771,90.11100750910688,580.1351413880362,105569.64552738868,1.980327195058825
1.791724605053223,5.752378995170874,15.487245487792414,90.64595564385316,591.7321697524394,108948.11736033428,1.8860259000560236
1.886025900056024,5.752378995170874,15.58512640084954,90.89937356543814,586.1817864140567,105845.81306399692,1.791724605053222
1.9803271950588257,5.752378995170874,15.683559193498198,91.1274778582466,592.2102344794231,107513.52511193923,1.6974233100504206
2.0746284900616265,5.752378995170874,15.777620668819456,91.47691418376768,599.2256131831618,109391.73518496558,1.60312201504762
2.168929785064428,5.752378995170874,15.875624928990868,91.76359253622844,597.0084298330731,107456.84397452357,1.5088207200448185
2.263231080067229,5.752378995170874,15.988742894048467,92.25631454586492,614.1232397513578,113033.49245140968,1.4145194250420179
2.35753237507003,5.752378995170874,16.07627334265024,92.61744779161566,614.1228834116937,112117.03129274296,1.3202181300392164
2.4518336700728316,5.752378995170874,16.17763996670675,92.80936410869342,619.0803529670944,113137.98698987384,1.225916835036415
2.5461349650756326,5.752378995170874,16.27450822048966,93.14648001213058,617.9513480639812,111571.45676324917,1.1316155400336143
2.6404362600784337,5.752378995170874,16.378822978004564,93.59365018513527,621.051802571941,111568.95987041072,1.0373142450308128
2.734737555081235,5.752378995170874,16.475965176616175,93.87542534812266,632.4479884202112,115285.34833892682,0.9430129500280113
2.829038850084036,5.752378995170874,16.590545072624497,94.4418080292082,631.0068974082412,112960.96379248275,0.8487116550252107
2.9233401450868377,5.752378995170874,16.695524970721596,94.88713655046054,642.1239488885266,115991.8775805744,0.7544103600224084
3.0176414400896387,5.752378995170874,16.797948787524202,95.31578464375951,644.0795446432184,115505.1421321148,0.6601090650196078
3.11194273509244,5.752378995170874,16.903501109659626,95.7673230148589,652.851970456261,117629.40331812068,0.5658077700168072
3.2062440300952413,5.752378995170874,17.026503107399538,96.32473113073314,658.6306729896068,118229.07970188718,0.4715064750140048
3.3005453250980423,5.752378995170874,17.13359775848346,96.79888147815662,661.0199063887194,117568.81452420852,0.3772051800112042
3.394846620100844,5.752378995170874,17.23328316644189,97.18122680043696,668.886068690656,119400.3734997066,0.2829038850084027
3.489147915103645,5.752378995170874,17.35690611259077,97.87291963783616,687.1729460520002,124880.6623817238,0.1886025900056012
3.583449210106446,5.752378995170874,17.46667240584898,98.3808647123471,684.2603202382221,122019.76550112004,0.0943012950028006
3.6777505051092474,5.752378995170874,17.56535625165222,98.77487175660902,694.6126328889748,124857.78477567222,-8.881784197001252e-16
0.0,5.846680290173675,14.123130375318429,90.48358529758202,608.8848804812815,114485.70564998752,3.583449210106445
0.0943012950028012,5.846680290173675,14.19662207325262,90.60528621861675,606.0273842551711,113647.1310342262,3.4891479151036444
0.1886025900056024,5.846680290173675,14.26238340979847,90.44891787587063,607.5781577708021,115093.8323302511,3.394846620100842
0.2829038850084036,5.846680290173675,14.322799591024117,90.1530859757144,595.3740233553493,111064.46547184224,3.3005453250980414
0.3772051800112048,5.846680290173675,14.397105113535371,90.26357505062012,605.743498129615,115345.82770042573,3.206244030095241
0.471506475014006,5.846680290173675,14.45507374522603,89.92015781950904,592.2382031065241,110899.60517136192,3.1119427350924385
0.5658077700168073,5.846680290173675,14.53869840057508,90.00313516507701,588.6810753488273,109527.15054285568,3.017641440089638
0.6601090650196084,5.846680290173675,14.611102582720337,89.99025587329797,593.8324866994798,111737.32497780197,2.9233401450868373
0.7544103600224097,5.846680290173675,14.688435504349718,90.00278777691636,589.494063457256,110044.238904901,2.829038850084035
0.848711655025211,5.846680290173675,14.772968104569449,90.06737900626379,588.0817609893417,109228.21827975746,2.7347375550812343
0.943012950028012,5.846680290173675,14.8505211993094,90.16894797365303,591.4115739195322,110507.59422619632,2.6404362600784337
1.0373142450308133,5.846680290173675,14.925634521194262,90.10508063500426,588.5480505246012,109373.73931111056,2.5461349650756313
1.1316155400336143,5.846680290173675,15.020463671138378,90.36135608005144,590.7539811343541,109619.51904133658,2.4518336700728307
1.2259168350364158,5.846680290173675,15.117797217918632,90.70322133728396,594.0313071298824,110272.75959614317,2.35753237507003
1.3202181300392168,5.846680290173675,15.192002316017875,90.59216679129936,596.5336014231423,111346.1844877236,2.2632310800672277
1.414519425042018,5.846680290173675,15.289856683911822,90.84677979954463,598.9833489038022,111544.47435658053,2.168929785064427
1.5088207200448194,5.846680290173675,15.379932621167272,91.1011872675784,598.6562221744408,110769.12487837212,2.0746284900616256
1.6031220150476206,5.846680290173675,15.47216561042765,91.3102878609935,608.1872405645696,113940.53048205974,1.9803271950588242
1.697423310050422,5.846680290173675,15.559145846893465,91.42985792100544,607.4900295409898,113100.11630560162,1.8860259000560236
1.791724605053223,5.846680290173675,15.667278201276552,91.83636045364602,603.5183515707708,110491.86233449505,1.791724605053222
1.886025900056024,5.846680290173675,15.753644493176932,92.01979408973727,606.3630492717499,111050.30503885608,1.6974233100504206
1.9803271950588257,5.846680290173675,15.85307338687834,92.28352360805248,611.6922399343989,112125.92328988956,1.603122015047619
2.0746284900616265,5.846680290173675,15.953460557070844,92.74496576856362,623.1397662077457,115550.7394766945,1.5088207200448185
2.168929785064428,5.846680290173675,16.04322426508741,92.90202899535498,614.1472613100399,111303.65755423057,1.414519425042017
2.263231080067229,5.846680290173675,16.143522692520012,93.1506727381086,619.2534308607202,112367.7742929408,1.3202181300392164
2.35753237507003,5.846680290173675,16.230200536157003,93.42739499124512,627.3991618015855,114816.86469774548,1.225916835036415
2.4518336700728316,5.846680290173675,16.34850883525916,93.87425808337156,630.3531637371622,114500.14505093698,1.1316155400336134
2.5461349650756326,5.846680290173675,16.455297596010844,94.42636580859386,637.8383127982322,116165.26751956056,1.0373142450308128
2.6404362600784337,5.846680290173675,16.563856611494632,94.8310452230328,640.711687888643,115954.18165864173,0.9430129500280113
2.734737555081235,5.846680290173675,16.663437376295324,95.22611950294456,653.1984422342707,119635.70094190715,0.8487116550252098
2.829038850084036,5.846680290173675,16.761623450106054,95.6136442273712,647.598340220915,116261.2847712186,0.7544103600224092
2.9233401450868377,5.846680290173675,16.873665892853467,96.00154729829286,651.0468524655862,116276.28188832747,0.6601090650196069
3.0176414400896387,5.846680290173675,16.977180305566574,96.4794559835319,663.1434837749571,119731.95681507431,0.5658077700168063
3.11194273509244,5.846680290173675,17.089418864135094,96.8802168233112,664.1679928096435,118718.83029460144,0.47150647501400567
3.2062440300952413,5.846680290173675,17.204621623836754,97.3628862841384,667.2819233073252,118429.21491518764,0.3772051800112033
3.3005453250980423,5.846680290173675,17.310505072635195,97.8318551412564,678.5824501308035,121474.53937689736,0.2829038850084027
3.394846620100844,5.846680290173675,17.414351746461413,98.33609408235594,685.6917608064275,122760.79507079037,0.1886025900056012
3.489147915103645,5.846680290173675,17.530019747766765,98.86889969833452,687.5143138234297,121748.83298835222,0.09430129500279971
3.583449210106446,5.846680290173675,17.636590921377152,99.29271573922804,694.5195185016555,123088.5401063058,-8.881784197001252e-16
0.0,5.940981585176476,14.260615360304987,91.50978186429606,618.7977374812351,115537.63606144291,3.4891479151036444
0.0943012950028012,5.940981585176476,14.325766944042432,91.4871397727283,613.5526238255003,114217.57792834008,3.394846620100844
0.1886025900056024,5.940981585176476,14.39945923818564,91.47216390069778,616.7868320312398,115924.01701928182,3.3005453250980414
0.2829038850084036,5.940981585176476,14.46391987579942,91.2857894821831,616.7662779271768,116820.09873726178,3.206244030095241
0.3772051800112048,5.940981585176476,14.535622662516383,91.17230100343272,608.4799987105289,113873.3238050581,3.1119427350924402
0.471506475014006,5.940981585176476,14.60636587731296,91.17202572695476,608.5937493908114,114274.46872919778,3.017641440089638
0.5658077700168073,5.940981585176476,14.69149311271744,91.25174428094346,608.9909416485723,114434.54128380422,2.9233401450868373
0.6601090650196084,5.940981585176476,14.760658253456468,91.08466225685464,613.623476429662,116779.44039936332,2.8290388500840367
0.7544103600224097,5.940981585176476,14.848526890008658,91.25667938076964,607.1451299743574,113886.43820387838,2.7347375550812343
0.848711655025211,5.940981585176476,14.92425402636634,91.23892752829246,606.4689926226671,113653.571215859,2.6404362600784337
0.943012950028012,5.940981585176476,15.01122947012949,91.3098090193648,612.8552703357374,116038.99649880311,2.546134965075633
1.0373142450308133,5.940981585176476,15.09647937379663,91.40061256881988,604.0632840711629,112187.81638539904,2.4518336700728307
1.1316155400336143,5.940981585176476,15.175460886855989,91.41577337147868,608.2264892500685,113747.934425051,2.35753237507003
1.2259168350364158,5.940981585176476,15.28158158417622,91.73912559227162,612.1452306293211,114516.98311670018,2.2632310800672295
1.3202181300392168,5.940981585176476,15.351243214713865,91.67490020850984,607.1528760649546,112437.0943087556,2.168929785064427
1.414519425042018,5.940981585176476,15.443414536762448,91.96455159916412,614.1020410254048,114658.85270869652,2.0746284900616265
1.5088207200448194,5.940981585176476,15.536738364325934,92.13753947118266,618.0469698157619,115637.3484660204,1.980327195058825
1.6031220150476206,5.940981585176476,15.637002426997404,92.4032547777369,616.2143992720269,114151.851936402,1.8860259000560236
1.697423310050422,5.940981585176476,15.719327482659244,92.53088471785928,617.4974066804965,114013.17825010789,1.791724605053223
1.791724605053223,5.940981585176476,15.808329556265983,92.72770004051324,622.7558536280054,115711.89122306324,1.6974233100504215
1.886025900056024,5.940981585176476,15.905040813437155,92.9991277033294,621.5389727435063,114184.7794130611,1.60312201504762
1.9803271950588257,5.940981585176476,16.027955667659636,93.4703142649284,624.5901646580189,114072.28525177944,1.5088207200448185
2.0746284900616265,5.940981585176476,16.12087904109789,93.70931200502012,628.1593709665534,114609.35649314206,1.4145194250420179
2.168929785064428,5.940981585176476,16.22221802840993,94.24672917536871,639.0043017744048,117657.18568351326,1.3202181300392164
2.263231080067229,5.940981585176476,16.332350625262507,94.50285475116868,643.8800355561134,118643.98120136117,1.2259168350364158
2.35753237507003,5.940981585176476,16.431878256528698,94.82841081647088,641.1198755097399,116363.5796001257,1.1316155400336143
2.4518336700728316,5.940981585176476,16.53804156233517,95.33721160506435,653.1962760343167,119826.13921620854,1.0373142450308128
2.5461349650756326,5.940981585176476,16.638170905225472,95.57708182016349,652.2368087563885,118533.29059194746,0.9430129500280122
2.6404362600784337,5.940981585176476,16.724166871593525,95.80702137918794,650.9512296695948,117135.56917739828,0.8487116550252107
2.734737555081235,5.940981585176476,16.84845796728348,96.41207225456782,665.7163386968256,121249.83847080554,0.7544103600224092
2.829038850084036,5.940981585176476,16.93667906445553,96.5483779318134,658.8628367089917,117790.90445132194,0.6601090650196086
2.9233401450868377,5.940981585176476,17.049735372656013,97.1036904402138,665.9143163991887,118981.11629663385,0.5658077700168063
3.0176414400896387,5.940981585176476,17.166250131148697,97.57125539037554,677.2147604466062,122007.92795360976,0.47150647501400567
3.11194273509244,5.940981585176476,17.275415497034498,98.09168801363109,679.5190412914903,121297.59633057636,0.37720518001120507
3.2062440300952413,5.940981585176476,17.379964797255862,98.54809188637694,684.8652486375026,121997.05970569236,0.2829038850084027
3.3005453250980423,5.940981585176476,17.482044680469187,98.93468780277358,698.9119412556082,126366.48492682456,0.1886025900056021
3.394846620100844,5.940981585176476,17.60009058318794,99.6152347845467,709.5836026535352,128581.18445719648,0.0943012950028006
3.489147915103645,5.940981585176476,17.712799551754664,99.99744146597013,708.0757626967127,126570.529721101,-8.881784197001252e-16
0.0,6.0352828801792775,14.380506786957351,92.35347625993774,630.3736488047365,117952.450281913,3.394846620100843
0.0943012950028012,6.0352828801792775,14.46937443852095,92.51784817464409,629.4464263273908,117643.53986410638,3.3005453250980423
0.1886025900056024,6.0352828801792775,14.529223598381568,92.39030733862268,626.0930753213593,117199.44866541988,3.20624403009524
0.2829038850084036,6.0352828801792775,14.591703122161924,92.15561252688563,622.8342914996111,116709.01478591334,3.1119427350924393
0.3772051800112048,6.0352828801792775,14.693064151833688,92.47528629177364,633.1056933204507,120431.96180398378,3.0176414400896387
0.471506475014006,6.0352828801792775,14.760117564329889,92.2618967311878,622.0496307058268,116716.074452884,2.9233401450868364
0.5658077700168073,6.0352828801792775,14.840029868602208,92.25670588604967,624.5464940218056,117806.88756572649,2.8290388500840358
0.6601090650196084,6.0352828801792775,14.92376307879341,92.43769741511842,647.5608879921089,126760.42451764668,2.734737555081235
0.7544103600224097,6.0352828801792775,14.999227364019754,92.314361771999,631.6804429008537,120759.04764439855,2.640436260078433
0.848711655025211,6.0352828801792775,15.07698683011448,92.29563286216508,629.218611587824,119729.5085374824,2.546134965075632
0.943012950028012,6.0352828801792775,15.166540962409886,92.47355467656892,625.103262939696,117951.36390258111,2.4518336700728316
1.0373142450308133,6.0352828801792775,15.25417595748122,92.65399193096982,626.9266831993426,118210.2070211072,2.357532375070029
1.1316155400336143,6.0352828801792775,15.325701669679969,92.49807508562868,623.9031216873968,117182.4323598666,2.2632310800672286
1.2259168350364158,6.0352828801792775,15.417884558440528,92.66272839721692,626.1293021485554,117703.02550600328,2.168929785064428
1.3202181300392168,6.0352828801792775,15.50254063219592,92.6928244459161,617.0384352062866,113694.4724869803,2.0746284900616256
1.414519425042018,6.0352828801792775,15.616053329004606,93.16759111036576,627.8659820818659,116823.32061920608,1.980327195058825
1.5088207200448194,6.0352828801792775,15.710380598648335,93.3478884766254,634.9755301187522,119141.70376951156,1.8860259000560236
1.6031220150476206,6.0352828801792775,15.809584169903763,93.59830468463144,632.8795952780445,117483.75805902664,1.791724605053222
1.697423310050422,6.0352828801792775,15.894593739422088,93.75334793039326,638.664091936021,119293.6447473932,1.6974233100504215
1.791724605053223,6.0352828801792775,15.995004024339124,94.0677252648687,636.7442636716945,117474.23250121548,1.60312201504762
1.886025900056024,6.0352828801792775,16.093393243148352,94.37245467203388,647.5316015012763,120993.78245301392,1.5088207200448185
1.9803271950588257,6.0352828801792775,16.190095862754095,94.63785616435042,647.9601773035209,120281.8303923742,1.414519425042017
2.0746284900616265,6.0352828801792775,16.276147107797055,94.79732858329386,648.7368382993225,119959.09403792975,1.3202181300392164
2.168929785064428,6.0352828801792775,16.399763919699794,95.34233676320196,654.7644043498436,120612.26894572712,1.225916835036415
2.263231080067229,6.0352828801792775,16.497348276830852,95.59462795190386,654.3944957427557,119594.74679418308,1.1316155400336143
2.35753237507003,6.0352828801792775,16.608170242651497,96.1757220093636,669.9280060968883,124379.98938719016,1.0373142450308128
2.4518336700728316,6.0352828801792775,16.6879765055885,96.16689927968456,661.6739899126648,120534.6274590583,0.9430129500280113
2.5461349650756326,6.0352828801792775,16.79964194792762,96.55219356066776,666.9313628935796,121351.2001209446,0.8487116550252107
2.6404362600784337,6.0352828801792775,16.90870145549641,96.97400263045331,667.6979544651934,120423.99112778768,0.7544103600224092
2.734737555081235,6.0352828801792775,17.019506361423623,97.51694422839182,679.2674397282182,123485.6712051702,0.6601090650196078
2.829038850084036,6.0352828801792775,17.12921216252571,98.02464047875708,686.6728912135634,124821.53429898656,0.5658077700168072
2.9233401450868377,6.0352828801792775,17.226203541516885,98.3501081556135,689.4843825032333,124930.5159319304,0.4715064750140048
3.0176414400896387,6.0352828801792775,17.341050693235605,98.7784553094228,696.1524056743838,126119.41850430072,0.3772051800112042
3.11194273509244,6.0352828801792775,17.465293954051003,99.36468943370592,696.812145964325,124457.38211097349,0.2829038850084036
3.2062440300952413,6.0352828801792775,17.547583425070332,99.5231119067812,705.0352318608936,127061.58503105628,0.1886025900056012
3.3005453250980423,6.0352828801792775,17.67251493500369,100.11031424636612,716.7606457315275,129824.65602234512,0.0943012950028006
3.394846620100844,6.0352828801792775,17.789011748046036,100.82383498696431,727.0997992296203,132047.16654560415,-8.881784197001252e-16
0.0,6.129584175182079,14.522477355926048,93.50899057083984,645.2576635460163,120794.35187963638,3.3005453250980414
0.0943012950028012,6.129584175182079,14.597559344115236,93.41618427153612,652.4176839740728,124384.3012688773,3.206244030095241
0.1886025900056024,6.129584175182079,14.66830952060687,93.36558251711936,643.7778943181518,121468.45836481971,3.1119427350924385
0.2829038850084036,6.129584175182079,14.754719936962143,93.44411137277766,647.4468543618959,123139.60489277456,3.017641440089638
0.3772051800112048,6.129584175182079,14.823597913525283,93.29328547582796,644.7111462583924,122696.22273731836,2.9233401450868373
0.471506475014006,6.129584175182079,14.903162914742,93.31390315519091,642.6441118750198,121944.43361017296,2.829038850084035
0.5658077700168073,6.129584175182079,14.979441807989264,93.16028904989098,637.8114695187429,120513.00592822324,2.7347375550812343
0.6601090650196084,6.129584175182079,15.06248291887427,93.29137241874253,639.8684678262209,121102.14125740965,2.6404362600784337
0.7544103600224097,6.129584175182079,15.15317756220543,93.45046113605608,645.4627164048169,123200.61012884804,2.5461349650756313
0.848711655025211,6.129584175182079,15.234792679172903,93.43602476329852,642.6584420407646,122123.1647005526,2.4518336700728307
0.943012950028012,6.129584175182079,15.315782063497782,93.50418227597407,636.8657496587913,119707.99281483475,2.35753237507003
1.0373142450308133,6.129584175182079,15.414081684593224,93.62515435857378,642.635035130466,121561.40762520971,2.2632310800672277
1.1316155400336143,6.129584175182079,15.499914186210775,93.69637842413836,637.9193102982024,119284.98747245617,2.168929785064427
1.2259168350364158,6.129584175182079,15.59439221102719,93.9520959738934,644.4203016320755,121435.00255878607,2.0746284900616265
1.3202181300392168,6.129584175182079,15.69046169426712,94.21306093522318,656.0995717399643,125328.45927160193,1.9803271950588242
1.414519425042018,6.129584175182079,15.77175375640334,94.10877576206528,646.9893046637853,121747.86398756623,1.8860259000560236
1.5088207200448194,6.129584175182079,15.870028584204864,94.48794343506702,650.1138847323369,121988.80846764644,1.791724605053222
1.6031220150476206,6.129584175182079,15.957761722695214,94.60236498058944,649.0776004608612,121094.34273346882,1.6974233100504206
1.697423310050422,6.129584175182079,16.05793652973179,94.8477640852156,651.6699960081728,121191.99107382532,1.60312201504762
1.791724605053223,6.129584175182079,16.151216652854004,94.9796019057971,650.5145011106655,120259.05021824157,1.5088207200448185
1.886025900056024,6.129584175182079,16.242433408956632,95.3201116504546,655.9879802684959,121572.48428046067,1.414519425042017
1.9803271950588257,6.129584175182079,16.355919188273916,95.7863201790746,669.4532853652396,125682.85794453416,1.3202181300392155
2.0746284900616265,6.129584175182079,16.457171098800234,96.06875372931589,667.2002592005872,123816.10366573533,1.225916835036415
2.168929785064428,6.129584175182079,16.562363690706388,96.43003033555284,669.4634020208276,123562.78554003689,1.1316155400336134
2.263231080067229,6.129584175182079,16.66434347414807,96.76506795444428,676.4927235137513,125335.76324613104,1.0373142450308128
2.35753237507003,6.129584175182079,16.769649659655265,97.00812569202614,679.1900727665551,125324.3357775664,0.9430129500280113
2.4518336700728316,6.129584175182079,16.88381018527292,97.51225013108376,686.1733662282356,126663.6880805852,0.8487116550252098
2.5461349650756326,6.129584175182079,16.974094400283672,97.73993840272038,679.5921210148658,123107.34240551478,0.7544103600224092
2.6404362600784337,6.129584175182079,17.095549666628347,98.26338340093412,688.7800215851285,125141.05987036396,0.6601090650196078
2.734737555081235,6.129584175182079,17.187751549618604,98.5840248090548,695.2231989255283,126762.02866840462,0.5658077700168063
2.829038850084036,6.129584175182079,17.300014870583478,99.064207232106,697.7035543188321,126123.35046672664,0.47150647501400567
2.9233401450868377,6.129584175182079,17.410805462502204,99.36466676414663,695.1359747050028,123763.6412422412,0.3772051800112033
3.0176414400896387,6.129584175182079,17.5133972670717,99.74541103570256,711.0443783896318,128866.8410776991,0.2829038850084027
3.11194273509244,6.129584175182079,17.624297075577758,100.37618510095638,717.0896997422122,129708.3484656579,0.1886025900056021
3.2062440300952413,6.129584175182079,17.75578919590874,101.16066678795924,729.6085216865683,132287.73320081114,0.09430129500279971
3.3005453250980423,6.129584175182079,17.84668935038373,101.212658980533,725.6173531559917,129915.7864074325,-8.881784197001252e-16
0.0,6.22388547018488,14.672331443278836,94.5929476680001,667.8016229847436,126831.04999472128,3.206244030095241
0.0943012950028012,6.22388547018488,14.743454494870509,94.60701270167468,661.5617687807795,124873.94718400302,3.1119427350924402
0.1886025900056024,6.22388547018488,14.828484658928078,94.57646377550488,661.0048333466959,125097.67286106457,3.017641440089638
0.2829038850084036,6.22388547018488,14.901573701010951,94.40794440859553,651.7517504941221,122006.82735030804,2.9233401450868373
0.3772051800112048,6.22388547018488,14.96199230970516,94.20992958079827,655.1027314996312,124173.65386898526,2.8290388500840367
0.471506475014006,6.22388547018488,15.058061620399222,94.3650031459162,656.1349143138253,124504.9632997714,2.7347375550812343
0.5658077700168073,6.22388547018488,15.151511452921673,94.66979761233095,664.0755734081525,127249.42318352028,2.6404362600784337
0.6601090650196084,6.22388547018488,15.208989474951077,94.30871409616664,653.2785345526987,123664.80717715694,2.546134965075633
0.7544103600224097,6.22388547018488,15.297677597623156,94.46415443254774,662.0999933171287,127108.20614822736,2.4518336700728307
0.848711655025211,6.22388547018488,15.39099045130234,94.49727212998988,655.0052056660275,124057.56426640516,2.35753237507003
0.943012950028012,6.22388547018488,15.477644537645585,94.6887655288044,656.4886562028175,124271.86873507056,2.2632310800672295
1.0373142450308133,6.22388547018488,15.569729190950351,94.8208814651599,663.6710349829201,126839.58379524166,2.168929785064427
1.1316155400336143,6.22388547018488,15.668516612013164,95.10073724725072,660.8572830646291,124947.9907516458,2.0746284900616265
1.2259168350364158,6.22388547018488,15.751328122536796,95.04822901288053,659.6651709077513,124399.3176812566,1.980327195058826
1.3202181300392168,6.22388547018488,15.839609355309484,95.28973738847104,661.1932917209314,124413.98023638784,1.8860259000560236
1.414519425042018,6.22388547018488,15.937120171418774,95.4123475786118,664.053704884176,125096.27648052666,1.791724605053223
1.5088207200448194,6.22388547018488,16.040166587473202,95.57233743153547,667.4244530399787,125655.0911062688,1.6974233100504215
1.6031220150476206,6.22388547018488,16.141621273756314,96.0582664396791,684.1196970480262,131341.69453405694,1.60312201504762
1.697423310050422,6.22388547018488,16.232324163861485,96.1710789094167,684.3374015415208,130897.96734966172,1.5088207200448194
1.791724605053223,6.22388547018488,16.330025108218038,96.35364570773436,677.3355461450482,127266.71182898268,1.4145194250420179
1.886025900056024,6.22388547018488,16.418249769824936,96.4392277767786,671.848046064541,124706.53537648736,1.3202181300392164
1.9803271950588257,6.22388547018488,16.53005222892846,96.9115428494532,679.6725250913864,126409.4654045918,1.225916835036415
2.0746284900616265,6.22388547018488,16.648961805201022,97.36845414159606,681.8294769091377,125778.78945557812,1.1316155400336143
2.168929785064428,6.22388547018488,16.735292738198563,97.49832213916936,683.0162372613128,125560.06488340515,1.0373142450308128
2.263231080067229,6.22388547018488,16.82903654970976,97.73194191272997,687.4041758588529,126569.64725937316,0.9430129500280122
2.35753237507003,6.22388547018488,16.941705449499743,98.11538413377808,696.8234239608655,129038.4426035625,0.8487116550252107
2.4518336700728316,6.22388547018488,17.052497327996424,98.63151514539558,698.5702751210654,128280.0886897644,0.7544103600224092
2.5461349650756326,6.22388547018488,17.151679560994996,99.00352295178558,709.9814510285585,131627.76846716364,0.6601090650196086
2.6404362600784337,6.22388547018488,17.26162845050819,99.38865462322748,704.86433807655,128333.43129066414,0.5658077700168072
2.734737555081235,6.22388547018488,17.36580259460657,99.73305299347795,713.575040866843,130574.78251916514,0.47150647501400567
2.829038850084036,6.22388547018488,17.4894349159412,100.18771490565864,719.3794781523573,131270.25284392305,0.37720518001120507
2.9233401450868377,6.22388547018488,17.601887493150375,100.74868725339276,723.8113180399699,131548.2445405384,0.2829038850084027
3.0176414400896387,6.22388547018488,17.69581299534873,100.98986879226447,721.6030560177834,129581.8469815694,0.1886025900056021
3.11194273509244,6.22388547018488,17.82395013876556,101.6630068007494,739.6386594562058,134701.74835913978,0.09430129500280149
3.2062440300952413,6.22388547018488,17.929185195248813,102.00623597368887,740.8202798618821,133840.5579160578,-8.881784197001252e-16
0.0,6.318186765187681,14.817648739842207,95.69543782379544,696.2060475348275,135029.4992881918,3.1119427350924393
0.0943012950028012,6.318186765187681,14.89490515987696,95.64157832935116,674.9186880645149,127091.93957065573,3.0176414400896387
0.1886025900056024,6.318186765187681,14.973844639184072,95.58613889196782,678.8360360472411,129202.47588480628,2.9233401450868364
0.2829038850084036,6.318186765187681,15.042054624366234,95.54330839026797,678.4854202611677,129751.32549311253,2.8290388500840358
0.3772051800112048,6.318186765187681,15.137132762727427,95.62516458568832,675.5467956757886,128515.19879415364,2.734737555081235
0.471506475014006,6.318186765187681,15.22174391501074,95.64324413582582,678.0117237413572,129719.14663926704,2.640436260078433
0.5658077700168073,6.318186765187681,15.296258492976758,95.55265986646852,669.2291389129988,126503.2802542248,2.546134965075632
0.6601090650196084,6.318186765187681,15.37949751911193,95.60345834653904,679.3696979082471,130639.48015950472,2.4518336700728316
0.7544103600224097,6.318186765187681,15.45774283026636,95.60845659761549,675.3391286558729,129157.80377982874,2.357532375070029
0.848711655025211,6.318186765187681,15.561985641119298,95.91813561461088,678.6049924455014,129707.66872097242,2.2632310800672286
0.943012950028012,6.318186765187681,15.626695377529556,95.72316934739752,670.5686064975129,126983.84067743746,2.168929785064428
1.0373142450308133,6.318186765187681,15.734780552237035,95.85245339445284,667.2900467791502,124978.02734030818,2.0746284900616256
1.1316155400336143,6.318186765187681,15.815156320813571,95.90885121679791,669.5066660806218,125851.80588086,1.980327195058825
1.2259168350364158,6.318186765187681,15.91268176310862,96.25558176792418,680.3000772407817,129558.40757398611,1.8860259000560244
1.3202181300392168,6.318186765187681,16.029108813809792,96.59748976852144,692.5363890232577,133195.1415011804,1.791724605053222
1.414519425042018,6.318186765187681,16.109580926376765,96.59334590222574,681.0775454601891,128479.68655730571,1.6974233100504215
1.5088207200448194,6.318186765187681,16.1922104575389,96.61547537899516,679.4596193667705,127683.6697777449,1.60312201504762
1.6031220150476206,6.318186765187681,16.311328363004847,97.01863941067792,682.0142470914847,127288.2058617732,1.5088207200448185
1.697423310050422,6.318186765187681,16.39995494636517,97.24891452074068,684.7903621037857,127741.19380156888,1.4145194250420179
1.791724605053223,6.318186765187681,16.509318792711827,97.53107840936948,686.2395193044453,127346.47497601584,1.3202181300392164
1.886025900056024,6.318186765187681,16.59293154049875,97.65387223528832,684.9591336562532,126362.67513169828,1.225916835036415
1.9803271950588257,6.318186765187681,16.711645589504858,98.13293122000786,702.2740967284382,131906.7054377542,1.1316155400336134
2.0746284900616265,6.318186765187681,16.81130380339975,98.38945733683012,695.9430284419652,128351.53341099236,1.0373142450308128
2.168929785064428,6.318186765187681,16.913710036939836,98.75009944637424,706.1838794081162,131316.98605883622,0.9430129500280113
2.263231080067229,6.318186765187681,17.03882933503304,99.32172744828463,709.4380840817204,131013.5129540729,0.8487116550252107
2.35753237507003,6.318186765187681,17.126783336170227,99.5304740505162,711.0204867312624,130899.77751907996,0.7544103600224092
2.4518336700728316,6.318186765187681,17.230868838434827,99.69716268640848,712.6949866897644,130580.58210197324,0.6601090650196078
2.5461349650756326,6.318186765187681,17.34368994098288,100.18672311017536,715.9820628237353,130429.19288857744,0.5658077700168072
2.6404362600784337,6.318186765187681,17.436370542321484,100.42832220786862,721.3029473718934,131549.7822791016,0.47150647501400567
2.734737555081235,6.318186765187681,17.563991213751848,101.031635441423,727.9539412988327,132321.75658329012,0.3772051800112042
2.829038850084036,6.318186765187681,17.67702642315476,101.44709520217975,738.3497260879562,135132.8800321734,0.2829038850084036
2.9233401450868377,6.318186765187681,17.776914272530373,101.81995074565933,738.3657493054689,133902.90471582304,0.1886025900056012
3.0176414400896387,6.318186765187681,17.875820692238964,102.17474932012584,736.8052182451383,131909.14673200325,0.0943012950028006
3.11194273509244,6.318186765187681,17.998156030679116,102.74794997912306,753.6873060002182,136831.02766640348,0.0
0.0,6.412488060190483,14.962269583560907,96.67789785377104,695.1721649762522,131533.54536413503,3.017641440089638
0.0943012950028012,6.412488060190483,15.041290939317534,96.7249913360208,699.5521320546729,133879.73051404677,2.9233401450868373
0.1886025900056024,6.412488060190483,15.12385007148016,96.72858920189452,693.8560880059243,132003.77046674563,2.829038850084035
0.2829038850084036,6.412488060190483,15.198117154442524,96.71122963722992,693.972139604016,132633.0392783686,2.7347375550812343
0.3772051800112048,6.412488060190483,15.281009697526938,96.68374019566669,693.3122515003126,132772.25804581904,2.6404362600784337
0.471506475014006,6.412488060190483,15.365841950306145,96.73631475779705,691.1373604901779,131910.02130262335,2.5461349650756313
0.5658077700168073,6.412488060190483,15.454751930488309,96.62511685952543,686.4614922538921,130277.42306009957,2.4518336700728307
0.6601090650196084,6.412488060190483,15.5365069580903,96.70480177856228,687.7291469868217,130722.24720995007,2.35753237507003
0.7544103600224097,6.412488060190483,15.608677876678492,96.60821538195307,682.8574573947577,129131.95364299,2.2632310800672277
0.848711655025211,6.412488060190483,15.713265950820736,96.7958668677788,689.2087671757007,131141.66892736504,2.168929785064427
0.943012950028012,6.412488060190483,15.79325199081683,96.8365679582154,686.9824032397756,130161.94890939724,2.0746284900616265
1.0373142450308133,6.412488060190483,15.878081497972625,96.891713507972,685.9700825437648,129740.77343713264,1.9803271950588242
1.1316155400336143,6.412488060190483,15.974879549714736,97.10566166130997,691.2986821246058,131323.67552958694,1.8860259000560236
1.2259168350364158,6.412488060190483,16.07967136931305,97.32702038406168,693.4476756222518,131424.5852289277,1.791724605053223
1.3202181300392168,6.412488060190483,16.17342738634449,97.44652197709704,690.5041200200882,129637.31018229669,1.6974233100504206
1.414519425042018,6.412488060190483,16.265029890264408,97.66448522322476,695.529603604893,131193.4315921213,1.60312201504762
1.5088207200448194,6.412488060190483,16.367404953733377,97.86376790830867,703.5353301671414,133527.76816077268,1.5088207200448185
1.6031220150476206,6.412488060190483,16.47558037566684,98.1394211972396,698.1798036261496,130525.08188850986,1.414519425042017
1.697423310050422,6.412488060190483,16.579819610472093,98.4925806862364,706.0160979001795,132685.24931069688,1.3202181300392164
1.791724605053223,6.412488060190483,16.669267743342004,98.66219270113842,715.399737538435,135832.3896409586,1.225916835036415
1.886025900056024,6.412488060190483,16.773837408449918,98.87994340206669,710.3708145352579,132891.29907855947,1.1316155400336134
1.9803271950588257,6.412488060190483,16.88266897236383,99.30643489574902,712.0143991935149,132438.95051143525,1.037314245030812
2.0746284900616265,6.412488060190483,16.977045054571956,99.48355671333198,713.8776740952658,132263.94370393496,0.9430129500280113
2.168929785064428,6.412488060190483,17.100212879021335,99.97213265210516,722.6535775691475,134146.21707890366,0.8487116550252098
2.263231080067229,6.412488060190483,17.208600381738517,100.44266595095176,729.274301541276,135582.8672297907,0.7544103600224092
2.35753237507003,6.412488060190483,17.30939704440304,100.6330725205876,724.938758109411,132857.997545158,0.6601090650196078
2.4518336700728316,6.412488060190483,17.41833932195801,101.06427428926568,733.0163900595867,134913.15403673355,0.5658077700168063
2.5461349650756326,6.412488060190483,17.518747475192413,101.18092126409547,725.7600360557548,131057.62841054282,0.47150647501400567
2.6404362600784337,6.412488060190483,17.6253990188259,101.8043358458981,747.0796973295413,137887.90338155447,0.3772051800112042
2.734737555081235,6.412488060190483,17.730871424891223,102.0389621247094,742.9310071719973,135133.80120214,0.2829038850084027
2.829038850084036,6.412488060190483,17.83912596075309,102.5010666832084,753.8768243720967,138109.7002199155,0.1886025900056021
2.9233401450868377,6.412488060190483,17.96009844716715,103.09900690519746,761.5145696856064,139306.76809440815,0.09430129500279971
3.0176414400896387,6.412488060190483,18.074873806866577,103.49830003542566,767.2661252355867,140057.95507346434,-8.881784197001252e-16
0.0,6.506789355193283,15.102408840789623,97.82651173508432,718.0508321557629,137805.87434717777,2.9233401450868373
0.0943012950028012,6.506789355193283,15.183283901526783,97.77623069752256,704.3025689970508,132654.20747668,2.8290388500840367
0.1886025900056024,6.506789355193283,15.276008593526903,97.93090940894405,716.8054904712351,137762.05568024542,2.7347375550812343
0.2829038850084036,6.506789355193283,15.359317964951371,97.99200512481616,719.3229503004942,139157.834517197,2.6404362600784337
0.3772051800112048,6.506789355193283,15.447113366694918,97.9475177335094,737.2691538928649,146798.20468892204,2.546134965075633
0.471506475014006,6.506789355193283,15.53556662404041,97.92705159289736,707.5281025317008,134922.61647169903,2.4518336700728307
0.5658077700168073,6.506789355193283,15.605767549597251,97.74709811190522,704.9850798227717,134458.58776103385,2.35753237507003
0.6601090650196084,6.506789355193283,15.7025835164488,97.8253604250943,699.1689675192551,132039.09079841262,2.2632310800672295
0.7544103600224097,6.506789355193283,15.783598360837525,97.84308097067353,702.0433009278373,133147.88310050947,2.168929785064427
0.848711655025211,6.506789355193283,15.88122025986388,97.9514804131941,701.8268009589544,132887.89506307716,2.0746284900616265
0.943012950028012,6.506789355193283,15.971805692459276,98.191629710343,711.1953783481836,136190.18847272394,1.980327195058826
1.0373142450308133,6.506789355193283,16.064441566915832,98.28560192891256,712.9439111627487,136570.00305094937,1.8860259000560236
1.1316155400336143,6.506789355193283,16.152630942562304,98.35443947434392,707.6869500654624,134177.20136508913,1.791724605053223
1.2259168350364158,6.506789355193283,16.264506974398543,98.70267874468892,717.5115064243156,137170.1365677115,1.6974233100504224
1.3202181300392168,6.506789355193283,16.354124143786887,98.77173300135708,713.5272702274646,135203.10245178777,1.60312201504762
1.414519425042018,6.506789355193283,16.43709738479824,98.81108551411374,710.6628708707806,133842.90953988934,1.5088207200448194
1.5088207200448194,6.506789355193283,16.534586978113566,99.0836438492325,723.3603618128212,138210.30240422153,1.4145194250420179
1.6031220150476206,6.506789355193283,16.64210644524215,99.35784208800382,721.9178767953849,136590.74798426955,1.3202181300392164
1.697423310050422,6.506789355193283,16.76179127448764,99.72607166808314,729.1921631939431,138280.249725966,1.2259168350364158
1.791724605053223,6.506789355193283,16.851763573775308,99.93673227626236,724.8210622476744,135754.6004225077,1.1316155400336143
1.886025900056024,6.506789355193283,16.95192627189224,100.16315757448982,727.3910329382827,136074.99238016113,1.0373142450308128
1.9803271950588257,6.506789355193283,17.040726745167092,100.3254442329457,733.1922432603917,137766.0332742194,0.9430129500280113
2.0746284900616265,6.506789355193283,17.147846165160036,100.74335964046402,736.1100357183195,137586.0746337643,0.8487116550252107
2.168929785064428,6.506789355193283,17.26594505409862,101.1700871829714,738.6466557757136,137300.88724013706,0.7544103600224092
2.263231080067229,6.506789355193283,17.37286099918265,101.48219785299604,740.4719606564967,136816.5695522285,0.6601090650196086
2.35753237507003,6.506789355193283,17.477183651720956,101.7022376549434,743.4281646794498,137035.3543832764,0.5658077700168072
2.4518336700728316,6.506789355193283,17.598479778050258,102.29058112684758,759.1563410575396,141581.67158202533,0.47150647501400567
2.5461349650756326,6.506789355193283,17.70398568760723,102.5597969227204,758.1307375852601,140102.16352025123,0.37720518001120507
2.6404362600784337,6.506789355193283,17.80338090309546,102.85493038941088,759.485003732445,139415.5449306586,0.2829038850084036
2.734737555081235,6.506789355193283,17.917307783327896,103.2373741769978,760.0844821066303,138162.73676927408,0.1886025900056021
2.829038850084036,6.506789355193283,18.037020475882663,103.90802404520332,775.515531668112,142595.36952755452,0.09430129500280149
2.9233401450868377,6.506789355193283,18.1432476515203,104.26416973792796,776.6668098505727,141653.22840339594,-8.881784197001252e-16
0.0,6.601090650196085,15.266883946853936,99.14151855144864,733.3962284035362,140192.4383608191,2.8290388500840358
0.0943012950028012,6.601090650196085,15.342351686665252,99.04335250345316,732.0941392754515,140434.7898321349,2.734737555081235
0.1886025900056024,6.601090650196085,15.410852988876504,98.88163314061724,731.9568093293321,141147.78911966804,2.640436260078433
0.2829038850084036,6.601090650196085,15.500063577592211,98.76242014913564,721.3995691417146,137299.5665907049,2.546134965075632
0.3772051800112048,6.601090650196085,15.596809781422383,98.97308868516244,729.1326095678903,140296.61496790376,2.4518336700728316
0.471506475014006,6.601090650196085,15.66979347214544,98.8858113756222,724.0995341983904,138588.6202186064,2.357532375070029
0.5658077700168073,6.601090650196085,15.754377550121909,98.91378759183073,721.3027657633695,137774.6257720073,2.2632310800672286
0.6601090650196084,6.601090650196085,15.849426837642678,98.9414886471422,724.2113999110124,138802.3623129836,2.168929785064428
0.7544103600224097,6.601090650196085,15.932658762615132,98.91444453833168,718.4951118872884,136677.38488707345,2.0746284900616256
0.848711655025211,6.601090650196085,16.031151709395477,99.07760438620672,721.3430166549738,137421.87735608613,1.980327195058825
0.943012950028012,6.601090650196085,16.124275768012097,99.253433265885,730.645826338417,140905.73731814878,1.8860259000560244
1.0373142450308133,6.601090650196085,16.21210350790893,99.2656719357804,720.2965901898147,136571.0028325545,1.791724605053222
1.1316155400336143,6.601090650196085,16.31519693681743,99.56976533803538,740.1916645965443,143769.99631465905,1.6974233100504215
1.2259168350364158,6.601090650196085,16.4436134120386,100.15116372122556,746.7499006829114,144873.17112363342,1.6031220150476209
1.3202181300392168,6.601090650196085,16.52927382080692,100.1162776827325,734.6559763843968,139868.722741352,1.5088207200448185
1.414519425042018,6.601090650196085,16.62206490072102,100.1458380997698,731.6619882686718,138261.84943283774,1.4145194250420179
1.5088207200448194,6.601090650196085,16.721683746942478,100.4027310747448,733.5106173452439,138256.816821341,1.3202181300392164
1.6031220150476206,6.601090650196085,16.818157012497178,100.56146109272112,735.8390000371818,138567.87216135697,1.225916835036415
1.697423310050422,6.601090650196085,16.928437226884665,100.91529594931563,736.4746443655245,137747.39333310735,1.1316155400336143
1.791724605053223,6.601090650196085,17.013631576015367,100.98149521813934,740.4177171783309,138826.97561135134,1.0373142450308128
1.886025900056024,6.601090650196085,17.137636833099332,101.48376809321132,750.588717176841,141344.16629367886,0.9430129500280113
1.9803271950588257,6.601090650196085,17.246593377391722,101.79445649803024,757.1620264552758,142922.64215297622,0.8487116550252098
2.0746284900616265,6.601090650196085,17.338663756616494,101.87698972529915,751.0482717261717,139680.5787044323,0.7544103600224092
2.168929785064428,6.601090650196085,17.42983178909563,102.13272392366396,752.3196074342582,139572.1185603384,0.6601090650196078
2.263231080067229,6.601090650196085,17.564352344806235,102.75805278978692,762.0004480582011,141539.70795007556,0.5658077700168072
2.35753237507003,6.601090650196085,17.660999664783425,103.0138368122185,766.5051123596724,142186.89342579118,0.47150647501400567
2.4518336700728316,6.601090650196085,17.764824066894477,103.34726508206236,762.1994340597732,139395.58859918558,0.3772051800112042
2.5461349650756326,6.601090650196085,17.87184186539593,103.68957004658722,769.5136776422552,141072.53043871094,0.2829038850084036
2.6404362600784337,6.601090650196085,17.997209912975748,104.23901915245712,786.142250910661,145962.08691169068,0.1886025900056021
2.734737555081235,6.601090650196085,18.11154016890824,104.72702628184284,796.867007304,148896.03341465376,0.0943012950028006
2.829038850084036,6.601090650196085,18.21729137854811,105.00679952568323,787.7139407479457,143716.57829263114,0.0
0.0,6.695391945198886,15.41216204556709,100.18108152574668,755.5672918268676,145937.93879321823,2.7347375550812343
0.0943012950028012,6.695391945198886,15.493612583865527,100.1659795620822,746.7682074925348,142864.5680849816,2.6404362600784337
0.1886025900056024,6.695391945198886,15.579856320837498,100.13638886973796,744.0252552081312,142318.22205274526,2.5461349650756313
0.2829038850084036,6.695391945198886,15.672254286729151,100.1631033158276,751.2030010663044,145511.90713335035,2.4518336700728307
0.3772051800112048,6.695391945198886,15.760357420787305,100.30872676774646,752.1498664881294,145833.08361652552,2.35753237507003
0.471506475014006,6.695391945198886,15.820103396670866,99.88856031583674,734.8469805500524,140024.7844708789,2.2632310800672277
0.5658077700168073,6.695391945198886,15.926002297856462,100.13188016567108,742.9398836058466,142796.14666370722,2.168929785064427
0.6601090650196084,6.695391945198886,16.00699989594479,100.08509775857068,742.825681530637,142945.08789578202,2.0746284900616265
0.7544103600224097,6.695391945198886,16.106289428217135,100.162908913653,740.533209426168,141913.34614393127,1.9803271950588242
0.848711655025211,6.695391945198886,16.2033893048226,100.35225466186438,739.0921409089991,140776.8222147053,1.8860259000560236
0.943012950028012,6.695391945198886,16.297290161711633,100.44735977339856,742.5597716931984,142021.38231663013,1.791724605053223
1.0373142450308133,6.695391945198886,16.415952647913965,101.02300762200564,767.3010361993994,150576.68486964158,1.6974233100504206
1.1316155400336143,6.695391945198886,16.473333491297517,100.612753922502,755.3920954807172,146595.01192513332,1.60312201504762
1.2259168350364158,6.695391945198886,16.60446186144366,100.98206990379336,747.0707190483818,142021.17345127428,1.5088207200448194
1.3202181300392168,6.695391945198886,16.665112300328826,100.81955499851456,743.4387122205154,140976.8587161664,1.414519425042017
1.414519425042018,6.695391945198886,16.767956047149628,101.1494347554268,751.6931259698798,143270.74286963802,1.3202181300392164
1.5088207200448194,6.695391945198886,16.896495577652637,101.66356928453024,757.2332600059103,143941.02089803215,1.225916835036415
1.6031220150476206,6.695391945198886,16.998608765999265,101.89495153653344,761.4653678833015,144989.84043078532,1.1316155400336134
1.697423310050422,6.695391945198886,17.08361158658668,101.8703744227498,758.610240210339,143299.65747939417,1.0373142450308128
1.791724605053223,6.695391945198886,17.18046859529907,101.9696072749832,757.6735170064788,142619.88288306366,0.9430129500280113
1.886025900056024,6.695391945198886,17.32416846461684,102.90439280455628,781.9441341669444,149826.7274484639,0.8487116550252098
1.9803271950588257,6.695391945198886,17.401138334356997,102.76934194698477,762.8638806157122,142185.32143139213,0.7544103600224084
2.0746284900616265,6.695391945198886,17.534466759293505,103.41659316519608,783.0099798334045,148279.74551903608,0.6601090650196078
2.168929785064428,6.695391945198886,17.61871091131407,103.550788994377,778.8956233121512,146070.05052103836,0.5658077700168063
2.263231080067229,6.695391945198886,17.735989828774084,103.93933992926188,780.0842385264301,145113.89535218783,0.47150647501400567
2.35753237507003,6.695391945198886,17.827764047888838,104.00005124400468,774.6704620154896,142394.83533717526,0.3772051800112042
2.4518336700728316,6.695391945198886,17.94160702668897,104.41512019729244,784.8063787084288,145026.8940767073,0.2829038850084027
2.5461349650756326,6.695391945198886,18.07184129670048,105.13047288076946,792.5050426817106,145978.13917226795,0.1886025900056021
2.6404362600784337,6.695391945198886,18.18570598043837,105.47746908937938,799.0987111602022,147335.93227755182,0.0943012950028006
2.734737555081235,6.695391945198886,18.279947280085864,105.79733622286427,804.9851923415744,148479.29461351543,-8.881784197001252e-16
0.0,6.789693240201688,15.564754810527395,101.26665197528874,764.5966797309705,146216.13327193324,2.640436260078433
0.0943012950028012,6.789693240201688,15.656078039691067,101.30135436501682,769.9054591853564,148593.39392976143,2.546134965075632
0.1886025900056024,6.789693240201688,15.745621953566346,101.3513296323874,772.5193830054818,150044.54436489896,2.45183367007283
0.2829038850084036,6.789693240201688,15.82340772580631,101.25305286089272,766.5076681656268,148314.16715985577,2.357532375070029
0.3772051800112048,6.789693240201688,15.911016791610392,101.33932202143862,764.585388912758,147605.6689280997,2.2632310800672286
0.471506475014006,6.789693240201688,15.99607842620584,101.32160981437224,765.4251506825102,148298.02278441464,2.1689297850644262
0.5658077700168073,6.789693240201688,16.093757020592875,101.38838108250684,766.4394564800738,148570.3928826538,2.0746284900616256
0.6601090650196084,6.789693240201688,16.181356833590794,101.39579652553503,762.7445323427047,147076.2608836776,1.980327195058825
0.7544103600224097,6.789693240201688,16.28005257479226,101.644719211639,771.6410827492667,150370.24033374892,1.8860259000560227
0.848711655025211,6.789693240201688,16.37044165308729,101.55433327375688,761.6112236294621,146259.95314178802,1.791724605053222
0.943012950028012,6.789693240201688,16.464786600946127,101.64993512497672,767.8365324067156,148426.79809000212,1.6974233100504215
1.0373142450308133,6.789693240201688,16.55317837275679,101.845846513671,765.8484229947163,147321.8843023023,1.603122015047619
1.1316155400336143,6.789693240201688,16.66414842774379,101.9645481160498,765.3831069216961,146654.91147369973,1.5088207200448185
1.2259168350364158,6.789693240201688,16.75656459539011,102.0874043767381,767.5231740651758,146997.44584593968,1.4145194250420179
1.3202181300392168,6.789693240201688,16.854108923715888,102.11519808456283,762.5049088645568,144560.1556979087,1.3202181300392155
1.414519425042018,6.789693240201688,16.956864539817488,102.49161921032824,771.4035981667222,147279.072347114,1.225916835036415
1.5088207200448194,6.789693240201688,17.075456382617556,102.9841334748591,780.278748362636,149349.44621119645,1.1316155400336134
1.6031220150476206,6.789693240201688,17.153895961371116,102.8137414750861,764.6871794730415,143254.92651344836,1.037314245030812
1.697423310050422,6.789693240201688,17.276906823494553,103.3977748885952,782.9023367402525,148949.6404298443,0.9430129500280113
1.791724605053223,6.789693240201688,17.369683899761178,103.3787665238205,784.8997354192784,149236.25968063076,0.8487116550252098
1.886025900056024,6.789693240201688,17.47877103325766,103.83946002395126,785.7036068990994,148401.90465418954,0.7544103600224084
1.9803271950588257,6.789693240201688,17.58742602849898,104.1250948470046,790.5012994011855,149225.37430485015,0.6601090650196069
2.0746284900616265,6.789693240201688,17.69674311818052,104.33712954731746,789.804927973796,147800.25566433684,0.5658077700168063
2.168929785064428,6.789693240201688,17.828146060371772,104.96287785813315,803.4029347224157,151513.9956984262,0.4715064750140048
2.263231080067229,6.789693240201688,17.904855489369055,104.8400998892172,791.4757904829462,146404.4348820408,0.3772051800112042
2.35753237507003,6.789693240201688,18.019861545122502,105.38875878078652,803.60708274564,149682.4200319718,0.2829038850084027
2.4518336700728316,6.789693240201688,18.1275575987924,105.78075280656932,805.0985575222605,149075.88318327235,0.1886025900056012
2.5461349650756326,6.789693240201688,18.24193071033203,106.199142483138,810.9218810723451,149964.140445065,0.0943012950028006
2.6404362600784337,6.789693240201688,18.358499183262804,106.4746363286003,810.471683521238,148316.04468905268,-8.881784197001252e-16
0.0,6.883994535204488,15.699727193115589,102.14777084482408,778.6313598132487,148856.864036945,2.546134965075632
0.0943012950028012,6.883994535204488,15.805185326750395,102.4542674449108,780.1486400845582,149371.30388061694,2.4518336700728316
0.1886025900056024,6.883994535204488,15.898579827734332,102.57042086785567,792.4837152097473,154546.5804895328,2.357532375070029
0.2829038850084036,6.883994535204488,15.976020599270376,102.34559880590368,783.5639587555844,151678.04005011014,2.2632310800672286
0.3772051800112048,6.883994535204488,16.075441856740145,102.46832141946004,776.4871070523849,148877.74283357474,2.168929785064428
0.471506475014006,6.883994535204488,16.166920428512515,102.60052851216928,787.7934888884308,153319.3089509606,2.0746284900616256
0.5658077700168073,6.883994535204488,16.25028676566872,102.40300506178316,775.657475801216,149019.03341250925,1.980327195058825
0.6601090650196084,6.883994535204488,16.3482497735637,102.5580150040737,779.9358710907337,150484.36793108526,1.8860259000560244
0.7544103600224097,6.883994535204488,16.45861764338548,102.86643806306375,786.4552019622284,152441.08629655463,1.791724605053222
0.848711655025211,6.883994535204488,16.542947663907924,102.79433380567777,779.2759516789747,149546.706035809,1.6974233100504215
0.943012950028012,6.883994535204488,16.630176458027755,102.83649811835168,775.5944784636373,148123.91951985288,1.6031220150476209
1.0373142450308133,6.883994535204488,16.74617924178804,103.20936491666804,784.9558237024013,150806.0281857697,1.5088207200448185
1.1316155400336143,6.883994535204488,16.836422255453012,103.2734404469823,786.3265431568396,151169.96266382406,1.4145194250420179
1.2259168350364158,6.883994535204488,16.934274711431783,103.2716521683286,779.8067908313249,148069.89662360115,1.3202181300392173
1.3202181300392168,6.883994535204488,17.048533897757522,103.70033317874837,800.5884959152232,155359.21781659313,1.225916835036415
1.414519425042018,6.883994535204488,17.125264270016967,103.65081834650414,784.8010756237873,148990.70472212048,1.1316155400336143
1.5088207200448194,6.883994535204488,17.241004952427513,104.00719252729746,789.0942868165527,149638.14315187675,1.0373142450308128
1.6031220150476206,6.883994535204488,17.335034236371012,104.02389998896676,785.1597569693654,147600.7061872546,0.9430129500280113
1.697423310050422,6.883994535204488,17.441220201267118,104.35772805204252,795.9584926464878,150920.88288272318,0.8487116550252107
1.791724605053223,6.883994535204488,17.556614104003124,104.68368334108492,797.2186441568417,150202.0881030496,0.7544103600224092
1.886025900056024,6.883994535204488,17.668665093954314,105.08169580390812,809.0492376666018,153770.15428391716,0.6601090650196078
1.9803271950588257,6.883994535204488,17.760116033422545,105.15117888715292,794.7471065980834,147297.42154147304,0.5658077700168063
2.0746284900616265,6.883994535204488,17.88399971162841,105.72662519771852,812.4835376852911,152891.7519175618,0.47150647501400567
2.168929785064428,6.883994535204488,17.99484639316494,105.99301256854945,810.2210921813531,150665.74741587185,0.3772051800112042
2.263231080067229,6.883994535204488,18.082119843108,106.24792560645186,811.6731064426393,150465.50093861905,0.2829038850084036
2.35753237507003,6.883994535204488,18.207959759589706,106.65364123996966,820.3503279821573,152322.33843730605,0.1886025900056021
2.4518336700728316,6.883994535204488,18.325873768628018,107.14566308754642,829.6993997128745,154520.9432964881,0.0943012950028006
2.5461349650756326,6.883994535204488,18.420333971996257,107.36633456191583,831.2267272518588,154318.43516192737,0.0
0.0,6.97829583020729,15.8886331114481,103.74649610154307,804.8611540893727,154751.35716100645,2.4518336700728307
0.0943012950028012,6.97829583020729,15.957526827906555,103.53537636548948,806.3524751904013,156556.1432861126,2.35753237507003
0.1886025900056024,6.97829583020729,16.052746681147887,103.50288169793076,794.5419286115016,152031.95882646478,2.2632310800672277
0.2829038850084036,6.97829583020729,16.142080451004247,103.5373039314677,794.0835524934097,152276.48703542777,2.168929785064427
0.3772051800112048,6.97829583020729,16.218169990713424,103.52648469004994,803.791006254195,156813.54567945233,2.0746284900616265
0.471506475014006,6.97829583020729,16.30109125266224,103.26747680867231,783.4585563054932,149012.5590269011,1.9803271950588242
0.5658077700168073,6.97829583020729,16.391684294301914,103.36698629924564,792.0994060833076,152670.46453558197,1.8860259000560236
0.6601090650196084,6.97829583020729,16.50912868848497,103.6345731969731,797.992288753786,154235.22552105342,1.791724605053223
0.7544103600224097,6.97829583020729,16.60751387258557,103.8876586677912,800.6077097838156,154741.1809395124,1.6974233100504206
0.848711655025211,6.97829583020729,16.70533467835055,103.92834158729625,800.6534204913158,154519.03578707902,1.60312201504762
0.943012950028012,6.97829583020729,16.81866673607975,104.19775805100852,803.7875633261139,155166.75620909248,1.5088207200448194
1.0373142450308133,6.97829583020729,16.90060745169539,104.22883895344324,795.5545418829826,151629.00811312936,1.414519425042017
1.1316155400336143,6.97829583020729,17.01693871857181,104.53369848606546,797.8809943419548,151727.80884177054,1.3202181300392164
1.2259168350364158,6.97829583020729,17.12184524507495,104.8157621736156,812.719044998828,157010.67643739202,1.2259168350364158
1.3202181300392168,6.97829583020729,17.21005676802017,104.7783529775866,805.2914237712433,153810.21351965077,1.1316155400336134
1.414519425042018,6.97829583020729,17.311449731806096,104.92370059885944,802.9363206172519,152315.64019927126,1.0373142450308128
1.5088207200448194,6.97829583020729,17.406678521251468,105.02094853030208,803.6281419612316,151936.21821854936,0.9430129500280113
1.6031220150476206,6.97829583020729,17.530907144130104,105.51790259585584,814.3119212469278,154841.62755380638,0.8487116550252098
1.697423310050422,6.97829583020729,17.61861407466696,105.60170067321492,818.8193900305492,156292.78752467158,0.7544103600224092
1.791724605053223,6.97829583020729,17.725271282359216,105.897833311506,813.9158211206162,153168.92026952008,0.6601090650196078
1.886025900056024,6.97829583020729,17.83582526140903,106.22469675998036,823.971516111688,156072.4434848527,0.5658077700168063
1.9803271950588257,6.97829583020729,17.959610238266656,106.64901079702672,829.1511152798963,156726.215040176,0.4715064750140048
2.0746284900616265,6.97829583020729,18.059283141748427,106.79108261818116,825.984101648193,154609.62030775574,0.3772051800112042
2.168929785064428,6.97829583020729,18.17224377213943,107.2156434688973,839.2498474638505,158603.45692079223,0.2829038850084027
2.263231080067229,6.97829583020729,18.27397224244406,107.48103468961908,840.0579941432386,157893.96662348032,0.1886025900056021
2.35753237507003,6.97829583020729,18.395850899282472,108.01800729551812,845.0193769823783,158125.18321775718,0.0943012950028006
2.4518336700728316,6.97829583020729,18.48833228241307,107.98162932880496,850.1770592118296,159693.32333022164,-8.881784197001252e-16
0.0,7.072597125210091,16.04245180545392,104.80271029134572,820.4520823277742,157704.62482128825,2.357532375070029
0.0943012950028012,7.072597125210091,16.133641117794205,104.87751570112822,825.3707739224151,160014.92296884622,2.2632310800672286
0.1886025900056024,7.072597125210091,16.199770594931888,104.5357747730872,815.5252880346609,157346.90604564254,2.1689297850644262
0.2829038850084036,7.072597125210091,16.301638635923272,104.68939182794716,818.1793622451594,158345.98768129278,2.0746284900616256
0.3772051800112048,7.072597125210091,16.405534679394027,104.94788348767494,818.8184942172801,158323.33816472086,1.980327195058825
0.471506475014006,7.072597125210091,16.484265972067647,104.88321009276328,819.0990480553685,158976.74042624133,1.8860259000560227
0.5658077700168073,7.072597125210091,16.591805223228707,105.01642161908174,818.0835341044681,158343.64177016928,1.791724605053222
0.6601090650196084,7.072597125210091,16.677503535588283,104.96757437854986,817.4042561164189,157996.0006981184,1.6974233100504215
0.7544103600224097,7.072597125210091,16.789740295654042,105.17287231455032,824.4936971754254,160423.73735863154,1.603122015047619
0.848711655025211,7.072597125210091,16.876752520662798,105.19212301533516,827.1550783147844,161424.27644273778,1.5088207200448185
0.943012950028012,7.072597125210091,16.98253401097883,105.37533596234636,821.5410379533143,158605.44214646576,1.4145194250420179
1.0373142450308133,7.072597125210091,17.080094963879414,105.55106948799252,825.2894016037369,159762.46594284574,1.3202181300392155
1.1316155400336143,7.072597125210091,17.172646665298853,105.5035375913761,821.0821258213977,157833.04705509212,1.225916835036415
1.2259168350364158,7.072597125210091,17.280561297414774,105.8913344106392,832.6820064564179,161463.49736938832,1.1316155400336143
1.3202181300392168,7.072597125210091,17.377456700855124,105.88608959336035,828.8483111355853,159725.21311927392,1.037314245030812
1.414519425042018,7.072597125210091,17.497083549924696,106.34360884879084,830.2019410230037,159013.33337981667,0.9430129500280113
1.5088207200448194,7.072597125210091,17.5891976920239,106.41916414075696,828.1492760165003,157707.44348904584,0.8487116550252098
1.6031220150476206,7.072597125210091,17.693640741354564,106.5308320912378,824.037997662493,155245.7520231256,0.7544103600224084
1.697423310050422,7.072597125210091,17.810496169732843,107.00013646707758,836.00350928037,158811.5877779289,0.6601090650196078
1.791724605053223,7.072597125210091,17.904120555652,107.09248450228154,832.5268377294597,156848.61061103395,0.5658077700168063
1.886025900056024,7.072597125210091,18.02202884579984,107.51297661870518,852.1576099739633,163312.93499339907,0.4715064750140048
1.9803271950588257,7.072597125210091,18.129277843018674,107.7775337952408,846.4552680423155,159881.4527131974,0.3772051800112033
2.0746284900616265,7.072597125210091,18.244591887878407,108.17406995270608,847.8213804184154,159142.6450735986,0.2829038850084027
2.168929785064428,7.072597125210091,18.35467761136716,108.41359945663136,853.7405931241206,160447.8060291755,0.1886025900056012
2.263231080067229,7.072597125210091,18.444382100986395,108.51177319374756,850.138059787306,158434.9482860327,0.0943012950028006
2.35753237507003,7.072597125210091,18.56245798238843,108.94757779551298,858.4183061356705,160032.07175617095,-8.881784197001252e-16
0.0,7.166898420212892,16.197429024733786,105.87517277095638,841.6902971285998,162711.86131834728,2.2632310800672286
0.0943012950028012,7.166898420212892,16.303290730663118,106.05090875782425,843.3937603915531,163371.38221819684,2.168929785064428
0.1886025900056024,7.166898420212892,16.381944976341362,105.82301606288004,834.1260844361059,160709.69389477704,2.0746284900616256
0.2829038850084036,7.166898420212892,16.4679259126332,106.04316539243882,849.417278419009,166975.705939218,1.980327195058825
0.3772051800112048,7.166898420212892,16.55693946734726,105.9424622803331,835.9953914330249,161793.5465957922,1.8860259000560244
0.471506475014006,7.166898420212892,16.653651449764762,105.96456059188432,828.6349365975055,158915.2701959853,1.791724605053222
0.5658077700168073,7.166898420212892,16.743859606307982,105.99665535120872,834.3470318510076,161546.04288340805,1.6974233100504215
0.6601090650196084,7.166898420212892,16.847714393168946,106.1212315198635,842.9843893210798,164622.35016941908,1.6031220150476209
0.7544103600224097,7.166898420212892,16.946009944305022,106.16832479417894,832.4016535821199,160110.6706708166,1.5088207200448185
0.848711655025211,7.166898420212892,17.034858224317187,106.3856690145844,836.9978190938036,161664.52627762215,1.4145194250420179
0.943012950028012,7.166898420212892,17.16135295910034,106.65211966720663,845.9719415488318,164454.14896464703,1.3202181300392173
1.0373142450308133,7.166898420212892,17.242884493100597,106.59417940772002,843.0048989866563,163329.6214249308,1.225916835036415
1.1316155400336143,7.166898420212892,17.34795736658176,106.74681773147776,839.6467006380648,161401.3073580226,1.1316155400336143
1.2259168350364158,7.166898420212892,17.463204383098073,107.15731172605668,848.611775545668,163871.3383166356,1.0373142450308137
1.3202181300392168,7.166898420212892,17.555766819770835,107.21541450707142,843.2697580271492,161430.33737981156,0.9430129500280113
1.414519425042018,7.166898420212892,17.68448512210283,107.70694027950697,860.2454973267971,166545.56321581695,0.8487116550252107
1.5088207200448194,7.166898420212892,17.769808157073967,107.57867238369263,849.0874204041023,162287.3543632067,0.7544103600224092
1.6031220150476206,7.166898420212892,17.866211914806186,107.6924289677871,845.0851205362819,159982.545739324,0.6601090650196078
1.697423310050422,7.166898420212892,17.984033007758093,108.01455804555412,851.4687059699661,161433.01204417093,0.5658077700168072
1.791724605053223,7.166898420212892,18.10018765204149,108.42585445634325,857.2183909623022,162355.3599402822,0.47150647501400567
1.886025900056024,7.166898420212892,18.196878602240655,108.68458457459826,866.1881558924127,165147.02489401487,0.3772051800112042
1.9803271950588257,7.166898420212892,18.32358561479173,109.30509072523029,876.7169573427894,167521.01666470626,0.2829038850084027
2.0746284900616265,7.166898420212892,18.420337865915695,109.22632330313132,870.240376916631,164436.98911324787,0.1886025900056021
2.168929785064428,7.166898420212892,18.51168887205447,109.31862415618949,865.8167765009541,162029.43589640435,0.0943012950028006
2.263231080067229,7.166898420212892,18.63775705971755,109.8977203796956,871.045525206645,162426.25680533552,0.0
0.0,7.261199715215693,16.343688436673972,106.969680645348,863.5165069031344,168124.54222050597,2.168929785064427
0.0943012950028012,7.261199715215693,16.458321487986336,107.20851955003435,863.4445828409229,167765.2831158259,2.0746284900616265
0.1886025900056024,7.261199715215693,16.545683110539496,107.15931688923092,864.3439643454799,168791.51712234493,1.9803271950588242
0.2829038850084036,7.261199715215693,16.629799552896742,107.10074722644671,861.386887670202,168030.16872454755,1.8860259000560236
0.3772051800112048,7.261199715215693,16.72104151060835,107.02440050685507,848.1077434056407,163106.63701316164,1.791724605053223
0.471506475014006,7.261199715215693,16.82432844628416,107.18581312940525,867.3252519951571,170635.8363705506,1.6974233100504206
0.5658077700168073,7.261199715215693,16.923765257933763,107.3291463405188,872.9553878126637,172790.63642932184,1.60312201504762
0.6601090650196084,7.261199715215693,17.02699685515501,107.60305014310948,866.2593700996845,169724.67211356762,1.5088207200448194
0.7544103600224097,7.261199715215693,17.11462457840671,107.46966971816748,863.4520438147614,168640.40071707027,1.414519425042017
0.848711655025211,7.261199715215693,17.215524929255874,107.50988631562578,850.5331715346725,163199.73406195678,1.3202181300392164
0.943012950028012,7.261199715215693,17.31976096810554,107.75955265370914,864.720585585273,168441.67521998397,1.2259168350364158
1.0373142450308133,7.261199715215693,17.416613082006663,107.78782077480057,852.0466344988429,162981.77849932353,1.1316155400336134
1.1316155400336143,7.261199715215693,17.521729278750996,108.044372177466,856.5077637742972,164081.5302915634,1.0373142450308128
1.2259168350364158,7.261199715215693,17.641438193501532,108.35971465818449,866.8287356564738,167117.18386642722,0.9430129500280122
1.3202181300392168,7.261199715215693,17.741217816686852,108.60087630397294,872.9468140430841,169097.41236796405,0.8487116550252098
1.414519425042018,7.261199715215693,17.849704240707837,108.62373783226803,861.9674009454986,163961.81010405207,0.7544103600224092
1.5088207200448194,7.261199715215693,17.948340032471734,108.75549061652217,864.4942901411216,164292.65830471128,0.6601090650196078
1.6031220150476206,7.261199715215693,18.050993644020043,108.97755096573307,866.1473756942893,164400.90602159416,0.5658077700168063
1.697423310050422,7.261199715215693,18.16688790197844,109.41464643041996,866.3523242216229,162911.19283744835,0.47150647501400567
1.791724605053223,7.261199715215693,18.28533599636053,109.86106112654797,909.520867432306,178909.95497001748,0.3772051800112042
1.886025900056024,7.261199715215693,18.387591199767066,109.8755275226287,881.4383045872908,167164.18843025574,0.2829038850084027
1.9803271950588257,7.261199715215693,18.492569760726425,110.11108908334022,876.7154426502861,164140.98601056673,0.1886025900056012
2.0746284900616265,7.261199715215693,18.58712968210204,110.26415875309074,881.5888521048296,165438.18841518747,0.0943012950028006
2.168929785064428,7.261199715215693,18.726701394499507,110.95695529420752,891.6717906998138,167190.89436356386,-8.881784197001252e-16
0.0,7.355501010218495,16.518780747532947,108.4261428158947,878.4477547078898,169677.78125590802,2.0746284900616256
0.0943012950028012,7.355501010218495,16.613560189900735,108.3562875073921,887.3902850817892,173765.02266360295,1.980327195058825
0.1886025900056024,7.355501010218495,16.707211256586664,108.41737459898953,889.0819162721509,174950.64802586986,1.8860259000560227
0.2829038850084036,7.355501010218495,16.792504772553293,108.2220829069393,877.698808707042,170751.9104202822,1.791724605053222
0.3772051800112048,7.355501010218495,16.903773742485424,108.5538614341392,884.6686681523654,173345.3020857321,1.6974233100504215
0.471506475014006,7.355501010218495,16.991504993540048,108.35468189472849,870.2221202625557,168131.6855345344,1.603122015047619
0.5658077700168073,7.355501010218495,17.100512560334934,108.77980711463934,886.1136857113177,173702.32847413287,1.5088207200448185
0.6601090650196084,7.355501010218495,17.17736887215956,108.54115470910855,877.3838869644478,170706.6978526376,1.4145194250420179
0.7544103600224097,7.355501010218495,17.298513988761993,108.79894942312475,883.1698491245099,172152.63340124776,1.3202181300392155
0.848711655025211,7.355501010218495,17.378077997383883,108.64902523104116,870.7666957006487,167700.5533769378,1.225916835036415
0.943012950028012,7.355501010218495,17.48955958349661,108.83744308659746,874.2245369281414,168365.19805381342,1.1316155400336143
1.0373142450308133,7.355501010218495,17.59503356107796,109.05981342788428,878.517523395151,169502.43026471866,1.037314245030812
1.1316155400336143,7.355501010218495,17.690423430711828,109.17468773974382,884.3898990989754,171559.786621521,0.9430129500280113
1.2259168350364158,7.355501010218495,17.807216996260994,109.45164551189885,885.7699167642797,171178.63664499504,0.8487116550252107
1.3202181300392168,7.355501010218495,17.917674874332942,109.6986903133629,888.6711273474795,171549.01325020875,0.7544103600224084
1.414519425042018,7.355501010218495,18.034107030818387,110.0985886783923,895.381278530365,173000.12985156677,0.6601090650196078
1.5088207200448194,7.355501010218495,18.121433467407815,110.04158257931758,891.8678668048731,171381.5240206859,0.5658077700168063
1.6031220150476206,7.355501010218495,18.225518569400837,110.12894194098808,881.7747257749908,166713.4144482732,0.4715064750140048
1.697423310050422,7.355501010218495,18.35591397238416,110.80990182641858,897.0230149467027,170786.70868776168,0.3772051800112042
1.791724605053223,7.355501010218495,18.45278080136841,110.91606610826736,900.3718926242059,171607.90888503057,0.2829038850084027
1.886025900056024,7.355501010218495,18.57303147939327,111.32990831762348,905.3328289474058,172005.09827603507,0.1886025900056012
1.9803271950588257,7.355501010218495,18.657906031063433,111.22436350453629,918.4313344174589,177310.70134494238,0.09430129500279971
2.0746284900616265,7.355501010218495,18.793589393980263,111.88815551528192,907.915558975992,170808.92401942352,-8.881784197001252e-16
0.0,7.449802305221295,16.668103729107617,109.34497606323568,902.4425423355068,175735.22923702546,1.980327195058825
0.0943012950028012,7.449802305221295,16.78222234084459,109.6084449507901,905.8900737735714,177327.758982092,1.8860259000560244
0.1886025900056024,7.449802305221295,16.87716141450826,109.63461235282556,902.2481500021196,176013.2410424722,1.791724605053222
0.2829038850084036,7.449802305221295,16.965345260758728,109.52746832878438,899.0718314730069,175373.10864056507,1.6974233100504215
0.3772051800112048,7.449802305221295,17.058432982434567,109.50273782188498,905.4668600375954,178205.5186429611,1.6031220150476209
0.471506475014006,7.449802305221295,17.170542538231892,109.85739151176764,914.6813682893444,181211.15528931792,1.5088207200448185
0.5658077700168073,7.449802305221295,17.25565756700257,109.63260122355427,892.2969710563455,172877.027098013,1.4145194250420179
0.6601090650196084,7.449802305221295,17.362068489813282,109.7488172323432,895.8862990857532,173987.43929539333,1.3202181300392173
0.7544103600224097,7.449802305221295,17.48303452739453,110.25525534868684,908.6369611087848,177861.23239539165,1.225916835036415
0.848711655025211,7.449802305221295,17.55888855498218,109.97319324805564,900.2058554751605,175364.55107869548,1.1316155400336143
0.943012950028012,7.449802305221295,17.68522474171796,110.3912450609401,913.7889692874236,179529.5776487145,1.0373142450308137
1.0373142450308133,7.449802305221295,17.771337256453066,110.3200243064813,895.2469204349128,172045.10818702765,0.9430129500280113
1.1316155400336143,7.449802305221295,17.87997859041383,110.56274258210142,911.4970100382096,177944.82541510125,0.8487116550252107
1.2259168350364158,7.449802305221295,17.98941805149267,110.77661340273384,903.7226781739732,174004.54246172972,0.7544103600224101
1.3202181300392168,7.449802305221295,18.084444472252283,110.86169612523696,906.4996790049212,174876.24008987984,0.6601090650196078
1.414519425042018,7.449802305221295,18.205512488669164,111.14827160351696,926.5271019010288,181758.9736372592,0.5658077700168072
1.5088207200448194,7.449802305221295,18.29610369212589,111.16013260159346,909.1471451642794,174387.41676109866,0.47150647501400567
1.6031220150476206,7.449802305221295,18.410388872406124,111.53815611041006,909.0726976531926,173289.256611305,0.3772051800112042
1.697423310050422,7.449802305221295,18.534093204321007,111.82263754858218,911.957012577218,173047.9334272931,0.2829038850084036
1.791724605053223,7.449802305221295,18.641592091433516,112.0762777056052,923.7283819034031,176819.39203369286,0.1886025900056021
1.886025900056024,7.449802305221295,18.758701923238885,112.57784786163582,928.0455232373675,177113.69871996358,0.0943012950028006
1.9803271950588257,7.449802305221295,18.857710213855736,112.6798094240058,927.2845406593937,175933.79833612323,-8.881784197001252e-16
0.0,7.544103600224097,16.841628114649932,110.64392277018578,917.2429320834948,177613.6979614519,1.8860259000560236
0.0943012950028012,7.544103600224097,16.946092420674454,110.83266724502818,927.2074926739308,181851.14678420997,1.791724605053223
0.1886025900056024,7.544103600224097,17.02743903779983,110.47364550906732,909.2434181753058,175820.1873916481,1.6974233100504206
0.2829038850084036,7.544103600224097,17.138817356888268,110.73541285484302,910.4526662663096,175760.2876231247,1.60312201504762
0.3772051800112048,7.544103600224097,17.22512518882419,110.81277111646742,925.376643090554,182039.697850602,1.5088207200448194
0.471506475014006,7.544103600224097,17.33267336906919,110.88448709446293,915.9800926136982,178333.38121303276,1.414519425042017
0.5658077700168073,7.544103600224097,17.44724453964346,111.1427476775102,923.1519962886472,180564.95084843689,1.3202181300392164
0.6601090650196084,7.544103600224097,17.527847436718314,110.9570313446794,914.6206176956548,177597.13195842813,1.2259168350364158
0.7544103600224097,7.544103600224097,17.629709427081984,111.01669817978396,914.9194922511804,177584.362288596,1.1316155400336134
0.848711655025211,7.544103600224097,17.73355891287367,111.23866056058654,914.16312340222,176661.01847076596,1.0373142450308128
0.943012950028012,7.544103600224097,17.83291873663922,111.18990346341432,909.312023735428,174684.32172529172,0.9430129500280122
1.0373142450308133,7.544103600224097,17.955323450450752,111.68388943730083,925.4313821918192,179903.16539874,0.8487116550252098
1.1316155400336143,7.544103600224097,18.065866850641935,112.00415190553838,935.6946643755336,183224.63512189753,0.7544103600224092
1.2259168350364158,7.544103600224097,18.162242314251912,111.87153397384702,921.0558419258174,177387.0150966025,0.6601090650196086
1.3202181300392168,7.544103600224097,18.261652868204653,111.95446472362738,926.4182108466122,178848.41505476634,0.5658077700168063
1.414519425042018,7.544103600224097,18.37375489570259,112.2212883089691,924.6236055083334,177190.03103500203,0.47150647501400567
1.5088207200448194,7.544103600224097,18.48566607975525,112.575865274601,931.3269680243244,178751.8143643835,0.3772051800112042
1.6031220150476206,7.544103600224097,18.612622526179845,113.0882200024406,939.66674100616,180517.64912388864,0.2829038850084027
1.697423310050422,7.544103600224097,18.71734936702612,113.17282996551003,945.5190707187594,182126.3778392461,0.1886025900056021
1.791724605053223,7.544103600224097,18.837086441598345,113.56638874666596,952.1958825452176,183532.25378969303,0.0943012950028006
1.886025900056024,7.544103600224097,18.932624051680236,113.77430121485293,956.4595541560748,184233.74479425736,-8.881784197001252e-16
0.0,7.638404895226898,17.005755112765147,111.72972539512892,933.7996301834736,180519.82147866068,1.791724605053222
0.0943012950028012,7.638404895226898,17.124631050953276,112.10313779217768,941.3813882423968,183212.087276792,1.6974233100504215
0.1886025900056024,7.638404895226898,17.228296252295394,112.27104719601472,949.9760640132644,186735.9086194524,1.603122015047619
0.2829038850084036,7.638404895226898,17.30974769212997,112.09258730008398,946.481631950952,185992.71484506433,1.5088207200448185
0.3772051800112048,7.638404895226898,17.402452158173485,111.98382507043976,933.3390020349656,181089.7930616772,1.4145194250420179
0.471506475014006,7.638404895226898,17.510199347845052,112.13652762241225,942.0759871685782,184474.05697511273,1.3202181300392155
0.5658077700168073,7.638404895226898,17.599009950644948,112.04865005769366,941.1168847520788,184482.64538865804,1.225916835036415
0.6601090650196084,7.638404895226898,17.727409198334847,112.53634159483704,954.5113945648372,188875.0681622823,1.1316155400336143
0.7544103600224097,7.638404895226898,17.80670243522439,112.29679676255004,934.9049665300714,181417.128018117,1.037314245030812
0.848711655025211,7.638404895226898,17.91275048676289,112.46015117230708,937.4335356355458,181972.99315921837,0.9430129500280113
0.943012950028012,7.638404895226898,18.014461468296936,112.66981661058044,949.1027008488284,186067.3622118803,0.8487116550252107
1.0373142450308133,7.638404895226898,18.14155869981888,113.0010850868705,953.2386990942414,186697.9467155232,0.7544103600224084
1.1316155400336143,7.638404895226898,18.237888529246906,113.1584879035507,962.080977482438,189797.7653155371,0.6601090650196078
1.2259168350364158,7.638404895226898,18.35235096048867,113.28397938076554,949.4071045718478,183911.90655070316,0.5658077700168072
1.3202181300392168,7.638404895226898,18.43772073443931,113.31914589970032,941.2638510549124,180396.9345241372,0.4715064750140048
1.414519425042018,7.638404895226898,18.566283663784887,113.77726168233522,968.3887355416456,190048.5723554768,0.3772051800112042
1.5088207200448194,7.638404895226898,18.680449930210315,114.02104455554836,972.2718554846696,190481.7482550815,0.2829038850084027
1.6031220150476206,7.638404895226898,18.7919446704723,114.1717305495854,966.6260103623956,187417.63344833383,0.1886025900056012
1.697423310050422,7.638404895226898,18.899610890288148,114.56396505038018,966.112605269512,185901.51765518295,0.0943012950028006
1.791724605053223,7.638404895226898,19.01017795821825,114.73788631803166,968.7737561387256,186068.11415788767,-8.881784197001252e-16
0.0,7.732706190229699,17.172949057469086,112.93654601671636,960.214309588044,187090.0364892466,1.6974233100504215
0.0943012950028012,7.732706190229699,17.268832396886616,112.87089395296545,952.6786716720792,184566.0202624381,1.6031220150476209
0.1886025900056024,7.732706190229699,17.37684871367865,113.17240555657212,958.8486970749444,186904.0421380074,1.5088207200448185
0.2829038850084036,7.732706190229699,17.48378868123527,113.371298246509,969.627115995217,191130.21038779267,1.4145194250420179
0.3772051800112048,7.732706190229699,17.56048305470265,113.12572578323004,961.9542401096796,188924.84279031312,1.3202181300392173
0.471506475014006,7.732706190229699,17.671614011842884,113.35119490718694,957.1137462430768,186557.26855764948,1.225916835036415
0.5658077700168073,7.732706190229699,17.775134602965032,113.44391967356329,964.6341886365744,189403.23548302948,1.1316155400336143
0.6601090650196084,7.732706190229699,17.891264858613777,113.58418754225109,961.4725024672906,187705.5961936309,1.0373142450308137
0.7544103600224097,7.732706190229699,17.98612810685053,113.56533459651708,970.1710978856038,191302.0250767556,0.9430129500280113
0.848711655025211,7.732706190229699,18.090932486283467,113.73794977474446,959.6342304002952,186590.35114026317,0.8487116550252107
0.943012950028012,7.732706190229699,18.18802458994851,113.87628768356208,956.4117455967904,185002.5111701491,0.7544103600224101
1.0373142450308133,7.732706190229699,18.276329928221735,113.76281586562791,952.281298989093,183326.87727851068,0.6601090650196078
1.1316155400336143,7.732706190229699,18.40895018026301,114.10240273960126,965.7403457279096,187555.17297076,0.5658077700168072
1.2259168350364158,7.732706190229699,18.51341061701741,114.42301036152368,969.9818884088636,188413.64556345812,0.47150647501400655
1.3202181300392168,7.732706190229699,18.63297385587262,114.72373454365352,976.5627012895836,190043.3135682591,0.3772051800112042
1.414519425042018,7.732706190229699,18.74384563117444,114.84244057210138,969.1376964656772,186022.5798565178,0.2829038850084036
1.5088207200448194,7.732706190229699,18.85522067844944,115.1769449325718,985.7540040950856,191735.66209324828,0.1886025900056021
1.6031220150476206,7.732706190229699,18.95713186536181,115.2264569391971,987.23995033608,191813.95273960195,0.0943012950028006
1.697423310050422,7.732706190229699,19.070121276256582,115.46563323760763,977.6023899009444,186804.56734218693,0.0
0.0,7.8270074852325004,17.345435248754324,114.3088003766621,983.2036243078974,191736.8125018175,1.60312201504762
0.0943012950028012,7.8270074852325004,17.449160264756422,114.3377617383587,987.1514462348488,193763.7940866739,1.5088207200448194
0.1886025900056024,7.8270074852325004,17.563137201906404,114.52221466979714,988.8851806610936,194369.96480636697,1.414519425042017
0.2829038850084036,7.8270074852325004,17.626859136251873,114.12876106996306,982.878558102536,193368.0371555954,1.3202181300392164
0.3772051800112048,7.8270074852325004,17.75463280424101,114.66765118839125,987.0124074010756,193886.99011470613,1.2259168350364158
0.471506475014006,7.8270074852325004,17.83454467077264,114.4586168461322,992.8945764541132,197040.7789108192,1.1316155400336134
0.5658077700168073,7.8270074852325004,17.952012499195988,114.6627386353012,986.9234998631168,194208.9492017387,1.0373142450308128
0.6601090650196084,7.8270074852325004,18.065209070727946,114.85803524736686,984.2778086188032,192506.08876974403,0.9430129500280122
0.7544103600224097,7.8270074852325004,18.176897811601748,114.9963851595896,984.5647737032195,192160.669334131,0.8487116550252098
0.848711655025211,7.8270074852325004,18.29062282616678,115.38231257895568,1000.901132834829,197960.8680285684,0.7544103600224092
0.943012950028012,7.8270074852325004,18.38928985943957,115.27821168332352,994.8498622443776,195442.88304341343,0.6601090650196086
1.0373142450308133,7.8270074852325004,18.47871813986954,115.32141045679096,1020.2729327524202,205504.86765678917,0.5658077700168063
1.1316155400336143,7.8270074852325004,18.597525762807894,115.58921256481436,994.9324129130912,194533.3454808457,0.47150647501400567
1.2259168350364158,7.8270074852325004,18.707155594857575,115.77000839463872,994.9954866460072,193829.10282151145,0.37720518001120507
1.3202181300392168,7.8270074852325004,18.82966291731824,116.21950643432972,1002.6249839743128,195514.7515723952,0.2829038850084027
1.414519425042018,7.8270074852325004,18.9367796433748,116.34891652536916,1003.20646006572,195117.2796544589,0.1886025900056021
1.5088207200448194,7.8270074852325004,19.023842172299908,116.229173871845,991.8586552104158,190385.9938094513,0.0943012950028006
1.6031220150476206,7.8270074852325004,19.166585033875563,116.80808590704262,1007.2432582817496,194756.89878506304,-8.881784197001252e-16
0.0,7.921308780235302,17.508476179695535,115.41965437201196,1003.834571581898,196229.28310655593,1.5088207200448185
0.0943012950028012,7.921308780235302,17.618156899943,115.58990088619296,1007.057606431582,197360.2642074925,1.4145194250420179
0.1886025900056024,7.921308780235302,17.726771238669407,115.74928590511011,1014.7395880446828,200493.8255890691,1.3202181300392155
0.2829038850084036,7.921308780235302,17.82412508755327,115.8006900289394,1004.143685639611,196495.51678332192,1.225916835036415
0.3772051800112048,7.921308780235302,17.900194069182884,115.44962063814005,998.1269184726226,195184.15190318288,1.1316155400336143
0.471506475014006,7.921308780235302,18.02261400474023,115.7654056440499,1004.6636127752506,197246.43849024957,1.037314245030812
0.5658077700168073,7.921308780235302,18.123019295681544,115.80601285507234,998.253013524243,194449.01728467076,0.9430129500280113
0.6601090650196084,7.921308780235302,18.224329154055685,115.7752262216887,992.2738035604372,192117.4133760134,0.8487116550252107
0.7544103600224097,7.921308780235302,18.329133813070165,116.10684023200632,1018.7355417850612,202268.5807672698,0.7544103600224084
0.848711655025211,7.921308780235302,18.44502006389347,116.294830896333,1012.7659240334737,199314.61338950353,0.6601090650196078
0.943012950028012,7.921308780235302,18.561635835646253,116.51002344096972,1009.3815221807848,197012.2468557864,0.5658077700168072
1.0373142450308133,7.921308780235302,18.670786950718785,116.68559016715918,1012.506715041716,197536.37985306943,0.4715064750140048
1.1316155400336143,7.921308780235302,18.770592546686252,116.71462856037928,1014.0713010129748,198020.9681176892,0.3772051800112042
1.2259168350364158,7.921308780235302,18.8732808580405,116.79481563689616,1002.6010771461252,192953.4383092548,0.2829038850084036
1.3202181300392168,7.921308780235302,18.980047042842564,117.06580309872948,1019.9419614122968,199158.17317491843,0.1886025900056012
1.414519425042018,7.921308780235302,19.114045380717897,117.5054069188934,1018.6537423523218,196876.57763958105,0.0943012950028006
1.5088207200448194,7.921308780235302,19.19916787317874,117.34980393017229,1009.7554311654084,193570.48791967437,-8.881784197001252e-16
0.0,8.015610075238103,17.678017318264164,116.59219963424808,1032.150332928154,203232.5885669196,1.4145194250420179
0.0943012950028012,8.015610075238103,17.796044214665475,116.94633912503178,1031.9401792347296,202771.57054528696,1.3202181300392173
0.1886025900056024,8.015610075238103,17.898649838955738,116.96000576245449,1031.879859859509,203152.40190458373,1.225916835036415
0.2829038850084036,8.015610075238103,17.997001078084196,116.95323789149592,1036.5840948122611,205331.4611434357,1.1316155400336143
0.3772051800112048,8.015610075238103,18.10801092957976,117.11177734641066,1032.138689260736,203426.6280204993,1.0373142450308137
0.471506475014006,8.015610075238103,18.222597223640836,117.31775988066204,1029.137706237742,201635.53946658925,0.9430129500280113
0.5658077700168073,8.015610075238103,18.305027093740005,117.17044957016816,1028.72163940726,202141.06968815345,0.8487116550252107
0.6601090650196084,8.015610075238103,18.418653853917636,117.32181197139522,1031.1735745627557,202645.9445257548,0.7544103600224101
0.7544103600224097,8.015610075238103,18.52711236131789,117.45987340296104,1032.6318364045608,202748.690779021,0.6601090650196078
0.848711655025211,8.015610075238103,18.634392779196823,117.6764209415837,1037.004349316181,204210.2125250528,0.5658077700168072
0.943012950028012,8.015610075238103,18.74251893135559,117.78811264071126,1032.5741220019554,202013.8087492752,0.47150647501400655
1.0373142450308133,8.015610075238103,18.857382252877755,118.01014738193211,1045.3188918891374,206235.50837719845,0.3772051800112042
1.1316155400336143,8.015610075238103,18.937199959666668,117.7308233653392,1022.9917102042474,197684.66908254355,0.2829038850084036
1.2259168350364158,8.015610075238103,19.05977192336171,118.18124413212172,1033.8375271877212,200744.1031555693,0.18860259000560298
1.3202181300392168,8.015610075238103,19.186505837947305,118.59494400182844,1045.710172569928,204212.05730867665,0.0943012950028006
1.414519425042018,8.015610075238103,19.285866424721828,118.54411301526775,1034.5269922542425,199246.69726626945,0.0
0.0,8.109911370240905,17.860009330058098,118.05485886530664,1069.8013998613508,213463.8013678143,1.3202181300392155
0.0943012950028012,8.109911370240905,17.989669251325818,118.4564656129517,1065.4111332554912,211042.5895596286,1.225916835036415
0.1886025900056024,8.109911370240905,18.085204742554556,118.26294401940156,1045.0723098077149,203668.5035038221,1.1316155400336125
0.2829038850084036,8.109911370240905,18.15244221593667,117.96529769189564,1049.0938400574048,206623.6114048836,1.037314245030812
0.3772051800112048,8.109911370240905,18.26310394334979,118.14689780965266,1042.9764324401242,204058.65197674625,0.9430129500280113
0.471506475014006,8.109911370240905,18.390536903474437,118.50980482059668,1064.3632703698734,211672.6786014643,0.848711655025209
0.5658077700168073,8.109911370240905,18.48726265047815,118.46266795864196,1050.781771382294,206346.5462085036,0.7544103600224084
0.6601090650196084,8.109911370240905,18.57504612277434,118.25687990407752,1046.292826321891,205136.43308836577,0.6601090650196078
0.7544103600224097,8.109911370240905,18.6832231622289,118.41834221548538,1043.3570454530784,203683.71342981208,0.5658077700168054
0.848711655025211,8.109911370240905,18.811661191916603,118.80955147351514,1047.424215105751,204153.4880116888,0.4715064750140048
0.943012950028012,8.109911370240905,18.91894240058139,118.95328928904766,1048.2220533220377,203718.00822011163,0.3772051800112042
1.0373142450308133,8.109911370240905,19.026141099268223,119.0500725776837,1060.4392751458504,208535.63548876255,0.2829038850084018
1.1316155400336143,8.109911370240905,19.148157178797792,119.4680602999307,1068.143244511015,210038.63794335964,0.1886025900056012
1.2259168350364158,8.109911370240905,19.237072939912338,119.42695116175403,1060.940275465428,207487.46696965836,0.0943012950028006
1.3202181300392168,8.109911370240905,19.362165243288423,119.82341643342038,1067.946788607162,208736.90800905245,-1.7763568394002505e-15
0.0,8.204212665243706,18.03705439120216,119.4043881314795,1085.8218635407754,215226.02613671104,1.225916835036415
0.0943012950028012,8.204212665243706,18.147236182601503,119.4157881739972,1088.991927945752,216882.14042301785,1.1316155400336143
0.1886025900056024,8.204212665243706,18.24765883253854,119.38168397636124,1073.392320436703,210990.34512403657,1.037314245030812
0.2829038850084036,8.204212665243706,18.329936448334788,119.21042424276776,1083.522595201511,215792.60141423633,0.9430129500280113
0.3772051800112048,8.204212665243706,18.44686944837089,119.4641657541544,1071.8845194751843,211026.48066720203,0.8487116550252107
0.471506475014006,8.204212665243706,18.558567691679887,119.61220850711634,1071.2511543646915,210447.5139826296,0.7544103600224084
0.5658077700168073,8.204212665243706,18.64774073960801,119.45788991633614,1066.1104535341135,208716.56646786013,0.6601090650196078
0.6601090650196084,8.204212665243706,18.76518688564756,119.82786374863788,1073.7621854016677,210966.50477125755,0.5658077700168072
0.7544103600224097,8.204212665243706,18.871687754572875,119.75546444597276,1069.696304027239,209342.0738645682,0.4715064750140048
0.848711655025211,8.204212665243706,18.982742671766996,119.939807384552,1084.6358818266683,214901.48964808253,0.3772051800112042
0.943012950028012,8.204212665243706,19.11787494039495,120.44815844072336,1096.219945318334,217935.72897647668,0.2829038850084036
1.0373142450308133,8.204212665243706,19.21728954859313,120.51425902824786,1076.628868467267,209690.55957233845,0.1886025900056012
1.1316155400336143,8.204212665243706,19.312360045218867,120.43161278768514,1083.2992493022157,212156.53221617237,0.0943012950028006
1.2259168350364158,8.204212665243706,19.443511979273275,120.84316224037984,1078.8527387791712,209249.9869298786,0.0
0.0,8.298513960246506,18.21742958352859,120.45753185826771,1096.7079665751526,215360.30449042184,1.1316155400336143
0.0943012950028012,8.298513960246506,18.30221006562073,120.41454029016955,1097.5393211006046,216575.46819898393,1.0373142450308137
0.1886025900056024,8.298513960246506,18.40013390997729,120.43094458618812,1097.918681017159,216997.20385747036,0.9430129500280113
0.2829038850084036,8.298513960246506,18.53235717939795,120.78225543354942,1109.13924590406,220718.0242501679,0.8487116550252107
0.3772051800112048,8.298513960246506,18.639033065267633,120.99857464853324,1106.4167703574074,219440.01470780524,0.7544103600224101
0.471506475014006,8.298513960246506,18.733671143482994,120.8129183675742,1095.762024293768,215630.07269171547,0.6601090650196078
0.5658077700168073,8.298513960246506,18.854807688272267,121.07670308134,1103.1758412009883,217876.2046690606,0.5658077700168072
0.6601090650196084,8.298513960246506,18.948764934193573,121.05318966850868,1099.9069809266052,216998.6613981948,0.47150647501400655
0.7544103600224097,8.298513960246506,19.06452376134545,121.27567587743934,1097.0017035695114,215147.25302301103,0.3772051800112042
0.848711655025211,8.298513960246506,19.172879881436124,121.35577477002414,1108.9566648810935,219800.00223165588,0.2829038850084036
0.943012950028012,8.298513960246506,19.27670034770876,121.4488194812124,1092.4744782719526,212583.6301086739,0.18860259000560298
1.0373142450308133,8.298513960246506,19.388006281896587,121.68396374681733,1104.204660608508,216639.41463397007,0.0943012950028006
1.1316155400336143,8.298513960246506,19.499762081331383,121.80080497248198,1108.147334015607,217612.01432370575,0.0
0.0,8.392815255249308,18.386871044305956,121.88958515961876,1135.5637490414956,226237.08196192948,1.037314245030812
0.0943012950028012,8.392815255249308,18.493875805082197,121.83059568040582,1130.137362123056,224468.04532006732,0.9430129500280113
0.1886025900056024,8.392815255249308,18.589672734883965,121.92191039944558,1157.041452860496,235626.75821940537,0.848711655025209
0.2829038850084036,8.392815255249308,18.69870675997191,121.87917146932008,1123.3873135210615,222263.8621675126,0.7544103600224084
0.3772051800112048,8.392815255249308,18.78756198294573,121.80348370218022,1119.373550567813,221003.3545093823,0.6601090650196078
0.471506475014006,8.392815255249308,18.906271853068628,122.0215558562816,1119.2678701071077,220794.79188949065,0.5658077700168054
0.5658077700168073,8.392815255249308,19.029493495149595,122.34813859582069,1135.8374100781823,226508.34176934024,0.4715064750140048
0.6601090650196084,8.392815255249308,19.12063211690357,122.22769868967336,1116.315908356461,219059.70585183895,0.3772051800112042
0.7544103600224097,8.392815255249308,19.24436354136008,122.45774204222144,1127.583254160952,223064.58687655797,0.2829038850084018
0.848711655025211,8.392815255249308,19.35997420029091,122.81696842201464,1139.6935488446918,226879.98483640945,0.1886025900056012
0.943012950028012,8.392815255249308,19.46966499367546,122.92200003460071,1133.97444976544,224080.882230392,0.0943012950028006
1.0373142450308133,8.392815255249308,19.572539841304785,122.88413011764028,1132.214998324538,223392.37750236917,-1.7763568394002505e-15
0.0,8.487116550252109,18.551499727095052,122.8679839356731,1149.0548331836414,227549.23576641036,0.9430129500280113
0.0943012950028012,8.487116550252109,18.66223861485812,122.9626459490274,1137.1421639019047,222884.3343006788,0.8487116550252107
0.1886025900056024,8.487116550252109,18.784995557039796,123.4641643115021,1154.5781208697545,229252.03103873032,0.7544103600224084
0.2829038850084036,8.487116550252109,18.88490629050929,123.28303285680744,1151.4738936886358,228495.01250821096,0.6601090650196078
0.3772051800112048,8.487116550252109,18.994535588208475,123.5024084054188,1168.2036937192822,235077.19783367388,0.5658077700168072
0.471506475014006,8.487116550252109,19.097535682284477,123.42586808927796,1149.412362579736,227701.7185840427,0.4715064750140048
0.5658077700168073,8.487116550252109,19.211455751544992,123.65183276686702,1144.1908503900822,225131.73459456183,0.3772051800112042
0.6601090650196084,8.487116550252109,19.32302258036946,123.7477971162071,1157.3107167320345,230074.1940823273,0.2829038850084036
0.7544103600224097,8.487116550252109,19.405331572146338,123.45533816128363,1143.60191846594,225386.98700250077,0.1886025900056012
0.848711655025211,8.487116550252109,19.515245224614148,123.63659385696404,1146.512937472259,226139.31753091948,0.0943012950028006
0.943012950028012,8.487116550252109,19.65869753218259,124.27169305322997,1168.2035016066657,232787.88147403643,0.0
0.0,8.58141784525491,18.723958719792503,124.1298997353137,1161.0594531383233,227798.8283085072,0.8487116550252107
0.0943012950028012,8.58141784525491,18.856965592448653,124.57114658555852,1183.7184840080745,236145.20313602957,0.7544103600224101
0.1886025900056024,8.58141784525491,18.93801970391016,124.37864898495636,1175.9713732637256,234146.34980618407,0.6601090650196078
0.2829038850084036,8.58141784525491,19.071882331879493,124.768264824767,1186.424743213108,237414.69669328316,0.5658077700168072
0.3772051800112048,8.58141784525491,19.17382979040531,124.75268725667831,1169.4575134732122,230588.3941283396,0.47150647501400655
0.471506475014006,8.58141784525491,19.25828766027981,124.48492163775096,1160.9790113565357,228294.8469140228,0.3772051800112042
0.5658077700168073,8.58141784525491,19.37146676208644,124.65448649435248,1167.4238814523285,230456.4696620981,0.2829038850084036
0.6601090650196084,8.58141784525491,19.4886103009997,124.7913723158826,1166.8680691503914,229886.08715540523,0.18860259000560298
0.7544103600224097,8.58141784525491,19.621573103995647,125.11301947582372,1178.1783541852824,233370.64861840857,0.0943012950028006
0.848711655025211,8.58141784525491,19.72067995498475,125.269154462044,1181.2224576085189,234362.0949200479,0.0
0.0,8.675719140257712,18.91651128274127,125.5901902776962,1193.4754579844373,235292.70477491795,0.7544103600224084
0.0943012950028012,8.675719140257712,19.020112985427673,125.55239421391514,1194.8850391372205,236260.75835550195,0.6601090650196078
0.1886025900056024,8.675719140257712,19.132932432605703,125.6906519929236,1197.5728441759263,237537.00530486647,0.5658077700168054
0.2829038850084036,8.675719140257712,19.236251549693115,125.68416167226758,1193.013913171288,235740.5831431809,0.4715064750140048
0.3772051800112048,8.675719140257712,19.346300857420296,125.80794201732346,1186.449745717738,233318.48196313897,0.3772051800112042
0.471506475014006,8.675719140257712,19.465380143393247,126.09714381436302,1208.4787678782418,241664.92279966924,0.2829038850084018
0.5658077700168073,8.675719140257712,19.563056269937423,126.08789585463768,1198.640672753809,237818.38645580187,0.1886025900056012
0.6601090650196084,8.675719140257712,19.662589856603933,125.99514633318572,1187.0393717055465,233533.90443796405,0.0943012950028006
0.7544103600224097,8.675719140257712,19.773403524362564,126.16435383971428,1188.6073502998174,233784.87184269133,-1.7763568394002505e-15
0.0,8.770020435260513,19.09858127482325,126.9721327669012,1226.513964634105,243803.6901951283,0.6601090650196078
0.0943012950028012,8.770020435260513,19.1953879003218,126.66476213010074,1206.6102885581838,236527.2516474371,0.5658077700168072
0.1886025900056024,8.770020435260513,19.311344751727827,126.90019245228856,1212.9698298195854,238920.50037645,0.4715064750140048
0.2829038850084036,8.770020435260513,19.388715246206072,126.67535806792986,1211.6010446960508,239627.6717650799,0.3772051800112042
0.3772051800112048,8.770020435260513,19.52963414031771,127.1084116227101,1219.9006753376996,241895.18708835935,0.2829038850084036
0.471506475014006,8.770020435260513,19.649590963189972,127.3907106150408,1233.209846759422,246674.39417099577,0.1886025900056012
0.5658077700168073,8.770020435260513,19.750793565169374,127.232396780013,1218.8715166348832,241103.58831794743,0.0943012950028006
0.6601090650196084,8.770020435260513,19.857717530016924,127.40270558105492,1223.5875678412704,242576.55271020724,0.0
0.0,8.864321730263313,19.27773371670847,128.14276055862507,1256.9331871451532,251131.1632279657,0.5658077700168072
0.0943012950028012,8.864321730263313,19.394279711955683,128.22152367780242,1239.21198845274,244163.99786505464,0.47150647501400655
0.1886025900056024,8.864321730263313,19.492274912798415,128.3011017923732,1240.7908406295371,245047.26615882711,0.3772051800112042
0.2829038850084036,8.864321730263313,19.60623005612136,128.4712740925891,1250.4673155701632,248594.06423229625,0.2829038850084036
0.3772051800112048,8.864321730263313,19.695363264422564,128.15888200363108,1231.243499504834,242193.75028500136,0.18860259000560298
0.471506475014006,8.864321730263313,19.83709970651858,128.70362995705034,1245.9682965789818,246552.26878828873,0.0943012950028006
0.5658077700168073,8.864321730263313,19.92720420900501,128.55198908421647,1235.925586719834,243169.8731754349,0.0
0.0,8.958623025266116,19.460034574565373,129.56907957367608,1277.9801408061426,254307.7014436613,0.4715064750140048
0.0943012950028012,8.958623025266116,19.564548629862745,129.50768769029813,1279.6765507528412,255635.1668868816,0.3772051800112042
0.1886025900056024,8.958623025266116,19.6812965499095,129.5815206388195,1289.8705134047807,259631.51545929964,0.2829038850084018
0.2829038850084036,8.958623025266116,19.78694788818803,129.6566906044774,1265.9844472080538,250163.7454387556,0.1886025900056012
0.3772051800112048,8.958623025266116,19.897046660861523,129.66860748346863,1267.6900609159345,250926.3663183199,0.0943012950028006
0.471506475014006,8.958623025266116,20.008169897550495,129.9080171581688,1272.6979803457434,252617.1318346956,-1.7763568394002505e-15
0.0,9.052924320268916,19.61998988949007,130.405719055266,1302.7707814756398,260199.36057976037,0.3772051800112042
0.0943012950028012,9.052924320268916,19.75743434496229,130.86984804912333,1312.5556396997044,263350.8241864518,0.2829038850084036
0.1886025900056024,9.052924320268916,19.854006606968703,130.71416854561323,1300.2559319209458,259379.74026478827,0.1886025900056012
0.2829038850084036,9.052924320268916,19.97135480698116,130.9799028995713,1295.390918670866,256976.24957340068,0.0943012950028006
0.3772051800112048,9.052924320268916,20.095593052603288,131.22187608725713,1305.5682432127574,260308.56992420496,0.0
0.0,9.147225615271717,19.818503565769905,132.11613965795385,1325.6973697859498,263517.2819457935,0.2829038850084036
0.0943012950028012,9.147225615271717,19.91816163624124,131.6921914411504,1306.0103185321746,256821.36416821755,0.18860259000560298
0.1886025900056024,9.147225615271717,20.036147502112065,132.28174044023814,1331.8523448076228,266227.597872176,0.0943012950028006
0.2829038850084036,9.147225615271717,20.1662062238013,132.34018651963743,1335.5201730080555,267481.0266187708,0.0
0.0,9.24152691027452,19.985791795676175,133.05765299895347,1325.3192303550964,258893.3443530584,0.1886025900056012
0.0943012950028012,9.24152691027452,20.117317554536942,133.41008051083554,1360.061448192616,272189.9379604741,0.0943012950028006
0.1886025900056024,9.24152691027452,20.22611178969873,133.5293603657417,1349.597387277083,268147.754553122,-1.7763568394002505e-15
0.0,9.33582820527732,20.17922886766746,134.4854851250081,1389.7210496037324,278946.6106085211,0.0943012950028006
0.0943012950028012,9.33582820527732,20.3199242543984,134.9543612420583,1382.6807500350378,275429.8894462254,0.0
0.0,9.43012950028012,20.369076877750405,135.87096249257837,1413.0285167757422,283096.53668898897,0.0
0.848711655025211,0.5658077700168073,11.149920618911445,70.97995992952423,364.65525071232383,67505.39402351892,8.015610075238103
0.943012950028012,0.5658077700168073,11.019999294760842,70.12062534496621,358.1509900680613,66769.4814132369,7.921308780235302
1.0373142450308133,0.5658077700168073,10.896458102068475,69.3900676385868,353.09212161503865,66379.54739044228,7.8270074852325
1.1316155400336143,0.5658077700168073,10.78288198500831,68.6489299624439,346.16174827735034,65033.0585496156,7.732706190229699
1.2259168350364158,0.5658077700168073,10.658790953074815,67.9137104554733,337.66514139074957,63213.720155450734,7.638404895226898
1.3202181300392168,0.5658077700168073,10.547667632345846,67.16964106049805,329.1358806292986,61235.40816205671,7.544103600224096
1.414519425042018,0.5658077700168073,10.44598140029733,66.55866508343057,325.0684748829819,60957.035087478376,7.449802305221295
1.5088207200448194,0.5658077700168073,10.33336546511344,65.85425384588328,316.588206875043,58900.781265633,7.355501010218494
1.6031220150476206,0.5658077700168073,10.258460212427874,65.51334889689825,319.4291945694092,60894.76014871754,7.261199715215692
1.697423310050422,0.5658077700168073,10.170702972494022,64.92021830496867,309.0203170090822,57776.8977415391,7.166898420212892
1.791724605053223,0.5658077700168073,10.091560939506092,64.48034000030512,307.1475087507232,57892.57817937097,7.07259712521009
1.886025900056024,0.5658077700168073,10.002571211709968,63.95659678494716,303.68737875886393,57595.39937402715,6.978295830207289
1.9803271950588257,0.5658077700168073,9.933233922883,63.5125053596064,296.2593520480449,55482.40080943712,6.883994535204487
2.0746284900616265,0.5658077700168073,9.85696131862541,63.091856103644616,295.7446302498278,56118.2612421025,6.789693240201687
2.168929785064428,0.5658077700168073,9.804326047017604,62.87200742055978,294.340222655134,56083.981280539985,6.695391945198885
2.263231080067229,0.5658077700168073,9.74548985838045,62.55178189905427,291.6724683577678,55643.68599292479,6.601090650196085
2.35753237507003,0.5658077700168073,9.691944458905326,62.19666572454219,286.93905080221816,54407.914870286055,6.506789355193283
2.4518336700728316,0.5658077700168073,9.657883910184797,62.15408505555902,286.9246324496581,54618.15224306848,6.412488060190482
2.5461349650756326,0.5658077700168073,9.607251858598662,61.808375798917496,283.9902153147926,54064.72354676032,6.318186765187681
2.6404362600784337,0.5658077700168073,9.568467242213748,61.603797674643005,285.7396765297942,55184.64999014906,6.22388547018488
2.734737555081235,0.5658077700168073,9.539567408355284,61.57158890308153,284.0686416412905,54737.19363481872,6.129584175182078
2.829038850084036,0.5658077700168073,9.510565512086616,61.47957327922083,284.73314648137335,55232.59482464876,6.0352828801792775
2.9233401450868377,0.5658077700168073,9.493219785359113,61.50709421923527,284.9025796270338,55346.718775309426,5.940981585176475
3.0176414400896387,0.5658077700168073,9.467413979331669,61.385445134985034,282.58424763052295,54726.43529873654,5.8466802901736745
3.11194273509244,0.5658077700168073,9.457461003528396,61.444663665974055,285.5116720506545,55884.33440111855,5.752378995170874
3.2062440300952413,0.5658077700168073,9.431583549735803,61.32922709609083,284.83459583953595,55898.65090811637,5.6580777001680715
3.3005453250980423,0.5658077700168073,9.437169340725935,61.52299461561011,288.1752307759212,56996.95730246999,5.563776405165271
3.394846620100844,0.5658077700168073,9.431644120716786,61.53364887151223,290.7167888501226,58060.17756156815,5.4694751101624695
3.489147915103645,0.5658077700168073,9.437044795714154,61.79379058436413,294.65376995260056,59389.43962000394,5.375173815159668
3.583449210106446,0.5658077700168073,9.447508044214032,61.989850436265,296.25555920218,59758.12494250453,5.280872520156867
3.6777505051092474,0.5658077700168073,9.44662028848075,62.089977357542494,299.67147994985567,61095.590938707624,5.186571225154066
3.772051800112048,0.5658077700168073,9.469274511521558,62.38710764763199,304.45827668176486,62570.47620950448,5.092269930151265
3.8663530951148495,0.5658077700168073,9.491990137784034,62.72352044418556,306.4863331032945,62862.70472613277,4.997968635148464
3.960654390117651,0.5658077700168073,9.500647332793342,62.888173151008736,311.1046373884492,64554.39728394404,4.903667340145662
4.0549556851204525,0.5658077700168073,9.530087682589745,63.20823962744743,317.2995412941599,66582.46873095172,4.809366045142861
4.149256980123253,0.5658077700168073,9.550050026458631,63.5730276236176,323.8399645941646,68707.83425047292,4.71506475014006
4.2435582751260545,0.5658077700168073,9.577693747143115,63.74127517969634,322.00717123464557,67603.25848194535,4.620763455137259
4.337859570128856,0.5658077700168073,9.633798844986124,64.50069514764832,335.4073878207454,71868.8203104532,4.526462160134457
4.432160865131657,0.5658077700168073,9.649652811014665,64.65954919252489,332.889324362855,70638.38162167535,4.432160865131657
4.526462160134458,0.5658077700168073,9.691777822984143,65.1084178917169,337.65771306517723,71797.45530874583,4.337859570128855
4.62076345513726,0.5658077700168073,9.750459418100553,65.70538755785333,345.5537823649601,73997.09770707518,4.243558275126054
4.71506475014006,0.5658077700168073,9.792682116029464,66.21444558334096,356.5855037004867,77761.53717329138,4.149256980123253
4.809366045142862,0.5658077700168073,9.849087506216277,66.75994545231848,365.3838291513962,80286.01831217489,4.054955685120452
4.903667340145663,0.5658077700168073,9.888840430920157,67.1671707668321,369.4369766520209,81235.94346126173,3.96065439011765
4.997968635148464,0.5658077700168073,9.932861087760957,67.58280634169876,380.4154360876024,84971.17795830639,3.8663530951148495
5.092269930151265,0.5658077700168073,9.984860983817216,68.08767195406779,381.8922306194096,84633.78082047205,3.772051800112048
5.186571225154067,0.5658077700168073,10.05574695063864,68.88268555095658,406.6111846294547,93251.16735063508,3.6777505051092465
5.280872520156867,0.5658077700168073,10.118481509518618,69.44960935099553,402.6864689885398,90651.06456951496,3.583449210106446
5.375173815159669,0.5658077700168073,10.186245664400742,70.24252385816536,421.4774830322607,96887.19999214352,3.4891479151036444
5.46947511016247,0.5658077700168073,10.252179442237678,70.79030111296649,424.176206140728,96939.3639270544,3.394846620100843
5.563776405165272,0.5658077700168073,10.310279176643244,71.37301993117345,424.8661971352187,96255.088327829,3.3005453250980414
5.658077700168072,0.5658077700168073,10.384825440295373,72.04045360665236,438.132970503728,100236.07856946829,3.206244030095241
5.752378995170874,0.5658077700168073,10.462127744042087,72.76918096589463,450.0607396351601,103682.66455646545,3.1119427350924393
5.846680290173675,0.5658077700168073,10.52599506566629,73.45313797440816,467.8346007075315,109563.41399740928,3.017641440089638
5.940981585176476,0.5658077700168073,10.622095832871135,74.33998035493542,477.85065981444086,111872.15108341307,2.9233401450868373
6.0352828801792775,0.5658077700168073,10.694273386385424,75.10251959336566,493.3384212794554,116742.51179501363,2.8290388500840358
6.129584175182079,0.5658077700168073,10.77721950664738,75.81473726574187,501.7859665572847,118587.57538355987,2.7347375550812343
6.22388547018488,0.5658077700168073,10.847160638452683,76.3756696822768,502.7670757114045,117831.72581272376,2.6404362600784337
6.318186765187681,0.5658077700168073,10.937534808707795,77.25825488312515,515.6724066625616,121319.26234178388,2.546134965075632
6.412488060190483,0.5658077700168073,11.01367378827658,78.00787710103174,539.3167226040516,129370.79726606778,2.4518336700728307
6.506789355193283,0.5658077700168073,11.105838288240165,78.9150948097539,549.6533300213914,131701.8036096407,2.35753237507003
6.601090650196085,0.5658077700168073,11.190824358022924,79.63494112988703,566.9885484686837,137095.34595096702,2.2632310800672286
6.695391945198886,0.5658077700168073,11.286434269138644,80.50216950782085,567.0941719101095,135420.28126207963,2.168929785064427
6.789693240201688,0.5658077700168073,11.376793957313383,81.29038518850325,595.9498563208983,145203.14624542955,2.0746284900616256
6.883994535204488,0.5658077700168073,11.459177598096252,82.02070054794314,593.3128715256039,142600.2081670246,1.980327195058825
6.97829583020729,0.5658077700168073,11.569255675386636,83.19761350246054,616.0797823886912,149419.62042667856,1.8860259000560236
7.072597125210091,0.5658077700168073,11.642604114632572,83.71534223574861,632.28482795522,154590.00599952516,1.791724605053222
7.166898420212892,0.5658077700168073,11.738712713974744,84.54442515432712,637.4560895955673,154781.52584333363,1.6974233100504215
7.261199715215693,0.5658077700168073,11.844275209490922,85.57789816111143,656.9807753520225,160512.51729253551,1.60312201504762
7.355501010218495,0.5658077700168073,11.949169909630736,86.5626256941375,670.8253507343627,163774.64504875918,1.5088207200448185
7.449802305221295,0.5658077700168073,12.047986787395212,87.40290843185923,686.0997268304479,167860.1372012561,1.4145194250420179
7.544103600224097,0.5658077700168073,12.138521377180224,88.14693051769348,700.201185553217,171696.61327697008,1.3202181300392164
7.638404895226898,0.5658077700168073,12.24345197461444,89.101265776145,709.605762130297,173292.84827642445,1.225916835036415
7.732706190229699,0.5658077700168073,12.353295698151584,90.088841143984,726.0096696632945,177496.3912294769,1.1316155400336143
7.8270074852325004,0.5658077700168073,12.442711283202984,90.9539144966597,752.242021420944,186165.06505820577,1.0373142450308128
7.921308780235302,0.5658077700168073,12.547199599235686,91.7693020782681,785.6987673590106,197410.34851980343,0.9430129500280112
8.015610075238103,0.5658077700168073,12.668856650965337,93.01405061170988,803.7409169403188,201907.77944443835,0.8487116550252106
8.109911370240905,0.5658077700168073,12.769891881716353,93.79224214975758,807.3345599177451,201129.6390098255,0.7544103600224082
8.204212665243706,0.5658077700168073,12.88486025076968,94.96406333161424,849.5365687606726,215366.81642038393,0.6601090650196076
8.298513960246506,0.5658077700168073,12.989926493897231,95.8054391136441,852.2054785438596,214393.4348218072,0.565807770016807
8.392815255249308,0.5658077700168073,13.083176825994292,96.3613879814996,842.7637454764019,208566.00758895383,0.47150647501400467
8.487116550252109,0.5658077700168073,13.198057663436128,97.47312319248616,866.1168404606366,215245.4204124123,0.37720518001120407
8.58141784525491,0.5658077700168073,13.30748492193063,98.50247077080664,865.9621641264725,212577.39732727775,0.28290388500840347
8.675719140257712,0.5658077700168073,13.417613042632713,99.4511122038939,906.3879502243376,226448.77775178137,0.1886025900056011
8.770020435260513,0.5658077700168073,13.547860649035922,100.58257687429445,927.8524739962704,231920.3867246169,0.09430129500280049
8.864321730263313,0.5658077700168073,13.632199386733738,101.25306580335328,936.7150539105364,233554.0002087879,-1.1102230246251565e-16
0.0,0.6601090650196084,12.443361858929206,79.07244311667489,450.0722477502558,81971.25279304378,8.770020435260513
0.0943012950028012,0.6601090650196084,12.268759549244296,77.82384990751734,435.9580976578442,79573.73461583407,8.675719140257712
0.1886025900056024,0.6601090650196084,12.110993077305675,76.87394031208188,428.29576798282346,79132.49645221556,8.58141784525491
0.2829038850084036,0.6601090650196084,11.954973813289724,75.94547077150334,418.5800792091496,77755.47302543961,8.487116550252109
0.3772051800112048,0.6601090650196084,11.778863463474044,74.58941974105477,401.12411592719405,73758.71839016961,8.392815255249308
0.471506475014006,0.6601090650196084,11.644627372300052,73.83462936800578,395.2141252078312,73377.83546026067,8.298513960246506
0.5658077700168073,0.6601090650196084,11.50737426225464,72.96913396296468,389.5475960926683,73132.74451794112,8.204212665243706
0.6601090650196084,0.6601090650196084,11.355894679993552,71.97993238399181,376.01206293317097,69923.12554745903,8.109911370240905
0.7544103600224097,0.6601090650196084,11.230882123977258,71.14468779071042,369.9431655972111,69397.63348405848,8.015610075238103
0.848711655025211,0.6601090650196084,11.093581114194343,70.29374002756765,359.5483228839495,67052.01327736661,7.921308780235301
0.943012950028012,0.6601090650196084,10.973029532862585,69.46818026767806,352.2663048649825,65926.10269111785,7.8270074852325004
1.0373142450308133,0.6601090650196084,10.858416315923106,68.76026115549843,345.07449231400494,64524.10047860855,7.732706190229698
1.1316155400336143,0.6601090650196084,10.727315336923152,67.84601013319485,336.0676856337686,62749.39515156638,7.6384048952268975
1.2259168350364158,0.6601090650196084,10.623443653793558,67.20343231122752,331.4583421867774,62237.01310639278,7.544103600224097
1.3202181300392168,0.6601090650196084,10.514340041989657,66.44845611109258,324.24528317061544,60840.74277775687,7.4498023052212945
1.414519425042018,0.6601090650196084,10.42055961089617,65.93988285647382,317.8570944678113,59395.544798265655,7.355501010218494
1.5088207200448194,0.6601090650196084,10.329691064873716,65.36486323883639,314.37337584798485,59040.55233614977,7.261199715215692
1.6031220150476206,0.6601090650196084,10.243121433202372,64.80346608598285,306.039308155688,56837.02885226009,7.166898420212891
1.697423310050422,0.6601090650196084,10.158841343988469,64.31440746320116,304.27819084401267,57148.35608228837,7.07259712521009
1.791724605053223,0.6601090650196084,10.084012084463424,63.93949017282315,300.65607992840665,56504.04702956355,6.978295830207289
1.886025900056024,0.6601090650196084,9.995002241474278,63.239917554278456,294.3540849146006,55209.49400398654,6.883994535204487
1.9803271950588257,0.6601090650196084,9.937769445615038,62.96713125154349,290.41276577967074,54266.055888324954,6.789693240201686
2.0746284900616265,0.6601090650196084,9.866358765850585,62.48087825640151,286.4386520353187,53558.7978117524,6.695391945198885
2.168929785064428,0.6601090650196084,9.813621881587196,62.15024503416367,281.63916040653396,52205.64558212605,6.601090650196084
2.263231080067229,0.6601090650196084,9.768180525197826,62.00550147503851,283.24163168661266,53321.728874019536,6.506789355193283
2.35753237507003,0.6601090650196084,9.717728576402692,61.702970232819965,282.0278891512829,53414.49454757694,6.412488060190482
2.4518336700728316,0.6601090650196084,9.676191656988276,61.526634470970535,278.7429647703102,52498.32738758806,6.31818676518768
2.5461349650756326,0.6601090650196084,9.633991144312107,61.250474784884574,276.74011253344725,52216.3506245341,6.22388547018488
2.6404362600784337,0.6601090650196084,9.607204405650563,61.16459352347823,280.7453314084895,54081.50237886494,6.129584175182078
2.734737555081235,0.6601090650196084,9.580592795258612,61.10396417160605,277.92719137776913,53136.4672439295,6.035282880179277
2.829038850084036,0.6601090650196084,9.55806597768285,61.086304960846945,277.52072370853165,53102.666400356065,5.940981585176476
2.9233401450868377,0.6601090650196084,9.53507961986349,60.91492685789238,277.39290238203085,53382.97794108769,5.846680290173674
3.0176414400896387,0.6601090650196084,9.537657516192724,61.16501139425331,281.1164420118234,54612.210673471774,5.752378995170873
3.11194273509244,0.6601090650196084,9.510637131452,61.02411817631592,283.00489624262553,55694.5126166516,5.658077700168072
3.2062440300952413,0.6601090650196084,9.515061574083706,61.19557930977732,282.40886019798916,55252.909109454384,5.56377640516527
3.3005453250980423,0.6601090650196084,9.506209490904356,61.18766554936536,285.85761161483936,56682.866784721606,5.4694751101624695
3.394846620100844,0.6601090650196084,9.512870875829943,61.43475653093655,288.5574225471601,57541.25748403975,5.375173815159668
3.489147915103645,0.6601090650196084,9.515148545119825,61.52237012449391,290.8060120948632,58368.885882088696,5.2808725201568665
3.583449210106446,0.6601090650196084,9.524453947361163,61.67064570385936,292.173103860987,58676.59949856859,5.186571225154066
3.6777505051092474,0.6601090650196084,9.543965792201872,61.97554438678589,296.66120658230346,60087.92572378025,5.092269930151264
3.772051800112048,0.6601090650196084,9.558208664059352,62.171684098888214,299.8330634851784,61081.3267381388,4.997968635148464
3.8663530951148495,0.6601090650196084,9.578440691266092,62.428465311672085,303.020261015474,62015.942468395646,4.903667340145662
3.960654390117651,0.6601090650196084,9.601331152167084,62.80938086223814,311.40091499104943,64936.38228634461,4.809366045142861
4.0549556851204525,0.6601090650196084,9.630157042353874,63.06324553380524,316.060182481656,66352.70877903033,4.715064750140059
4.149256980123253,0.6601090650196084,9.663688342002038,63.48652504222883,319.52363504371664,67122.96846378967,4.620763455137259
4.2435582751260545,0.6601090650196084,9.6988042403569,63.8002608447613,320.25455642521115,66877.2706074073,4.526462160134457
4.337859570128856,0.6601090650196084,9.72995457015487,64.22466993428768,327.73166211053757,69379.6524091466,4.432160865131656
4.432160865131657,0.6601090650196084,9.754975331810638,64.49485665019643,330.8127929242082,70145.28967247873,4.337859570128855
4.526462160134458,0.6601090650196084,9.817774322905612,65.13005239553853,341.52609416102564,73428.01545135413,4.243558275126054
4.62076345513726,0.6601090650196084,9.873170485710771,65.76207163467126,351.0641004587783,76281.19872754325,4.149256980123252
4.71506475014006,0.6601090650196084,9.902506513416697,66.00394933086424,355.4709891132117,77565.3258752537,4.054955685120452
4.809366045142862,0.6601090650196084,9.966831754433452,66.64757012842193,366.54543085770376,80964.59449383039,3.96065439011765
4.903667340145663,0.6601090650196084,10.023706528981274,67.28850421713403,381.1344660921184,85813.41196597862,3.8663530951148486
4.997968635148464,0.6601090650196084,10.07433689026147,67.75998622753485,379.2098239930209,84225.58896154354,3.772051800112048
5.092269930151265,0.6601090650196084,10.132134629533956,68.35712624479872,390.5660520788089,87773.27376448612,3.6777505051092465
5.186571225154067,0.6601090650196084,10.18705885675777,68.82932008126538,389.4016974719334,86444.71456804819,3.583449210106445
5.280872520156867,0.6601090650196084,10.26297540187982,69.58454932090874,404.5116472208986,91179.08623502051,3.4891479151036444
5.375173815159669,0.6601090650196084,10.329621187059852,70.17052179329878,414.2072409769378,93976.70399638834,3.394846620100843
5.46947511016247,0.6601090650196084,10.398398431822375,70.94862134181746,425.9733244136871,97450.48874043416,3.3005453250980414
5.563776405165272,0.6601090650196084,10.462915984632296,71.43834895239215,429.60880925429893,97893.10537142796,3.20624403009524
5.658077700168072,0.6601090650196084,10.53565145330236,72.15580963555439,437.9737154721519,99962.19733872708,3.1119427350924393
5.752378995170874,0.6601090650196084,10.613471802504035,72.92695975439172,464.0221882553727,109049.65564105408,3.017641440089638
5.846680290173675,0.6601090650196084,10.673968931000822,73.42548184202371,451.4618658026255,102976.57974063011,2.9233401450868364
5.940981585176476,0.6601090650196084,10.7611042562312,74.32216833765136,470.9212422842069,109141.13221295332,2.8290388500840358
6.0352828801792775,0.6601090650196084,10.831092132867838,74.97043594637776,480.2491803353362,111630.16212983103,2.7347375550812343
6.129584175182079,0.6601090650196084,10.938256065243884,76.12491943416282,513.9457529893194,123113.20107487393,2.640436260078433
6.22388547018488,0.6601090650196084,11.0007543454254,76.54248447995468,514.7220936282931,122430.88500069876,2.546134965075632
6.318186765187681,0.6601090650196084,11.090352625104485,77.35274519936235,538.5529173056862,130326.71310677928,2.4518336700728307
6.412488060190483,0.6601090650196084,11.169901028684649,78.04557395165219,533.9044555474587,127006.09965684245,2.357532375070029
6.506789355193283,0.6601090650196084,11.256046654868168,78.8549580746546,537.8979075601686,127067.34039258766,2.2632310800672286
6.601090650196085,0.6601090650196084,11.362799274816116,79.93716673479264,577.2081417761792,140566.6209064844,2.168929785064427
6.695391945198886,0.6601090650196084,11.439474100523029,80.57003014965267,573.3849836474893,137711.67927413955,2.0746284900616256
6.789693240201688,0.6601090650196084,11.540830709618229,81.44878315385424,584.9046665700262,140402.13508360297,1.9803271950588244
6.883994535204488,0.6601090650196084,11.628894765298124,82.27782045367067,592.057545178519,141559.4156281015,1.8860259000560238
6.97829583020729,0.6601090650196084,11.719683120205696,83.07035795789506,613.3707316362073,148357.62524147567,1.7917246050532223
7.072597125210091,0.6601090650196084,11.81637965795755,83.95591782494509,622.7469551505878,150150.73502375063,1.6974233100504208
7.166898420212892,0.6601090650196084,11.927463659604742,85.06902662093583,663.9517883078697,164464.5769350801,1.6031220150476202
7.261199715215693,0.6601090650196084,12.01189225244932,85.77038982991203,652.657838202249,158292.77531570636,1.5088207200448187
7.355501010218495,0.6601090650196084,12.113114081797647,86.60189897018857,672.7665999163015,164257.0269323958,1.4145194250420172
7.449802305221295,0.6601090650196084,12.217717742519536,87.53338046621579,685.6348205541241,167223.5469371374,1.3202181300392166
7.544103600224097,0.6601090650196084,12.309412714186916,88.33112587287653,697.4075098868594,170142.9394281672,1.2259168350364151
7.638404895226898,0.6601090650196084,12.423625564252156,89.41298665332094,718.9120838780066,176419.0485845574,1.1316155400336136
7.732706190229699,0.6601090650196084,12.51858929651097,90.25398302545764,731.2069618041617,179313.17188900168,1.037314245030813
7.8270074852325004,0.6601090650196084,12.61129378895692,90.87936455097964,749.7849297492307,185015.76482723857,0.9430129500280116
7.921308780235302,0.6601090650196084,12.745087713815591,92.24522052648264,766.864965656301,188934.1897502907,0.8487116550252101
8.015610075238103,0.6601090650196084,12.837738318295974,93.0219218598622,782.1884686429261,193003.2069673701,0.7544103600224095
8.109911370240905,0.6601090650196084,12.94157899938575,93.97577987446384,820.8673971629561,206270.1781868603,0.6601090650196071
8.204212665243706,0.6601090650196084,13.049776877005252,94.8324072103741,806.3961955452313,198074.08802102355,0.5658077700168065
8.298513960246506,0.6601090650196084,13.173973381957072,96.0351683830888,851.3805853751483,213243.6040420412,0.4715064750140059
8.392815255249308,0.6601090650196084,13.271473342200194,96.76830234711122,853.9044845374367,212160.59739237512,0.3772051800112035
8.487116550252109,0.6601090650196084,13.382745594315562,97.7522610386863,878.6679109754735,219579.56704549232,0.2829038850084029
8.58141784525491,0.6601090650196084,13.489522493483165,98.6736692531302,883.5315256969977,219025.746298229,0.1886025900056023
8.675719140257712,0.6601090650196084,13.615682913048214,99.87312672239835,925.7085465934922,233099.38255135584,0.09430129500279993
8.770020435260513,0.6601090650196084,13.7201894105115,100.83022607918568,933.3518244593032,233747.48727429516,-6.661338147750939e-16
0.0,0.7544103600224097,12.336467340659716,77.95740423298813,437.78750499366976,79613.42098717962,8.67571914025771
0.0943012950028012,0.7544103600224097,12.185968303885137,77.13342756940077,430.1442444516192,78954.08381935561,8.58141784525491
0.1886025900056024,0.7544103600224097,12.038005870345112,76.25523760723331,423.10731980600747,78646.81236296831,8.487116550252107
0.2829038850084036,0.7544103600224097,11.869033408141286,74.98519062586334,407.8544658229007,75471.2470799204,8.392815255249307
0.3772051800112048,0.7544103600224097,11.703079942581276,73.84232642284775,397.4663797807311,73975.28848232418,8.298513960246506
0.471506475014006,0.7544103600224097,11.584901466729509,73.13910653511624,387.5924473612683,71822.42476135795,8.204212665243704
0.5658077700168073,0.7544103600224097,11.428792746319242,72.09107815984294,378.76791511555354,70730.15065902637,8.109911370240903
0.6601090650196084,0.7544103600224097,11.28957876311598,71.06170695303749,366.0004163426095,67769.05375480933,8.015610075238103
0.7544103600224097,0.7544103600224097,11.167378838249444,70.28561246838316,359.3074945092304,66861.18529768132,7.9213087802353
0.848711655025211,0.7544103600224097,11.033788311289712,69.44761369338514,351.5894497990051,65589.32051416292,7.8270074852325
0.943012950028012,0.7544103600224097,10.915160839511968,68.6062076673187,344.434481461091,64511.470852262515,7.732706190229699
1.0373142450308133,0.7544103600224097,10.806853633747744,67.97369002518677,336.831766187814,62840.022327391984,7.638404895226897
1.1316155400336143,0.7544103600224097,10.689333285311529,67.1644621471071,329.16619577468856,61413.194512866816,7.544103600224096
1.2259168350364158,0.7544103600224097,10.589976583231628,66.52252278544174,321.7059382497002,59725.70555905894,7.449802305221295
1.3202181300392168,0.7544103600224097,10.496450923140433,65.94904471869214,319.3704881606586,59999.16560355857,7.355501010218493
1.414519425042018,0.7544103600224097,10.396138470772003,65.26673261705135,312.656798578098,58673.57675726807,7.261199715215692
1.5088207200448194,0.7544103600224097,10.301829381399903,64.5989545575033,305.8583373946548,57149.4941838657,7.166898420212892
1.6031220150476206,0.7544103600224097,10.220717248700394,64.0559903715824,299.85796211462804,55801.61076981071,7.072597125210089
1.697423310050422,0.7544103600224097,10.141494689485054,63.614626976041784,295.07665402821664,54844.39536083631,6.978295830207289
1.791724605053223,0.7544103600224097,10.072351907408098,63.13475395015066,292.6018011033446,54687.40969514707,6.883994535204488
1.886025900056024,0.7544103600224097,10.008083411053969,62.759227241798854,288.8362200234374,53904.90054779132,6.789693240201686
1.9803271950588257,0.7544103600224097,9.952626960549456,62.46196405748809,286.54535353963803,53613.25864437166,6.695391945198885
2.0746284900616265,0.7544103600224097,9.888003975864,62.095161840795825,281.7740526053809,52439.25798104855,6.601090650196085
2.168929785064428,0.7544103600224097,9.845231791735468,61.84528930441279,279.94501414764983,52212.271378899095,6.506789355193282
2.263231080067229,0.7544103600224097,9.78955123076432,61.53158329200757,281.1985568074926,53368.41726517332,6.412488060190482
2.35753237507003,0.7544103600224097,9.743182093265542,61.2134836635029,278.27379292976406,52817.68198759975,6.318186765187681
2.4518336700728316,0.7544103600224097,9.7174577378253,61.10634608275178,275.4864041613821,51940.48291474907,6.223885470184879
2.5461349650756326,0.7544103600224097,9.68750193958592,61.051800596208835,277.99622871988237,53150.238444965406,6.129584175182078
2.6404362600784337,0.7544103600224097,9.653304774781349,60.86261606691742,273.1326691971674,51615.8690715756,6.0352828801792775
2.734737555081235,0.7544103600224097,9.636634247531504,60.82794240531379,278.89028519482287,54097.380751028475,5.940981585176475
2.829038850084036,0.7544103600224097,9.605666782382544,60.664060299399615,274.9211594699666,52833.66498917979,5.8466802901736745
2.9233401450868377,0.7544103600224097,9.591107411118868,60.67040618776912,275.4059793288221,53128.96469911295,5.752378995170872
3.0176414400896387,0.7544103600224097,9.582461609533114,60.641435063016885,275.79108510868946,53345.35588124513,5.6580777001680715
3.11194273509244,0.7544103600224097,9.590824307195676,60.894035165049445,282.0791088742611,55603.660012442386,5.563776405165271
3.2062440300952413,0.7544103600224097,9.578992937971408,60.89076329670902,280.3941026697552,55008.72346542353,5.469475110162469
3.3005453250980423,0.7544103600224097,9.580960737225563,61.05242805866585,284.8957564754408,56650.973702284675,5.375173815159668
3.394846620100844,0.7544103600224097,9.58136866018881,61.04328006870031,282.31680752902804,55659.73610581655,5.280872520156867
3.489147915103645,0.7544103600224097,9.593269923870984,61.26432886853777,285.94410447239386,56845.851028353245,5.186571225154065
3.583449210106446,0.7544103600224097,9.61353169123849,61.529870883154494,290.62822715491126,58325.843793377375,5.092269930151264
3.6777505051092474,0.7544103600224097,9.624013242447804,61.67876416650499,291.5979610343012,58566.15348554003,4.997968635148464
3.772051800112048,0.7544103600224097,9.646917571833908,61.9349685825299,294.38808944768346,59262.810885034625,4.903667340145663
3.8663530951148495,0.7544103600224097,9.670207393451754,62.26070908155185,302.2379034673094,61996.053983237216,4.809366045142861
3.960654390117651,0.7544103600224097,9.701282748959102,62.6277210051659,304.85316069273824,62617.53903315086,4.71506475014006
4.0549556851204525,0.7544103600224097,9.71825605521271,62.7360808752568,308.77234464650866,63994.24135921504,4.620763455137258
4.149256980123253,0.7544103600224097,9.773097828752665,63.49634799297341,322.8788437329042,68547.1030876436,4.526462160134457
4.2435582751260545,0.7544103600224097,9.801268199637136,63.6756267382782,323.9495367420425,68644.3592757544,4.432160865131657
4.337859570128856,0.7544103600224097,9.834188641201148,64.08080419975374,326.848203451557,69192.45813159936,4.337859570128854
4.432160865131657,0.7544103600224097,9.897824941402158,64.77273355846769,342.51584439862984,74364.575582296,4.243558275126054
4.526462160134458,0.7544103600224097,9.937051903678611,65.13850780820238,339.85306456896456,72763.05283490902,4.149256980123253
4.62076345513726,0.7544103600224097,9.979855683094105,65.463486227116,342.53180395111923,73217.3699659939,4.054955685120451
4.71506475014006,0.7544103600224097,10.03495009541706,66.14481947342047,356.87623372782167,77951.79470169551,3.9606543901176505
4.809366045142862,0.7544103600224097,10.079501837215934,66.49304818037741,359.43913110194984,78329.0725130194,3.866353095114849
4.903667340145663,0.7544103600224097,10.157135158533936,67.37938147136319,367.3126024472783,80121.59775681524,3.7720518001120475
4.997968635148464,0.7544103600224097,10.2090190617061,67.86005920275203,376.06590548782947,82761.90922390131,3.677750505109247
5.092269930151265,0.7544103600224097,10.271144869390518,68.39177241326172,385.12150800848,85388.7183240317,3.5834492101064455
5.186571225154067,0.7544103600224097,10.310922561801975,68.72555533415073,390.02278300532174,86772.07146684936,3.489147915103644
5.280872520156867,0.7544103600224097,10.392357511641906,69.54011080042523,410.7918769423965,93667.90316963098,3.3948466201008434
5.375173815159669,0.7544103600224097,10.458679951838816,70.25419043230545,415.3521257337166,94374.62214789096,3.300545325098042
5.46947511016247,0.7544103600224097,10.533154865087171,70.98138521594069,429.497983231695,98752.093958954,3.2062440300952404
5.563776405165272,0.7544103600224097,10.60323079391072,71.59321165005457,431.8275782376409,98583.48767292436,3.111942735092439
5.658077700168072,0.7544103600224097,10.67062830498089,72.163493567167,443.59545682597576,102182.84642950776,3.0176414400896383
5.752378995170874,0.7544103600224097,10.750240150256896,72.88269396808016,444.6834749039658,101247.20556807604,2.923340145086837
5.846680290173675,0.7544103600224097,10.824637786585866,73.6798005193159,465.22213259697025,108071.45905881184,2.8290388500840353
5.940981585176476,0.7544103600224097,10.92337375152104,74.65672205876504,486.1979099401708,114686.40041833896,2.7347375550812347
6.0352828801792775,0.7544103600224097,10.990177620507463,75.12556771812578,485.0709826291129,113191.738687808,2.6404362600784332
6.129584175182079,0.7544103600224097,11.083420571057133,76.06167697378419,500.7771847817713,117692.39531076082,2.5461349650756318
6.22388547018488,0.7544103600224097,11.153771240106892,76.70088753705818,501.3461306730659,116754.155678194,2.451833670072831
6.318186765187681,0.7544103600224097,11.253942128138355,77.65502047344515,527.7800394725232,125382.49171617084,2.3575323750700297
6.412488060190483,0.7544103600224097,11.331194907393703,78.32757099311347,537.4648496322843,127966.0679216362,2.263231080067228
6.506789355193283,0.7544103600224097,11.42076645547955,79.01112059340073,548.8788388329822,130859.90223540296,2.1689297850644276
6.601090650196085,0.7544103600224097,11.512491722828612,79.86870163549011,552.0996766554408,130475.49408992076,2.074628490061626
6.695391945198886,0.7544103600224097,11.609771365664136,80.8449383447212,575.5176084064695,137854.7814817791,1.9803271950588246
6.789693240201688,0.7544103600224097,11.702203301714652,81.64066136132497,580.7250770713658,138287.66947112654,1.886025900056023
6.883994535204488,0.7544103600224097,11.790104842036204,82.41091334602064,591.4824342004215,141076.47644364848,1.7917246050532225
6.97829583020729,0.7544103600224097,11.903318013789438,83.4224594994781,611.6603260315746,146796.906145579,1.697423310050421
7.072597125210091,0.7544103600224097,11.980121157592256,84.0613912903412,620.7336956228387,149069.20747086956,1.6031220150476195
7.166898420212892,0.7544103600224097,12.082084827286453,84.88375113503521,624.7290921743821,148726.3326121938,1.508820720044819
7.261199715215693,0.7544103600224097,12.19437852776964,86.05372319719905,665.6350938441311,162692.39181743207,1.4145194250420174
7.355501010218495,0.7544103600224097,12.275822836199382,86.69377527008791,701.1058324504306,175406.1866374947,1.320218130039216
7.449802305221295,0.7544103600224097,12.393064116391637,87.80430665091126,708.2795293310468,175801.25442641726,1.2259168350364154
7.544103600224097,0.7544103600224097,12.50298290005528,88.80753523856576,709.1121164363858,173802.34024939322,1.1316155400336139
7.638404895226898,0.7544103600224097,12.605769192045598,89.716199614219,725.5065701298703,178224.6071482501,1.0373142450308124
7.732706190229699,0.7544103600224097,12.698575185053464,90.34260270676069,722.1081099072358,175219.6042115138,0.9430129500280118
7.8270074852325004,0.7544103600224097,12.800825030602072,91.42938093529474,752.4671522348644,184994.87588750783,0.8487116550252103
7.921308780235302,0.7544103600224097,12.91181466631214,92.294267153023,761.3554210724473,186338.24635013632,0.7544103600224088
8.015610075238103,0.7544103600224097,13.016317932912091,93.23769077176593,790.9346825079176,195805.41654454375,0.6601090650196082
8.109911370240905,0.7544103600224097,13.13442260041218,94.30091685500044,813.2874225881002,202224.85493336443,0.5658077700168058
8.204212665243706,0.7544103600224097,13.230527708085532,95.07064993902506,815.5962071569493,201175.7622240472,0.4715064750140052
8.298513960246506,0.7544103600224097,13.33830159450668,95.9522771287487,825.1168469690898,202553.8953551175,0.3772051800112046
8.392815255249308,0.7544103600224097,13.463830835645744,97.25035355416426,884.9314141863097,223608.861313102,0.28290388500840224
8.487116550252109,0.7544103600224097,13.5639944479098,98.14051304644178,885.8859188984192,221724.9479518732,0.18860259000560164
8.58141784525491,0.7544103600224097,13.678667777594203,99.01522360471148,913.704275568903,230447.61863027612,0.09430129500280104
8.675719140257712,0.7544103600224097,13.778296210236975,99.89044363901296,926.6241613930856,233212.918571922,-1.3322676295501878e-15
0.0,0.848711655025211,12.265017843023568,77.45882887012942,433.54521390879006,79297.37800221039,8.58141784525491
0.0943012950028012,0.848711655025211,12.095034666129786,76.20516109229101,421.0220377199718,77447.25860650066,8.487116550252109
0.1886025900056024,0.848711655025211,11.94231232158601,75.24919407594146,407.5916596961659,74560.97153437497,8.392815255249307
0.2829038850084036,0.848711655025211,11.784087372793842,74.16949956601614,398.2094576017216,73547.62426326991,8.298513960246506
0.3772051800112048,0.848711655025211,11.636300171466845,73.10081467974946,384.7301449788904,70580.40892224635,8.204212665243706
0.471506475014006,0.848711655025211,11.509065696966369,72.29089165184554,379.042589314364,70238.22585824359,8.109911370240903
0.5658077700168073,0.848711655025211,11.36694284058158,71.29535599044655,367.36191138298017,67785.6030785594,8.015610075238103
0.6601090650196084,0.848711655025211,11.238320865809046,70.42602134288484,358.3788850289325,66063.83333447512,7.921308780235302
0.7544103600224097,0.848711655025211,11.10566312751584,69.5614555935159,353.0928433546335,65951.22355673894,7.8270074852325
0.848711655025211,0.848711655025211,10.979799660212814,68.69841279424128,343.4872918346626,63939.70057987984,7.732706190229699
0.943012950028012,0.848711655025211,10.86946180728892,67.848319894436,333.3925296709892,61552.718943884785,7.638404895226898
1.0373142450308133,0.848711655025211,10.768232852909335,67.28743583079239,333.3360197102537,62788.01107623883,7.544103600224096
1.1316155400336143,0.848711655025211,10.668946261166084,66.62939162339597,325.57599792005686,61102.57709979781,7.449802305221295
1.2259168350364158,0.848711655025211,10.565968191814044,65.86909666129903,315.5417604428612,58469.69348801749,7.355501010218495
1.3202181300392168,0.848711655025211,10.474570388654753,65.38455074389083,314.6433620391779,59258.71647200748,7.261199715215692
1.414519425042018,0.848711655025211,10.372161725672427,64.61799986183884,305.67948509345285,57112.43889077415,7.166898420212892
1.5088207200448194,0.848711655025211,10.29559696346663,64.12048097313073,302.3247935659104,56730.9375747784,7.07259712521009
1.6031220150476206,0.848711655025211,10.217335156035013,63.645849850423566,297.87689525294627,55953.2867445902,6.978295830207289
1.697423310050422,0.848711655025211,10.151678480162564,63.23079372438394,291.83838361171394,54279.80382829703,6.883994535204488
1.791724605053223,0.848711655025211,10.075785575378186,62.63085848800704,285.74576578964627,52936.41710612289,6.789693240201687
1.886025900056024,0.848711655025211,10.017029554011913,62.28491423847781,284.23152906701335,53023.227484192415,6.695391945198885
1.9803271950588257,0.848711655025211,9.96673775606976,62.032664979687894,284.1512282842689,53593.13645321406,6.601090650196084
2.0746284900616265,0.848711655025211,9.907368655347607,61.57846887129571,274.58038606484246,50476.01487101194,6.506789355193283
2.168929785064428,0.848711655025211,9.85916176531161,61.273337616975866,275.1499112607588,51322.538528444195,6.412488060190482
2.263231080067229,0.848711655025211,9.820770646029144,61.14716101724183,274.09386935916973,51267.058231913834,6.318186765187681
2.35753237507003,0.848711655025211,9.78357458988008,60.913680414452216,270.79390050623346,50380.135579250134,6.22388547018488
2.4518336700728316,0.848711655025211,9.748187354673288,60.73269510763187,274.7934068608179,52400.96049833715,6.129584175182078
2.5461349650756326,0.848711655025211,9.719890689593656,60.59886994937694,271.5813352431239,51419.917721219324,6.0352828801792775
2.6404362600784337,0.848711655025211,9.691955528924185,60.39742897408762,270.09663898199335,51169.19170087486,5.940981585176476
2.734737555081235,0.848711655025211,9.678602548898509,60.402992303311336,269.2420609354552,50884.01421022746,5.8466802901736745
2.829038850084036,0.848711655025211,9.665717915477682,60.450641827501805,272.8744722330551,52476.89119982583,5.752378995170874
2.9233401450868377,0.848711655025211,9.656007169242177,60.37336805984329,270.43344903760845,51608.74500449536,5.6580777001680715
3.0176414400896387,0.848711655025211,9.642927926459803,60.31759156970435,271.34045558278393,52124.381802639014,5.563776405165271
3.11194273509244,0.848711655025211,9.641702275780007,60.5244519127406,275.95799369322896,53810.17515212478,5.46947511016247
3.2062440300952413,0.848711655025211,9.63950668567584,60.47105720210352,273.1163820886857,52687.54901353236,5.375173815159668
3.3005453250980423,0.848711655025211,9.65651431409282,60.745900842162264,278.4528040086237,54528.50021332461,5.280872520156867
3.394846620100844,0.848711655025211,9.66703117966229,60.89782435201657,281.5839082514868,55569.25268190449,5.186571225154066
3.489147915103645,0.848711655025211,9.686025080253788,61.147876453139325,281.9962673424378,55417.48568990626,5.092269930151264
3.583449210106446,0.848711655025211,9.701768332276592,61.35119203215519,288.517893421014,57828.16329239485,4.997968635148464
3.6777505051092474,0.848711655025211,9.717062089141349,61.63736249926018,294.4935170666471,59919.331436754575,4.903667340145662
3.772051800112048,0.848711655025211,9.75097473488558,61.98019278758805,305.5634861178605,63781.74271198495,4.809366045142862
3.8663530951148495,0.848711655025211,9.771999341132211,62.202253251308,299.36849518312056,60931.050613678126,4.71506475014006
3.960654390117651,0.848711655025211,9.803481864140158,62.53760671524354,309.7308226041165,64645.198873604,4.620763455137259
4.0549556851204525,0.848711655025211,9.840364397262624,62.91581907219731,310.5901765628655,64411.207372540535,4.526462160134457
4.149256980123253,0.848711655025211,9.875501313343086,63.26650812829956,311.2122871369802,64113.68018733357,4.432160865131657
4.2435582751260545,0.848711655025211,9.909009082716755,63.611878554022454,317.7464782198178,66185.01666208531,4.337859570128855
4.337859570128856,0.848711655025211,9.953595013445565,64.12397265105625,325.9706093012173,68728.00892798827,4.243558275126054
4.432160865131657,0.848711655025211,10.002945066689383,64.6439263321348,337.4361877323634,72540.49479515247,4.149256980123253
4.526462160134458,0.848711655025211,10.047002330625077,65.02558252991466,342.39321344733366,73856.434093119,4.054955685120452
4.62076345513726,0.848711655025211,10.111704347614864,65.65314903962386,345.23944274731366,73998.56667537325,3.96065439011765
4.71506475014006,0.848711655025211,10.161356926631948,66.09572310279601,355.37566559847573,77276.00743388648,3.8663530951148495
4.809366045142862,0.848711655025211,10.213620353781764,66.61597600036882,361.6773696123764,78991.8938214537,3.772051800112048
4.903667340145663,0.848711655025211,10.266984750433428,67.11371274334192,363.5909679049536,78904.17626355938,3.6777505051092465
4.997968635148464,0.848711655025211,10.328484427574102,67.7007572086265,370.026831549806,80512.00617277107,3.583449210106446
5.092269930151265,0.848711655025211,10.408007382647837,68.60854371071225,393.84833435966135,88594.45744398388,3.4891479151036444
5.186571225154067,0.848711655025211,10.454987255731204,68.90133215691878,394.6274614975259,88259.8266479197,3.394846620100843
5.280872520156867,0.848711655025211,10.522198628905617,69.52972377941977,403.5528320413457,90766.0818869741,3.3005453250980423
5.375173815159669,0.848711655025211,10.59958590212057,70.24019545782181,405.6048342634692,90240.70035310106,3.206244030095241
5.46947511016247,0.848711655025211,10.676459393526388,71.00283941222116,422.3422511731856,95617.73954231098,3.1119427350924393
5.563776405165272,0.848711655025211,10.740833879557998,71.5716072695987,433.2891041898775,98995.81918766737,3.017641440089638
5.658077700168072,0.848711655025211,10.826380583579876,72.46557432488532,443.0780391503172,101393.03962203562,2.9233401450868373
5.752378995170874,0.848711655025211,10.899274068561946,73.0540246672544,446.31675394196094,101464.12503354566,2.8290388500840358
5.846680290173675,0.848711655025211,10.973048030777878,73.69074226642994,460.5935395769188,106004.9895023164,2.7347375550812343
5.940981585176476,0.848711655025211,11.064601197884713,74.50122047894448,472.81389658011926,109254.05425951832,2.6404362600784337
6.0352828801792775,0.848711655025211,11.15510142233395,75.49411849335142,489.5498410656102,114162.77206124112,2.546134965075632
6.129584175182079,0.848711655025211,11.2376953831924,76.1686442814184,513.430401182607,122414.9863714062,2.4518336700728307
6.22388547018488,0.848711655025211,11.3174519678971,76.94146776731954,520.75889485154,123922.80806216208,2.35753237507003
6.318186765187681,0.848711655025211,11.400481846925617,77.53969775368287,518.5011280758122,121596.08730911431,2.2632310800672286
6.412488060190483,0.848711655025211,11.487183479470076,78.34295018873595,527.4122779810863,123483.98464858434,2.168929785064427
6.506789355193283,0.848711655025211,11.587998739985368,79.283791185914,538.2569708305691,126018.22447327372,2.0746284900616265
6.601090650196085,0.848711655025211,11.67676915122792,80.11443882396502,578.9170251133439,140664.96516553234,1.9803271950588248
6.695391945198886,0.848711655025211,11.777112227405238,81.04794873573721,578.9854752354156,138762.0628962734,1.8860259000560233
6.789693240201688,0.848711655025211,11.852430883617624,81.59636460145308,581.7660220018154,138469.15999141638,1.7917246050532218
6.883994535204488,0.848711655025211,11.96236165599292,82.5261213019638,584.7072139580503,137598.52326540006,1.6974233100504212
6.97829583020729,0.848711655025211,12.047101927062648,83.3365357282756,608.6087714908566,145586.54521533052,1.6031220150476198
7.072597125210091,0.848711655025211,12.149726439259142,84.31938907134287,621.8722957349937,148879.26508695923,1.5088207200448183
7.166898420212892,0.848711655025211,12.262299566703488,85.37290607770059,647.5619850939499,156722.08073941775,1.4145194250420177
7.261199715215693,0.848711655025211,12.352558830182648,86.10081477543011,662.5074690007133,161166.64656756434,1.3202181300392162
7.355501010218495,0.848711655025211,12.466167794732137,87.17283389016922,686.2252155763455,168290.4176456583,1.2259168350364147
7.449802305221295,0.848711655025211,12.554697808697895,87.83179992008263,676.7224443269877,162734.5750596583,1.131615540033614
7.544103600224097,0.848711655025211,12.67330325797023,88.97490190011692,710.7093327750205,173812.57458528178,1.0373142450308126
7.638404895226898,0.848711655025211,12.767309837751585,89.82008439848504,724.0047655809699,177161.64717853657,0.9430129500280111
7.732706190229699,0.848711655025211,12.882731324853262,90.87376405813478,754.5414590047682,187026.91630698947,0.8487116550252105
7.8270074852325004,0.848711655025211,12.97723181682595,91.68171296157854,767.2265684138638,190109.6899470905,0.754410360022409
7.921308780235302,0.848711655025211,13.094216980278516,92.75773697441286,782.8734729290233,193979.08979937507,0.6601090650196075
8.015610075238103,0.848711655025211,13.211972387902067,93.70363802947776,785.3706547901098,192473.44650705787,0.5658077700168069
8.109911370240905,0.848711655025211,13.307060851177924,94.54496214005884,813.5474235179287,201696.27644651823,0.47150647501400456
8.204212665243706,0.848711655025211,13.415054971523212,95.49252862251312,832.8664895960314,207077.43370744196,0.37720518001120396
8.298513960246506,0.848711655025211,13.52919995253266,96.45284018775315,847.1379044439553,210277.8114098388,0.28290388500840336
8.392815255249308,0.848711655025211,13.62269619889234,97.20568923412765,858.8848601687886,212972.16201088185,0.18860259000560098
8.487116550252109,0.848711655025211,13.74002648116972,98.17341088261004,869.7387890125424,214737.65308769737,0.09430129500280038
8.58141784525491,0.848711655025211,13.84095146236397,98.9983682497146,892.9958156794261,221829.56291870447,-2.220446049250313e-16
0.0,0.943012950028012,12.16935361588076,76.51749479437115,421.54884533880926,76473.2907329428,8.487116550252109
0.0943012950028012,0.943012950028012,12.01360761209057,75.41977376650547,412.5861174868416,75767.31345335409,8.392815255249308
0.1886025900056024,0.943012950028012,11.854355000221892,74.35064576484629,399.7870744411754,73365.17349144862,8.298513960246506
0.2829038850084036,0.943012950028012,11.723994993010624,73.45472404669343,391.3039995429352,72101.8328383127,8.204212665243706
0.3772051800112048,0.943012950028012,11.591833151778426,72.73815233522029,382.42293930754835,70548.67799500132,8.109911370240905
0.471506475014006,0.943012950028012,11.444279540466558,71.53454710263435,369.9000425500949,68059.53271466408,8.015610075238103
0.5658077700168073,0.943012950028012,11.299373626763431,70.47569930103622,362.5110278233376,67488.57354363689,7.921308780235301
0.6601090650196084,0.943012950028012,11.18657078564847,69.7230418453791,353.58331094307783,65559.69482850617,7.8270074852325004
0.7544103600224097,0.943012950028012,11.057695486664263,68.8411093376911,344.5082352993445,63921.33249277691,7.732706190229698
0.848711655025211,0.943012950028012,10.94932540391662,68.16555432940397,340.26362053758373,63725.905460986294,7.6384048952268975
0.943012950028012,0.943012950028012,10.83844318579305,67.33647199070646,327.6264741177886,60285.52331941537,7.544103600224097
1.0373142450308133,0.943012950028012,10.72220301601277,66.5391110719138,324.9363256424664,60894.27520009677,7.4498023052212945
1.1316155400336143,0.943012950028012,10.635091448072536,65.94628510283746,315.0609303929456,58082.70614950581,7.355501010218494
1.2259168350364158,0.943012950028012,10.530328907617164,65.11884927438865,305.7992955129201,55903.32080471634,7.261199715215693
1.3202181300392168,0.943012950028012,10.448921818342424,64.61921691090969,303.81881485052133,56204.85129479,7.166898420212891
1.414519425042018,0.943012950028012,10.369897538020242,64.15316491738965,302.51914167846303,56713.76702919155,7.07259712521009
1.5088207200448194,0.943012950028012,10.291463205484945,63.546488480162935,296.54813381915517,55410.771031320786,6.978295830207289
1.6031220150476206,0.943012950028012,10.217962364098405,63.14126527119927,291.61650124936654,54311.18074385448,6.883994535204487
1.697423310050422,0.943012950028012,10.150138429386129,62.62283026163236,287.66688839775014,53678.3460184698,6.789693240201687
1.791724605053223,0.943012950028012,10.09579873951908,62.34152895828485,285.7063194116334,53527.038739316726,6.695391945198885
1.886025900056024,0.943012950028012,10.030237473419309,61.84040934510228,278.61615322381533,51531.80115660966,6.601090650196084
1.9803271950588257,0.943012950028012,9.98482698812694,61.61187127454014,278.64873744212815,52072.98864417586,6.506789355193282
2.0746284900616265,0.943012950028012,9.929355614910987,61.15500295351562,272.1558386929805,50265.52692904952,6.412488060190482
2.168929785064428,0.943012950028012,9.8894644083073,60.92093826801573,274.18172031727596,51533.78149139104,6.31818676518768
2.263231080067229,0.943012950028012,9.854086125367738,60.70977044460888,271.2790723207489,50778.30590891415,6.22388547018488
2.35753237507003,0.943012950028012,9.814572019126752,60.46276353131315,268.11956982280043,50076.17247661983,6.129584175182078
2.4518336700728316,0.943012950028012,9.795182222377726,60.41775300665552,267.417995674916,50012.02241743207,6.035282880179277
2.5461349650756326,0.943012950028012,9.76986587470371,60.23951849215701,266.3067785596519,49875.743829861574,5.940981585176476
2.6404362600784337,0.943012950028012,9.755382575181814,60.20614941181192,266.162182879109,49912.42666687694,5.8466802901736745
2.734737555081235,0.943012950028012,9.736623162441608,60.196252234827725,269.8972248680121,51594.41343138302,5.752378995170873
2.829038850084036,0.943012950028012,9.730591088441912,60.1408462782573,267.3933954680016,50672.048587627694,5.658077700168072
2.9233401450868377,0.943012950028012,9.71773719244613,60.107674854188694,268.97280325791587,51408.57285198668,5.56377640516527
3.0176414400896387,0.943012950028012,9.71258020347534,60.07102142308297,265.41260042253816,50054.79727939071,5.4694751101624695
3.11194273509244,0.943012950028012,9.720651171675886,60.30093414854434,270.85562423196853,52093.078627409064,5.375173815159669
3.2062440300952413,0.943012950028012,9.738217411039985,60.54941239959015,274.43772490604084,53116.05892620269,5.2808725201568665
3.3005453250980423,0.943012950028012,9.741050176252918,60.6980062455158,279.2223228962822,54945.345439579134,5.186571225154066
3.394846620100844,0.943012950028012,9.753266523006364,60.821079507336634,282.0555928046362,55923.88795388891,5.092269930151264
3.489147915103645,0.943012950028012,9.767749625538404,60.95767553201956,279.0847635368261,54550.25962643121,4.997968635148463
3.583449210106446,0.943012950028012,9.792198322103706,61.28452694713215,290.8117594292395,58806.12696785823,4.903667340145662
3.6777505051092474,0.943012950028012,9.815698022539827,61.50945151818036,292.23079498443786,59038.88208333341,4.809366045142861
3.772051800112048,0.943012950028012,9.851730662336069,61.922229783668215,300.8020472579805,61875.31230670325,4.71506475014006
3.8663530951148495,0.943012950028012,9.87403088735362,62.06730631894402,294.17674598966283,58948.03464185138,4.620763455137259
3.960654390117651,0.943012950028012,9.91167655259267,62.501020518318974,300.88380260186057,61019.020079438465,4.526462160134457
4.0549556851204525,0.943012950028012,9.942902751102832,62.84224981075353,308.3639534905587,63558.79339929957,4.432160865131656
4.149256980123253,0.943012950028012,9.978125491731568,63.21419085785155,313.85948459621767,65210.1858180563,4.337859570128855
4.2435582751260545,0.943012950028012,10.043255413229067,63.8995100512368,321.9679777041523,67407.18075327652,4.243558275126054
4.337859570128856,0.943012950028012,10.072554411583852,64.072802455587,325.2335823620066,68348.99346720712,4.149256980123252
4.432160865131657,0.943012950028012,10.11631007598656,64.5399721388815,330.1937548451682,69692.96284179934,4.054955685120452
4.526462160134458,0.943012950028012,10.172646542459436,65.01799702948864,338.2872749141435,72080.52946005629,3.96065439011765
4.62076345513726,0.943012950028012,10.227788744878712,65.62963062773156,347.69156331871744,74958.99150128003,3.8663530951148486
4.71506475014006,0.943012950028012,10.280922653802866,66.07516716155166,349.81455540449423,74943.40932906314,3.772051800112048
4.809366045142862,0.943012950028012,10.348062472836538,66.81600848500801,365.9377956325385,80310.96937105052,3.6777505051092465
4.903667340145663,0.943012950028012,10.40474699936559,67.34356782273291,372.0290555314757,81818.41245711622,3.583449210106445
4.997968635148464,0.943012950028012,10.465515623916556,67.8466143876137,369.1723181146316,79759.31249218661,3.4891479151036444
5.092269930151265,0.943012950028012,10.544506380923943,68.62618177766149,386.33868254637014,85352.26968536292,3.394846620100843
5.186571225154067,0.943012950028012,10.5974506260301,69.08126840634299,392.8104603414405,87098.08143378807,3.3005453250980414
5.280872520156867,0.943012950028012,10.684177017612498,69.92628455895004,405.377548086144,90635.45980670225,3.206244030095241
5.375173815159669,0.943012950028012,10.75095473981037,70.50923793314676,416.6131729293595,94100.23011820736,3.1119427350924393
5.46947511016247,0.943012950028012,10.809975210483898,70.95882630820441,421.7637101225305,95204.36664375478,3.017641440089638
5.563776405165272,0.943012950028012,10.886255741918784,71.66857032177163,427.3857061894242,96241.1906244846,2.9233401450868364
5.658077700168072,0.943012950028012,10.965387917771714,72.3718765074486,442.8085149712271,101113.8862168372,2.8290388500840358
5.752378995170874,0.943012950028012,11.049416027117484,73.19732940800745,454.468484204742,104244.83085107133,2.7347375550812343
5.846680290173675,0.943012950028012,11.1394343540291,74.07671139770791,461.24604881809825,105386.34301828608,2.640436260078433
5.940981585176476,0.943012950028012,11.198308787526516,74.48919675081687,465.6675028736689,106267.11398100024,2.546134965075632
6.0352828801792775,0.943012950028012,11.300741218414382,75.52569909987095,492.10537699337186,114987.58386675266,2.4518336700728307
6.129584175182079,0.943012950028012,11.383338368836164,76.19465667631599,497.2944638001709,115632.786806125,2.357532375070029
6.22388547018488,0.943012950028012,11.473166602418084,76.97970139194089,503.9142108615006,116686.48777295082,2.2632310800672286
6.318186765187681,0.943012950028012,11.562517775300185,77.80379992617824,512.1881962236919,118417.30422488682,2.168929785064427
6.412488060190483,0.943012950028012,11.649435278833636,78.56499125234677,530.7050725877546,124251.72668644149,2.0746284900616256
6.506789355193283,0.943012950028012,11.746717707304054,79.49689747595595,540.22742299366,126157.26477841008,1.9803271950588253
6.601090650196085,0.943012950028012,11.853456391513912,80.55036197218035,573.6818316644565,137631.06449374795,1.8860259000560238
6.695391945198886,0.943012950028012,11.9386948115486,81.16728403357564,572.1726840142467,135449.55997778432,1.7917246050532223
6.789693240201688,0.943012950028012,12.019967083784596,81.78023099643599,570.5942797698758,133275.09230152605,1.6974233100504208
6.883994535204488,0.943012950028012,12.13383653040141,82.92754030420012,599.5137313134505,142618.48244438885,1.6031220150476202
6.97829583020729,0.943012950028012,12.238749739888137,83.90187009185831,620.3205514655245,148898.39093372689,1.5088207200448187
7.072597125210091,0.943012950028012,12.34477924376822,84.92409813177015,638.1615571264215,153971.65727161893,1.4145194250420172
7.166898420212892,0.943012950028012,12.431860968717585,85.50168794531768,650.7372640362121,157539.11360586865,1.3202181300392166
7.261199715215693,0.943012950028012,12.534438037021392,86.49671438878934,669.4029364324618,162859.92316930782,1.2259168350364151
7.355501010218495,0.943012950028012,12.632185662128425,87.3300896694728,678.0180016886709,164348.32834907278,1.1316155400336136
7.449802305221295,0.943012950028012,12.744620515548604,88.29975600456604,688.589955883664,166397.7293354751,1.037314245030813
7.544103600224097,0.943012950028012,12.848713537715486,89.16407790506639,707.8018968254461,171998.54954027338,0.9430129500280116
7.638404895226898,0.943012950028012,12.942645043118247,89.97192563250238,717.617517406502,173939.44106232148,0.8487116550252101
7.732706190229699,0.943012950028012,13.043966276564468,90.87050269280176,736.2582385697236,179268.23123965092,0.7544103600224095
7.8270074852325004,0.943012950028012,13.164336856017313,91.95372119031852,751.9581347411619,183063.2774941917,0.660109065019608
7.921308780235302,0.943012950028012,13.261599537279803,92.72733089822022,751.1443818883567,180777.19625995072,0.5658077700168065
8.015610075238103,0.943012950028012,13.364481583862696,93.5479252572326,786.7759309054419,192843.09236848785,0.4715064750140059
8.109911370240905,0.943012950028012,13.488295674191573,94.79852580050148,806.0687761989503,197858.05031841685,0.3772051800112035
8.204212665243706,0.943012950028012,13.574288659276515,95.34010625340308,821.7069564191843,202442.38875997125,0.2829038850084029
8.298513960246506,0.943012950028012,13.682482437901989,96.34068850227384,850.986241529675,211617.95810641104,0.1886025900056023
8.392815255249308,0.943012950028012,13.828811575085208,97.89075587774327,882.9367030682984,220919.17756493497,0.09430129500279993
8.487116550252109,0.943012950028012,13.926871159100974,98.49670789383956,867.3723845340826,212720.53971848084,-6.661338147750939e-16
0.0,1.0373142450308133,12.083345688784172,75.69389544556115,414.5997786459088,75459.4493020266,8.392815255249307
0.0943012950028012,1.0373142450308133,11.932510272826995,74.69836851580916,404.172032485384,73935.74490244381,8.298513960246506
0.1886025900056024,1.0373142450308133,11.800170603043355,73.80255670601017,393.6503478140606,72006.22256194861,8.204212665243704
0.2829038850084036,1.0373142450308133,11.647468097773034,72.78589637424358,385.23121144881134,71195.01342397075,8.109911370240903
0.3772051800112048,1.0373142450308133,11.504714089825166,71.69646955814186,371.8074540004691,68255.24383961977,8.015610075238103
0.471506475014006,1.0373142450308133,11.37718846904035,70.77793952843732,363.94973643592306,67324.15250241963,7.9213087802353
0.5658077700168073,1.0373142450308133,11.253720557235075,69.92862514535753,354.0389135477262,65149.72981215485,7.8270074852325
0.6601090650196084,1.0373142450308133,11.118792543245949,68.97189547093855,344.21451700905726,63352.13062154452,7.732706190229699
0.7544103600224097,1.0373142450308133,11.024601575975757,68.3725282348242,339.3158464381315,62814.345223283635,7.638404895226897
0.848711655025211,1.0373142450308133,10.917924559320296,67.59429577917955,333.54951674219944,62056.56037065452,7.544103600224096
0.943012950028012,1.0373142450308133,10.798073235837505,66.66911039544729,324.81497460240575,60417.69393004342,7.449802305221295
1.0373142450308133,1.0373142450308133,10.70331523962578,66.06552908231993,319.8731888993369,59774.790460730015,7.355501010218493
1.1316155400336143,1.0373142450308133,10.612203509274313,65.35579026516677,312.63367017789915,58221.235319401174,7.261199715215692
1.2259168350364158,1.0373142450308133,10.52430303196998,64.83938451198027,310.21708441395765,58420.16644959523,7.166898420212892
1.3202181300392168,1.0373142450308133,10.44446915108076,64.251542518001,301.02553135536687,55874.338688144504,7.072597125210089
1.414519425042018,1.0373142450308133,10.362189900617992,63.71931900524618,298.7708285659323,56055.30537622485,6.978295830207289
1.5088207200448194,1.0373142450308133,10.285743443138584,63.085495946883825,287.8446027200858,52780.24777860893,6.883994535204488
1.6031220150476206,1.0373142450308133,10.223339092303114,62.56260891730793,284.5949028284851,52391.17955629087,6.789693240201686
1.697423310050422,1.0373142450308133,10.159856023793102,62.144706234229815,280.37760628295604,51519.41721272962,6.695391945198885
1.791724605053223,1.0373142450308133,10.107732296967898,61.885559283157264,281.94360178497703,52715.56195278411,6.601090650196085
1.886025900056024,1.0373142450308133,10.050373586150323,61.422195014864975,274.4989169663095,50580.556218602134,6.506789355193282
1.9803271950588257,1.0373142450308133,10.000617551826227,61.11444876150372,272.1373768725628,50254.42647362665,6.412488060190482
2.0746284900616265,1.0373142450308133,9.963863643809674,60.88441804699616,270.4356639312155,50039.76837325219,6.318186765187681
2.168929785064428,1.0373142450308133,9.923548465170704,60.61961966634705,268.7598895087958,49886.81072068931,6.223885470184879
2.263231080067229,1.0373142450308133,9.898889582767769,60.50900484942855,268.5811621336437,50079.944414111975,6.129584175182078
2.35753237507003,1.0373142450308133,9.859433218107071,60.18929501638323,264.9831380492513,49207.35352328751,6.0352828801792775
2.4518336700728316,1.0373142450308133,9.837714270568688,60.03852267959374,268.9355431623533,51112.479414688634,5.940981585176475
2.5461349650756326,1.0373142450308133,9.822367122962287,60.033134431917595,264.81426709635565,49580.368472882445,5.8466802901736745
2.6404362600784337,1.0373142450308133,9.814033588315404,60.08669061173971,265.82599102580076,49988.76471011752,5.752378995170874
2.734737555081235,1.0373142450308133,9.80652834198284,60.071642266535385,265.9996116967937,50198.79575947573,5.6580777001680715
2.829038850084036,1.0373142450308133,9.79762158323136,59.99930366732848,265.5919420156446,50155.11799469605,5.563776405165271
2.9233401450868377,1.0373142450308133,9.798411062095855,60.10132506532696,267.87236615577683,50985.36968005045,5.469475110162469
3.0176414400896387,1.0373142450308133,9.805475109118644,60.20510995908762,272.19590112971616,52646.165158160555,5.375173815159668
3.11194273509244,1.0373142450308133,9.807032189395546,60.29540349838285,270.78561746095113,52038.34027222106,5.280872520156867
3.2062440300952413,1.0373142450308133,9.805869942088483,60.35697282910748,272.1669434582178,52529.52150821453,5.186571225154065
3.3005453250980423,1.0373142450308133,9.825649722325588,60.50716061614189,274.377206023601,53204.18254961452,5.092269930151264
3.394846620100844,1.0373142450308133,9.838358084531132,60.70603439547284,279.28418373723184,54937.73642108051,4.997968635148464
3.489147915103645,1.0373142450308133,9.85823176760594,60.86225177376643,279.89770516442576,54901.21783544798,4.903667340145661
3.583449210106446,1.0373142450308133,9.889478542280772,61.21276686255561,288.94215977004745,58069.86970321452,4.809366045142861
3.6777505051092474,1.0373142450308133,9.91054718184601,61.46246827059565,290.6736525962129,58477.63620518666,4.71506475014006
3.772051800112048,1.0373142450308133,9.952038921579591,61.833212719938,292.6362543206818,58618.74770213434,4.62076345513726
3.8663530951148495,1.0373142450308133,9.979479017911256,62.125295867146875,296.9355121765108,59957.44987522942,4.526462160134457
3.960654390117651,1.0373142450308133,10.014279737169248,62.45641324352171,302.819413455387,61830.998482021314,4.432160865131657
4.0549556851204525,1.0373142450308133,10.049762170774336,62.84421838826909,309.2357192363884,63846.75813904685,4.337859570128854
4.149256980123253,1.0373142450308133,10.098951994804509,63.28698088627256,313.11837993992634,64636.77451634507,4.243558275126054
4.2435582751260545,1.0373142450308133,10.157214705327778,63.92877541220565,322.5427210126294,67462.66916235026,4.149256980123253
4.337859570128856,1.0373142450308133,10.200224078462456,64.29194388015401,330.83831680793935,70154.03370242605,4.054955685120451
4.432160865131657,1.0373142450308133,10.254675907312633,64.78842987759697,335.5075472752942,71199.9010389712,3.9606543901176505
4.526462160134458,1.0373142450308133,10.306621821234293,65.31901176128235,344.29731344800194,73969.7880505373,3.866353095114849
4.62076345513726,1.0373142450308133,10.355620792324334,65.70677960556642,348.6949184008981,74992.73436697105,3.7720518001120475
4.71506475014006,1.0373142450308133,10.425350545261066,66.35433483703059,354.0223848059381,76055.4462804813,3.677750505109247
4.809366045142862,1.0373142450308133,10.470419447145463,66.75365164571859,355.35888780696035,75877.2806593458,3.5834492101064455
4.903667340145663,1.0373142450308133,10.54416274394799,67.5077360786469,373.1767055748731,81865.79482047363,3.489147915103644
4.997968635148464,1.0373142450308133,10.60726062396884,68.02411634328996,370.0576901974304,79594.46400509599,3.3948466201008434
5.092269930151265,1.0373142450308133,10.671200492406731,68.57775494047563,380.62759328128175,82870.65373681273,3.300545325098042
5.186571225154067,1.0373142450308133,10.743134292752565,69.34318477823686,400.559836763724,89567.29692920242,3.2062440300952404
5.280872520156867,1.0373142450308133,10.818360953849954,70.03678889832517,414.6051022469127,94026.00248457014,3.11194273509244
5.375173815159669,1.0373142450308133,10.893469935004177,70.63588399414623,413.8464303400627,92580.13459105576,3.0176414400896383
5.46947511016247,1.0373142450308133,10.968201191557062,71.33810735662281,421.61876897041185,94368.15962580184,2.923340145086837
5.563776405165272,1.0373142450308133,11.05557058450468,72.19338416079074,476.7482723680963,114971.73684243156,2.8290388500840353
5.658077700168072,1.0373142450308133,11.123374547788355,72.71353428854734,441.1996560103096,99673.82206973791,2.7347375550812347
5.752378995170874,1.0373142450308133,11.215386243294011,73.56800644125951,468.08645381435446,108847.41477901363,2.6404362600784332
5.846680290173675,1.0373142450308133,11.291108176338566,74.22310412330499,464.71682040589224,106192.2806756033,2.5461349650756318
5.940981585176476,1.0373142450308133,11.39026875348155,75.29713978047322,494.44878419582665,116274.29900445943,2.451833670072831
6.0352828801792775,1.0373142450308133,11.457360554244994,75.75438154497297,485.9785792059316,111890.25473538128,2.3575323750700297
6.129584175182079,1.0373142450308133,11.54448878049707,76.49644514234521,502.0717965129671,116768.6403759929,2.263231080067228
6.22388547018488,1.0373142450308133,11.643396552250822,77.40849293805488,510.8341641225631,118463.28483537029,2.1689297850644276
6.318186765187681,1.0373142450308133,11.73024215967433,78.19366148880263,516.5005430528488,119188.8366847,2.074628490061626
6.412488060190483,1.0373142450308133,11.81675004634116,78.8999039269311,533.0174988808417,124306.87514409072,1.9803271950588246
6.506789355193283,1.0373142450308133,11.923240766057036,79.91055222951218,547.2387098000708,128006.0419768168,1.886025900056024
6.601090650196085,1.0373142450308133,12.008563716873022,80.69676156474128,561.8528741965829,132322.12253395614,1.7917246050532225
6.695391945198886,1.0373142450308133,12.108424211121095,81.48572587503027,592.2589085283462,142646.48038046097,1.697423310050421
6.789693240201688,1.0373142450308133,12.199456049094389,82.23924671996531,585.1546369428396,138099.77342086154,1.6031220150476195
6.883994535204488,1.0373142450308133,12.296062889922151,83.08722271526275,596.265025977233,140699.0239173234,1.508820720044819
6.97829583020729,1.0373142450308133,12.40531512603376,84.11716647127315,622.2467584088677,148943.62229096924,1.4145194250420174
7.072597125210091,1.0373142450308133,12.490955077309184,84.78966185191904,623.8196849837952,148001.4873542501,1.320218130039216
7.166898420212892,1.0373142450308133,12.603469965307587,85.80878262943946,649.1438979211845,155898.92152215465,1.2259168350364154
7.261199715215693,1.0373142450308133,12.683964170392084,86.469818997897,658.6723358441294,158164.8529041158,1.1316155400336139
7.355501010218495,1.0373142450308133,12.799651976780549,87.56698258542701,676.9730938670727,163135.62475025095,1.0373142450308124
7.449802305221295,1.0373142450308133,12.923183683430976,88.70804576473736,707.3423059390668,172822.17420133905,0.9430129500280118
7.544103600224097,1.0373142450308133,13.006389408838414,89.31873329791523,702.2745821777216,169175.03148674994,0.8487116550252103
7.638404895226898,1.0373142450308133,13.108379769093348,90.05249635834886,735.1567386130873,180309.3118546104,0.7544103600224088
7.732706190229699,1.0373142450308133,13.220169351245053,91.21508246715656,743.3968538464404,181217.63093449577,0.6601090650196082
7.8270074852325004,1.0373142450308133,13.344357311532445,92.29356460387967,765.745561088947,187628.83618995995,0.5658077700168067
7.921308780235302,1.0373142450308133,13.44724157685962,93.15210559827636,765.9573414477468,185526.7760368196,0.4715064750140052
8.015610075238103,1.0373142450308133,13.557288899452876,94.07820827209244,809.3210869873399,200550.1206986747,0.3772051800112046
8.109911370240905,1.0373142450308133,13.6635263103436,94.93616257190018,855.0789220129847,216621.0967021107,0.28290388500840224
8.204212665243706,1.0373142450308133,13.78396074872378,96.18014274605154,820.7757231843588,200094.7662454365,0.18860259000560164
8.298513960246506,1.0373142450308133,13.88777357007968,96.9042873899076,841.716436231197,206391.45457149655,0.09430129500280104
8.392815255249308,1.0373142450308133,14.003247001821745,97.94441817856224,863.4695424290265,212440.59607985255,-1.3322676295501878e-15
0.0,1.1316155400336143,12.01903794147634,75.17134760281093,408.8911597260092,74294.50608561256,8.298513960246506
0.0943012950028012,1.1316155400336143,11.86200700455558,74.03927283242567,397.15364914495814,72559.44263230436,8.204212665243706
0.1886025900056024,1.1316155400336143,11.709028478474702,72.96454243208814,384.5576670442017,70085.67298542068,8.109911370240903
0.2829038850084036,1.1316155400336143,11.5917850822756,72.12764644449439,375.446738695654,68560.2748501388,8.015610075238103
0.3772051800112048,1.1316155400336143,11.460109210426888,71.24980597150514,368.7970002571447,68032.01496614463,7.921308780235302
0.471506475014006,1.1316155400336143,11.325554524732707,70.17331860419637,356.21989620720075,65307.80268406884,7.8270074852325
0.5658077700168073,1.1316155400336143,11.20886053196021,69.4727734107104,349.7830200860408,64457.78762182591,7.732706190229699
0.6601090650196084,1.1316155400336143,11.09072614320926,68.46241939511253,340.1069576114628,62673.498632171824,7.638404895226898
0.7544103600224097,1.1316155400336143,10.980609533924303,67.7116043940859,333.2721816727894,61560.140299082464,7.544103600224096
0.848711655025211,1.1316155400336143,10.87072932757301,66.88489717847865,324.492988584081,59773.88715349901,7.449802305221295
0.943012950028012,1.1316155400336143,10.767610940793949,66.15571344122799,316.76648252468675,58199.86751870409,7.355501010218495
1.0373142450308133,1.1316155400336143,10.679246326740625,65.46162604013938,308.96021981637676,56416.003307059946,7.261199715215692
1.1316155400336143,1.1316155400336143,10.593418466049403,64.91803300305983,306.8126723600868,56744.34482516266,7.166898420212892
1.2259168350364158,1.1316155400336143,10.517310079184078,64.28421139692489,298.93396664119444,54706.318027428955,7.072597125210091
1.3202181300392168,1.1316155400336143,10.428995863443845,63.669972770670526,291.917219160797,53120.243370880904,6.978295830207289
1.414519425042018,1.1316155400336143,10.363424060237628,63.16932794884584,290.1128374884615,53411.63109658061,6.883994535204488
1.5088207200448194,1.1316155400336143,10.284775296512285,62.57177310400386,282.9462172276032,51605.10850534496,6.789693240201687
1.6031220150476206,1.1316155400336143,10.234323840417693,62.289988295884456,282.44761454876664,52078.46014363163,6.695391945198885
1.697423310050422,1.1316155400336143,10.18717911644153,62.01524688411349,280.04712572293886,51714.08919781252,6.601090650196085
1.791724605053223,1.1316155400336143,10.118742423545314,61.43489244818964,273.7417630600742,50168.01022596458,6.506789355193283
1.886025900056024,1.1316155400336143,10.084703700718684,61.180987675997955,271.41842188099963,49714.69580355165,6.412488060190482
1.9803271950588257,1.1316155400336143,10.039525345544622,60.866580554358535,271.02009085774944,50221.3674252988,6.31818676518768
2.0746284900616265,1.1316155400336143,9.990468350968934,60.50483810891957,264.7054384574485,48322.32475735453,6.22388547018488
2.168929785064428,1.1316155400336143,9.963264837793824,60.31752116427617,265.7864442552594,49177.66676009542,6.129584175182078
2.263231080067229,1.1316155400336143,9.939514464094492,60.19042818721563,265.9651910553175,49559.64483262978,6.0352828801792775
2.35753237507003,1.1316155400336143,9.91379915593472,60.01663699178438,263.59052074488267,48877.204862603096,5.940981585176476
2.4518336700728316,1.1316155400336143,9.894204520459567,59.923869184600704,260.7341438175146,47995.777637208725,5.8466802901736745
2.5461349650756326,1.1316155400336143,9.876394375360936,59.813870214617125,262.0502188177419,48758.91726788677,5.752378995170874
2.6404362600784337,1.1316155400336143,9.874990052124678,59.85338529630722,262.6479737850499,49053.75618606952,5.658077700168072
2.734737555081235,1.1316155400336143,9.871388698313892,59.82523216522311,264.4503364238603,49854.12933747658,5.563776405165271
2.829038850084036,1.1316155400336143,9.868155434478725,59.84471439877764,263.11394679035175,49319.30825829237,5.46947511016247
2.9233401450868377,1.1316155400336143,9.866295703969683,59.862135343482734,261.74900987793177,48749.20607593869,5.375173815159668
3.0176414400896387,1.1316155400336143,9.87856361672296,60.11164631635292,268.01592315545673,51078.304022265394,5.280872520156867
3.11194273509244,1.1316155400336143,9.889586635219564,60.222581662962,268.251422658901,51009.20767535647,5.186571225154067
3.2062440300952413,1.1316155400336143,9.879031410078186,60.025007728626505,267.5727849651516,51027.84380935165,5.092269930151264
3.3005453250980423,1.1316155400336143,9.918079056526109,60.50391434363155,273.25883954711105,52689.17257806006,4.997968635148464
3.394846620100844,1.1316155400336143,9.933554651608784,60.66073143677997,276.5292627389375,53752.46284473983,4.903667340145662
3.489147915103645,1.1316155400336143,9.95990469880325,60.93182952997114,279.5330161783829,54597.560006126194,4.809366045142861
3.583449210106446,1.1316155400336143,9.984567868437551,61.1936188097748,286.01755275365883,56830.47233003292,4.71506475014006
3.6777505051092474,1.1316155400336143,10.011754499176051,61.49887346396928,288.18391322630384,57322.92022592438,4.620763455137259
3.772051800112048,1.1316155400336143,10.048388287238115,61.8607873205361,291.9287552337268,58262.60841298167,4.526462160134458
3.8663530951148495,1.1316155400336143,10.080164147518984,62.13109054377589,295.15705945330944,59141.24866875544,4.432160865131657
3.960654390117651,1.1316155400336143,10.132239938401106,62.605976843114675,303.0143029425657,61516.028287100205,4.337859570128855
4.0549556851204525,1.1316155400336143,10.17643671084302,63.05881797182355,307.27496596736415,62538.01319698514,4.243558275126054
4.149256980123253,1.1316155400336143,10.218048117721809,63.39864356517401,312.98286332612435,64289.91251738055,4.149256980123253
4.2435582751260545,1.1316155400336143,10.268891762449565,63.826747489417514,313.16253182211346,63649.90944549052,4.054955685120452
4.337859570128856,1.1316155400336143,10.321291633323389,64.42854131372937,326.8470780420044,68267.22804738164,3.96065439011765
4.432160865131657,1.1316155400336143,10.366346443273605,64.78129076038836,329.2357065142582,68576.62945927876,3.8663530951148495
4.526462160134458,1.1316155400336143,10.43248237092932,65.44747173526311,346.52591280284275,74465.80967092694,3.772051800112048
4.62076345513726,1.1316155400336143,10.486511762849446,65.88711974704808,343.8889586209276,72605.05053605545,3.6777505051092465
4.71506475014006,1.1316155400336143,10.555946598691234,66.54641103029442,358.3936556407595,77296.45374097796,3.583449210106446
4.809366045142862,1.1316155400336143,10.613910054744377,67.05291026436159,361.54072607206376,77790.13679284959,3.4891479151036444
4.903667340145663,1.1316155400336143,10.69017179090518,67.80747425938264,372.6723088244096,80944.663017155,3.394846620100843
4.997968635148464,1.1316155400336143,10.744455112911812,68.18408273571528,375.10040887149694,81123.14503488305,3.3005453250980423
